Type,Title,Dubbed From,Ownership,Language,Country,Date Added,Live Status,Primary Genre,Secondary Genre,Final Genre,Theatrical Release Year,Age Rating,Age score,Run Time,RUN TIME,IMDB Rating,Cast,Synopsis,Keywords2,Keywords3,Keywords4,Keywords5,Age Rating Numeric
Shows,Hello!,,Original,Bengali,India,25-09-2017,Yes,Thriller,,Thriller,,A 18+,5,147 mins,147,8,"Raima Sen, Priyanka Sarkar, Joy Sengupta, Saheb Bhattacharya, Pamela Bhutoria","Nandita starts receiving MMS of her husband's extramarital affair with a mysterious woman Nina. As she tries to identify the sender, she finds herself in a maze.",nandita starts receiving mms her husbands extramarital affair mysterious woman nina she tries identify sender she finds herself maze,nandita starts receiving mms her,"nandita,starts,receiving,mms,her,husbands,extramarital,affair,mysterious,woman,nina,she,tries,identify,sender,she,finds,herself,maze","nandita,starts,receiving,mms,husbands,extramarital,affair,mysterious,woman,nina,she,tries,identify,sender,she,finds,herself,maze",18
Shows,Cartoon,,Original,Bengali,India,26-09-2017,Yes,Horror,,Horror,,U/A 16+,4,128 mins,128,5.9,"Paayel Sarkar, Mainak Banerjee",Cartoonist Aritra’s life turns upside down when mysterious things start happening in his new apartment. Mayhem ensues when a paranormal activist dies suddenly.,cartoonist aritras life turns upside down when mysterious things start happening his new apartment mayhem ensues when paranormal activist dies suddenly,cartoonist aritras life turns upside,"cartoonist,aritras,life,turns,upside,down,when,mysterious,things,start,happening,his,new,apartment,mayhem,ensues,when,paranormal,activist,dies,suddenly","cartoonist,aritras,life,turns,upside,down,mysterious,things,start,happening,new,apartment,mayhem,ensues,paranormal,activist,dies,suddenly",16
Shows,Holy Faak,,Original,Bengali,India,26-09-2017,Yes,Romantic,Comedy,Romantic Comedy,,A 18+,5,161 mins,161,5.1,"Soumya Mukherji, Anamika Chakraborty, Paran Bandopadhyay, Ratna Ghoshal",Lovers turn haters when Diya breaks up with Indra to marry a guy chosen by her father. “Holy Faak” presented by hoichoi is here to turn the world upside down!,lovers turn haters when diya breaks up indra marry guy chosen her father holy faak presented hoichoi here turn world upside down,lovers turn haters when diya,"lovers,turn,haters,when,diya,breaks,up,indra,marry,guy,chosen,her,father,holy,faak,presented,hoichoi,here,turn,world,upside,down","lovers,turn,haters,diya,breaks,up,indra,marry,guy,chosen,father,holy,faak,presented,hoichoi,turn,world,upside,down",18
Shows,Dupur Thakurpo,,Original,Bengali,India,10-01-2017,Yes,Comedy,Adult,Comedy Adult,,A 18+,5,196 mins,196,4,"Swastika Mukherjee, Abhijit Guha, Anindya Chatterjee","When Jibon babu brings home a vivacious wife called Uma, inappropriate things start happening as she becomes the fantasy and obsession of the other young tenants in the house.",when jibon babu brings home vivacious wife called uma inappropriate things start happening she becomes fantasy obsession other young tenants house,when jibon babu brings home,"when,jibon,babu,brings,home,vivacious,wife,called,uma,inappropriate,things,start,happening,she,becomes,fantasy,obsession,other,young,tenants,house","jibon,babu,brings,home,vivacious,wife,called,uma,inappropriate,things,start,happening,she,becomes,fantasy,obsession,other,young,tenants,house",18
Shows,Byomkesh,,Original,Bengali,India,14-10-2017,Yes,Detective,Mystery,Detective Mystery,,U/A 7+,2,112 mins,112,8.2,"Anirban Bhattacharya, Subrat Dutta, Ridhima Ghosh","Set in the 1930s, the series is based on the adventures of Byomkesh and his friend and biographer Ajit, who accompanies Bakshi during his investigations.",set 1930s series based adventures byomkesh his friend biographer ajit who accompanies bakshi during his investigations,set 1930s series based adventures,"set,1930s,series,based,adventures,byomkesh,his,friend,biographer,ajit,who,accompanies,bakshi,during,his,investigations","set,1930s,series,based,adventures,byomkesh,friend,biographer,ajit,who,accompanies,bakshi,during,investigations",7
Shows,Paranoia,,Original,Bengali,India,11-12-2017,Yes,Horror,Psychological,Horror Psychological,,A 18+,5,79 mins,79,,"Kamaleswar Mukherjee, Saayoni Ghosh, Rayati Battacharya Basu, Anindya Sain","A collection of stories of four people dealing with human emotions entrapped in a continuous maze of dilutions, unjustified, and betrayal from the surrounding.",collection stories four people dealing human emotions entrapped continuous maze dilutions unjustified betrayal surrounding,collection stories four people dealing,"collection,stories,four,people,dealing,human,emotions,entrapped,continuous,maze,dilutions,unjustified,betrayal,surrounding","collection,stories,four,people,dealing,human,emotions,entrapped,continuous,maze,dilutions,unjustified,betrayal,surrounding",18
Shows,Stand up,,Original,Bengali,India,11-12-2017,Yes,Reality TV,Stand-up comedy,Reality TV Stand-up comedy,,A 18+,5,42 mins,42,,"Chandradoy Pal, Dipangshu Acharya, Yashoroop Dey","Enjoy a fun ride with an outburst of comedy that will leave you in splits, with significance of pre-existing notions adding to the wit. Enjoyment is guaranteed!",enjoy fun ride outburst comedy will leave you splits significance preexisting notions adding wit enjoyment guaranteed,enjoy fun ride outburst comedy,"enjoy,fun,ride,outburst,comedy,will,leave,you,splits,significance,preexisting,notions,adding,wit,enjoyment,guaranteed","enjoy,fun,ride,outburst,comedy,leave,you,splits,significance,preexisting,notions,adding,wit,enjoyment,guaranteed",18
Shows,Bhootoorey,,Original,Bengali,India,11-12-2017,Yes,Horror,,Horror,,U/A 16+,4,70 mins,70,6.4,"Jit Das, Triparna Bardhan, Rob Dey, Sharmistha Pandey","Following four friends in quest for the supernatural across various popular ""haunted"" places of West Bengal, the series takes us on a chilling journey.",following four friends quest supernatural across various popular haunted places west bengal series takes us chilling journey,following four friends quest supernatural,"following,four,friends,quest,supernatural,across,various,popular,haunted,places,west,bengal,series,takes,us,chilling,journey","following,four,friends,quest,supernatural,across,various,popular,haunted,places,west,bengal,series,takes,us,chilling,journey",16
Shows,Bouma Detective,,Original,Bengali,India,12-03-2017,Yes,Detective,Mystery,Detective Mystery,,U/A 16+,4,166 mins,166,6.2,"Aparajita Addhya, Rohit Roy","Simple homemaker Rohini decides to take on the role of a detective, after her superstar husband Ranojay is accused of murdering his co-actor.",simple homemaker rohini decides take role detective after her superstar husband ranojay accused murdering his coactor,simple homemaker rohini decides take,"simple,homemaker,rohini,decides,take,role,detective,after,her,superstar,husband,ranojay,accused,murdering,his,coactor","simple,homemaker,rohini,decides,take,role,detective,after,superstar,husband,ranojay,accused,murdering,coactor",16
Shows,Gariahater Ganglords,,Original,Bengali,India,13-01-2018,Yes,Comedy,,Comedy,,A 18+,5,209 mins,209,4.8,"Sourav Das, Anindita Bose, Ayan Bhattacharjee, Debmalya Gupta","Buchku comes to Kolkata for higher studies, and starts staying with his cousin Jonny and his friend Bunty. Little does he know, that they are gangsters!",buchku comes kolkata higher studies starts staying his cousin jonny his friend bunty little does he know they are gangsters,buchku comes kolkata higher studies,"buchku,comes,kolkata,higher,studies,starts,staying,his,cousin,jonny,his,friend,bunty,little,does,he,know,they,are,gangsters","buchku,comes,kolkata,higher,studies,starts,staying,cousin,jonny,friend,bunty,little,he,know,they,gangsters",18
Shows,Six,,Original,Bengali,India,20-01-2018,Yes,Thriller,Psychological,Thriller Psychological,,U/A 16+,4,222 mins,222,6.1,"Nishan Nanaiah, Darshana, Silajit Majumder","Soumyojit Ray’s life turns upside down, when his wife suddenly dies and he gets accused. hoichoi Originals presents Six, a never-seen-before psycho-thriller.",soumyojit rays life turns upside down when his wife suddenly dies he gets accused hoichoi originals presents six neverseenbefore psychothriller,soumyojit rays life turns upside,"soumyojit,rays,life,turns,upside,down,when,his,wife,suddenly,dies,he,gets,accused,hoichoi,originals,presents,six,neverseenbefore,psychothriller","soumyojit,rays,life,turns,upside,down,wife,suddenly,dies,he,gets,accused,hoichoi,originals,presents,six,neverseenbefore,psychothriller",16
Shows,Ha Ja Ba Ra La,,Original,Bengali,India,03-07-2018,Yes,Reality TV,Stand-up comedy,Reality TV Stand-up comedy,,A 18+,5,70 mins,70,,"Ambarish Bhattacharya, Saurav Palodhi, Abhimanyu Mukherjee, Ritabrata Dass, Subhadip Ghosh","hoichoi Originals presents Ha Ja Ba Ra La. Be ready for a riot of laughter by Ambarish Bhattacharya, Abhimanyu Mukherjee, Saurav Palodhi, Ritabrata Dass & Shubhodip Ghosh.",hoichoi originals presents ha ja ba ra la ready riot laughter ambarish bhattacharya abhimanyu mukherjee saurav palodhi ritabrata dass shubhodip ghosh,hoichoi originals presents ha ja,"hoichoi,originals,presents,ha,ja,ba,ra,la,ready,riot,laughter,ambarish,bhattacharya,abhimanyu,mukherjee,saurav,palodhi,ritabrata,dass,shubhodip,ghosh","hoichoi,originals,presents,ha,ja,ba,ra,la,ready,riot,laughter,ambarish,bhattacharya,abhimanyu,mukherjee,saurav,palodhi,ritabrata,dass,shubhodip,ghosh",18
Shows,Eken Babu,,Original,Bengali,India,03-09-2018,Yes,Detective,Comedy,Detective Comedy,,U/A 7+,2,212 mins,212,8,"Anirban Chakrabarti, Shoumo Banerjee, Debapriyo Bagchi","hoichoi Originals presents ‘Eken Babu’ featuring a man with a quirky persona, who lands up in an apartment in Bangalore, much to the annoyance of its residents.",hoichoi originals presents eken babu featuring man quirky persona who lands up apartment bangalore much annoyance its residents,hoichoi originals presents eken babu,"hoichoi,originals,presents,eken,babu,featuring,man,quirky,persona,who,lands,up,apartment,bangalore,much,annoyance,its,residents","hoichoi,originals,presents,eken,babu,featuring,man,quirky,persona,who,lands,up,apartment,bangalore,much,annoyance,residents",7
Shows,Kairong Mothey Gogol,,Original,Bengali,India,24-03-2018,Yes,Detective,Mystery,Detective Mystery,,U,1,64 mins,64,5.4,"Swarnavo Sanyal, Subhrojit Dutta, Kamalika Banerjee, Kaushik Chakroborty","Gogol is all set for a trip to the picturesque Sikkim with his parents. Little does the young boy know, of the mystery that awaits him from the moment his trip begins.",gogol all set trip picturesque sikkim his parents little does young boy know mystery awaits him moment his trip begins,gogol all set trip picturesque,"gogol,all,set,trip,picturesque,sikkim,his,parents,little,does,young,boy,know,mystery,awaits,him,moment,his,trip,begins","gogol,all,set,trip,picturesque,sikkim,parents,little,young,boy,know,mystery,awaits,him,moment,trip,begins",0
Shows,Japani Toy,,Original,Bengali,India,05-12-2018,Yes,Comedy,Adult,Comedy Adult,,A 18+,5,170 mins,170,5.9,"Rajdeep Gupta, Ishaa Saha, Rajat Ganguly, Kaushili Guha",What happens when you want to open a sex toy shop in Kolkata? Watch this hoichoi Original social satire.,what happens when you want open sex toy shop kolkata watch hoichoi original social satire,what happens when you want,"what,happens,when,you,want,open,sex,toy,shop,kolkata,watch,hoichoi,original,social,satire","what,happens,you,want,open,sex,toy,shop,kolkata,watch,hoichoi,original,social,satire",18
Shows,Magic #hoyejak,,Original,Bengali,India,16-06-2018,Yes,Reality TV,Magic Show,Reality TV Magic Show,,A 18+,5,111 mins,111,,Tapabrata Chakraborty,"TC The Mentalist is here with his captivating skills of sorcery to leave you spellbound! Hoichoi takes magic a notch higher, with its new show ‘Magic #hoyejak’!",tc mentalist here his captivating skills sorcery leave you spellbound hoichoi takes magic notch higher its new show magic hoyejak,tc mentalist here his captivating,"tc,mentalist,here,his,captivating,skills,sorcery,leave,you,spellbound,hoichoi,takes,magic,notch,higher,its,new,show,magic,hoyejak","tc,mentalist,captivating,skills,sorcery,leave,you,spellbound,hoichoi,takes,magic,notch,higher,new,show,magic,hoyejak",18
Shows,Shei Je Holud Pakhi,,Original,Bengali,India,30-06-2018,Yes,Thriller,Psychological,Thriller Psychological,,A 18+,5,197 mins,197,7.1,"Saswata Chatterjee, Tridha Choudhury, Gourab Chatterjee, Kaushik Sen","Somnath lost his daughter whose music is now his only resort. But, what if they lead to a cacophony of mysterious strains? Presenting hoichoi’s first musical-thriller!",somnath lost his daughter whose music now his only resort but what if they lead cacophony mysterious strains presenting hoichois first musicalthriller,somnath lost his daughter whose,"somnath,lost,his,daughter,whose,music,now,his,only,resort,but,what,if,they,lead,cacophony,mysterious,strains,presenting,hoichois,first,musicalthriller","somnath,lost,daughter,whose,music,now,only,resort,but,what,if,they,lead,cacophony,mysterious,strains,presenting,hoichois,first,musicalthriller",18
Shows,Dark Web,,Original,Bengali,India,08-04-2018,Yes,Thriller,Psychological,Thriller Psychological,,A 18+,5,151 mins,151,6.2,"Shaheb Bhattacharya, Sampurna Lahiri",Indra unwittingly hacks into an anonymous portal while searching for new video games. He soon realises that he is now a victim to a threat known as the Dark Web.,indra unwittingly hacks into anonymous portal while searching new video games he soon realises he now victim threat known dark web,indra unwittingly hacks into anonymous,"indra,unwittingly,hacks,into,anonymous,portal,while,searching,new,video,games,he,soon,realises,he,now,victim,threat,known,dark,web","indra,unwittingly,hacks,into,anonymous,portal,while,searching,new,video,games,he,soon,realises,he,now,victim,threat,known,dark,web",18
Shows,Mismatch,,Original,Bengali,India,15-09-2018,Yes,Comedy,Adult,Comedy Adult,,A 18+,5,133 mins,133,4.7,"Rajdeep Gupta, Rachel White, Mainak Banerjee, Supurna Malakar",Diana adds some spice to her life by indulging in a friendly couple swapping. Will things go as per the plan? Watch “Mismatch” to unlock the answers.,diana adds some spice her life indulging friendly couple swapping will things go per plan watch mismatch unlock answers,diana adds some spice her,"diana,adds,some,spice,her,life,indulging,friendly,couple,swapping,will,things,go,per,plan,watch,mismatch,unlock,answers","diana,adds,some,spice,life,indulging,friendly,couple,swapping,things,go,per,plan,watch,mismatch,unlock,answers",18
Shows,Charitraheen,,Original,Bengali,India,29-09-2018,Yes,Drama,,Drama,,A 18+,5,218 mins,218,5,"Naina Ganguly, Gourab Chatterjee, Abhishek Singh, Ankita, Sourav Das, Debaprasad, Sreetama, Saayoni Ghosh, Soumendra Bhattacharya","hoichoi Originals presents “Charitraheen”, based on the novel by Sarat Chandra Chattopadhyay, with the twists and turns to be much in sync with today’s world.",hoichoi originals presents charitraheen based novel sarat chandra chattopadhyay twists turns much sync todays world,hoichoi originals presents charitraheen based,"hoichoi,originals,presents,charitraheen,based,novel,sarat,chandra,chattopadhyay,twists,turns,much,sync,todays,world","hoichoi,originals,presents,charitraheen,based,novel,sarat,chandra,chattopadhyay,twists,turns,much,sync,todays,world",18
Shows,Do Not Disturb,,Original,Bengali,India,12-08-2018,Yes,Drama,Mystery,Drama Mystery,,U/A 16+,4,159 mins,159,4.3,"Anindya Banerjee, Sudipta Chakraborty, Rwitobroto Mukherjee, Soham Maitra, Remo, Debjani Kar, June Malia, Anusha Vishwanath, Mrinalkanti Dutta, Debopriyo Mukherjee, Debleena Sen, Gourab Chatterjee, Ratashree Dutta, Sourav Saha, Priyanka Mondol, Darshana Banik, Aryan Roy, Rana JLT","Privacy is needed by all, but can all enter the private zone? hoichoi presents “Do Not Disturb” narrating six stories happening in six rooms. Will you check in?",privacy needed all but can all enter private zone hoichoi presents do not disturb narrating six stories happening six rooms will you check,privacy needed all but can,"privacy,needed,all,but,can,all,enter,private,zone,hoichoi,presents,do,not,disturb,narrating,six,stories,happening,six,rooms,will,you,check","privacy,needed,all,but,all,enter,private,zone,hoichoi,presents,disturb,narrating,six,stories,happening,six,rooms,you,check",16
Shows,Dhanbad Blues,,Original,Bengali,India,15-12-2018,Yes,Thriller,Crime,Thriller Crime,,A 18+,5,194 mins,194,5.1,"Rajatava Dutta, Solanki Roy, Rupanjana Mitra, Sritama Dey, Aparajita Addhya",Mrinal Sen is a failed director whose life takes a turn when he gets an opportunity to direct a film in Jharkhand. hoichoi presents web-series “Dhanbad Blues”.,mrinal sen failed director whose life takes turn when he gets opportunity direct film jharkhand hoichoi presents webseries dhanbad blues,mrinal sen failed director whose,"mrinal,sen,failed,director,whose,life,takes,turn,when,he,gets,opportunity,direct,film,jharkhand,hoichoi,presents,webseries,dhanbad,blues","mrinal,sen,failed,director,whose,life,takes,turn,he,gets,opportunity,direct,film,jharkhand,hoichoi,presents,webseries,dhanbad,blues",18
Shows,Taranath Tantrik,,Original,Bengali,India,18-01-2019,Yes,Horror,Mythological,Horror Mythological,,A 18+,5,190 mins,190,5.2,"Jayant Kripalani, Kaushik Roy, Satrajit Sarkar, Joyraj Bhattacharya, Saloni Pandey, Uma Banerjee,Gitanjali Dang","Dig in the mystery of Taranath Tantrik as you experience the other-world with him. Directed by Q, the web-series promises horror like never before.",dig mystery taranath tantrik you experience otherworld him directed q webseries promises horror like never before,dig mystery taranath tantrik you,"dig,mystery,taranath,tantrik,you,experience,otherworld,him,directed,q,webseries,promises,horror,like,never,before","dig,mystery,taranath,tantrik,you,experience,otherworld,him,directed,q,webseries,promises,horror,like,never,before",18
Shows,Paanch Phoron,,Original,Bengali,India,14-02-2019,Yes,Romantic,Drama,Romantic Drama,,U/A 13+,3,196 mins,196,,"Krittika Chakraborty, Rohit Samanta, Debparna Chakraborty, Shiam Ahmed, Masuma Rahman Nabila, Rawnak Hasan, Zakia Bari Momo, Jaya Ahsan, Vikram Chatterjee, Anirban Bhattacharya, Sohag Sen, Riddhi Sen, Rajnandini Paul","Five directors come together to narrate five different romantic tales, with the essential ingredient called “Love”. Hoichoi presents “Paanch Phoron”.",five directors come together narrate five different romantic tales essential ingredient called love hoichoi presents paanch phoron,five directors come together narrate,"five,directors,come,together,narrate,five,different,romantic,tales,essential,ingredient,called,love,hoichoi,presents,paanch,phoron","five,directors,come,together,narrate,five,different,romantic,tales,essential,ingredient,called,love,hoichoi,presents,paanch,phoron",13
Shows,Bou Keno Psycho,,Original,Bengali,India,21-02-2019,Yes,Comedy,,Comedy,,A 18+,5,170 mins,170,4.4,"Poulomi Das, Saurav Das, Amrita Chattopadhyay, Anirban Bhattacharya, Sampurna Lahiri, Gourab Chatterjee, Rupanjana Mitra, Kausheek Bhattacharya, Saayoni Ghosh, Indrashish Ray, Ankita Chakraborty, Rajdeep Gupta, Darshana Banik, Dwaipayan Das, Debaloy Bhattacharya",A skeleton discovered in a tank reveals the existence of five psycho housewives. What's making these women cause terror in the lives of their husbands?,skeleton discovered tank reveals existence five psycho housewives whats making these women cause terror lives their husbands,skeleton discovered tank reveals existence,"skeleton,discovered,tank,reveals,existence,five,psycho,housewives,whats,making,these,women,cause,terror,lives,their,husbands","skeleton,discovered,tank,reveals,existence,five,psycho,housewives,whats,making,women,cause,terror,lives,their,husbands",18
Shows,Astey Ladies,,Original,Bengali,India,14-03-2019,Yes,Thriller,Mystery,Thriller Mystery,,U/A 16+,4,169 mins,169,6.6,"Sandipta Sen, Saayoni Ghosh, Madhurima Ghosh, Saurav Das","Three desperate women turn robbers to save their hairstyling parlour, Salon De Paris. Now, they're in the middle of something big: a diamond heist! What's next?",three desperate women turn robbers save their hairstyling parlour salon de paris now theyre middle something big diamond heist whats next,three desperate women turn robbers,"three,desperate,women,turn,robbers,save,their,hairstyling,parlour,salon,de,paris,now,theyre,middle,something,big,diamond,heist,whats,next","three,desperate,women,turn,robbers,save,their,hairstyling,parlour,salon,de,paris,now,theyre,middle,something,big,diamond,heist,whats,next",16
Shows,Chupkotha 2,,Original,Bengali,India,04-05-2019,Yes,Horror,,Horror,,U/A 16+,4,88 mins,88,5.5,"Parno Mittra, Mahi Singh, Sudip Mukherjee, Prasun Gain, Farhan Imroze, Rajat Ganguly","Journalist Shivangi gets trapped in many mysteries in her personal and professional life. Is everything a coincidence, or is there an uncanny connection?",journalist shivangi gets trapped many mysteries her personal professional life everything coincidence or there uncanny connection,journalist shivangi gets trapped many,"journalist,shivangi,gets,trapped,many,mysteries,her,personal,professional,life,everything,coincidence,or,there,uncanny,connection","journalist,shivangi,gets,trapped,many,mysteries,personal,professional,life,everything,coincidence,or,uncanny,connection",16
Shows,Dhaka Metro,,Original,Bengali,Bangladesh,04-11-2019,Yes,Drama,,Drama,,U/A 13+,3,172 mins,172,6.7,"Aupee Karim, Neville Ferdous Hasan, Sharmin Zoha Shosheen, Mostafa Monwar, Shariful Islam","This is the story of a troubled city man who drives off, away from the chaotic city life and finds himself stuck in a disturbing reality. Throughout the road trip, he encounters a series of surreal events and meets strange people. He does not know where the road will take him next.",story troubled city man who drives off away chaotic city life finds himself stuck disturbing reality throughout road trip he encounters series surreal events meets strange people he does not know where road will take him next,story troubled city man who,"story,troubled,city,man,who,drives,off,away,chaotic,city,life,finds,himself,stuck,disturbing,reality,throughout,road,trip,he,encounters,series,surreal,events,meets,strange,people,he,does,not,know,where,road,will,take,him,next","story,troubled,city,man,who,drives,off,away,chaotic,city,life,finds,himself,stuck,disturbing,reality,throughout,road,trip,he,encounters,series,surreal,events,meets,strange,people,he,know,where,road,take,him,next",13
Shows,The Nightwatchman,,Original,Bengali,India,17-05-2019,Yes,Thriller,Crime,Thriller Crime,,U/A 13+,3,131 mins,131,4.7,"Arjun Chakraborty, Kaushik Sen, Anusha Vishwanathan, Ayan Bhattacharjee",A young man gets a lucrative job offer. But this opportunity comes with a dark consequence. Will his life change overnight?,young man gets lucrative job offer but opportunity comes dark consequence will his life change overnight,young man gets lucrative job,"young,man,gets,lucrative,job,offer,but,opportunity,comes,dark,consequence,will,his,life,change,overnight","young,man,gets,lucrative,job,offer,but,opportunity,comes,dark,consequence,life,change,overnight",13
Shows,Manbhanjan,,Original,Bengali,India,14-06-2019,Yes,Drama,Period,Drama Period,,U/A 16+,4,91 mins,91,7.2,"Sohini Sarkar, Anirban Bhattacharya, Amrita Chattopadhyay","This hoichoi web series, based on Tagore's timeless tale, Manbhanjan, is a housewife's journey from her home to the world outside, looking for love and identity.",hoichoi web series based tagores timeless tale manbhanjan housewifes journey her home world outside looking love identity,hoichoi web series based tagores,"hoichoi,web,series,based,tagores,timeless,tale,manbhanjan,housewifes,journey,her,home,world,outside,looking,love,identity","hoichoi,web,series,based,tagores,timeless,tale,manbhanjan,housewifes,journey,home,world,outside,looking,love,identity",16
Shows,Rahasya Romancha Series,,Original,Bengali,India,08-09-2019,Yes,Thriller,,Thriller,,A 18+,5,107 mins,107,7.4,"Priyanka Sarkar, Rudranil Ghosh, Kanchan Mullick, Bishwanath Basu, Saayoni Ghosh, Soumon Bose, Preetam Ganguly and Poulomi Das","One series, three mysteries! Enjoy an adventurous ride with the stories of a serial killer, a mechanic, and a gambler - on Rahasya Romancha Series on hoichoi.",one series three mysteries enjoy adventurous ride stories serial killer mechanic gambler rahasya romancha series hoichoi,one series three mysteries enjoy,"one,series,three,mysteries,enjoy,adventurous,ride,stories,serial,killer,mechanic,gambler,rahasya,romancha,series,hoichoi","one,series,three,mysteries,enjoy,adventurous,ride,stories,serial,killer,mechanic,gambler,rahasya,romancha,series,hoichoi",18
Shows,The Stoneman Murders,,Original,Bengali,India,13-09-2019,Yes,Thriller,,Thriller,,A 18+,5,161 mins,161,5.9,"Rajatava Dutta, Swastika Mukherjee, Rupankar Bagchi, Arijit Dutta","An old, mysterious diary - with the descriptions of murders! Is the “Stoneman” murderer of the 90’s Kolkata back? Watch The Stoneman Murders on hoichoi.",old mysterious diary descriptions murders stoneman murderer 90s kolkata back watch stoneman murders hoichoi,old mysterious diary descriptions murders,"old,mysterious,diary,descriptions,murders,stoneman,murderer,90s,kolkata,back,watch,stoneman,murders,hoichoi","old,mysterious,diary,descriptions,murders,stoneman,murderer,90s,kolkata,back,watch,stoneman,murders,hoichoi",18
Shows,Kamini,,Original,Bengali,India,27-09-2019,Yes,Horror,Comedy,Horror Comedy,,A 18+,5,161 mins,161,,"Barkha Bisht, Kharaj Mukherjee, Saurav Das, Trina Saha, Manashi Sengupta, Apratim Chatterjee, Poulomi Das,","Men in a village are disappearing in the darkness of the night. Is it the work of a mystical enchantress, or is there some other mystery?",men village are disappearing darkness night work mystical enchantress or there some other mystery,men village are disappearing darkness,"men,village,are,disappearing,darkness,night,work,mystical,enchantress,or,there,some,other,mystery","men,village,disappearing,darkness,night,work,mystical,enchantress,or,some,other,mystery",18
Shows,Paap,,Original,Bengali,India,10-02-2019,Yes,Drama,Mystery,Drama Mystery,,A 18+,5,144 mins,144,6.4,"Puja Banerjee, Rahul Banerjee, Rajat Ganguly, Sonali Basu, Indrajeet Chakroborty, Bhaswar Chatterjee, Mithu Chakraborty, Rupsa Dasgupta, Priyanka Mondol, Solanki Roy And Saheeb Bhattacharjee","A festive household, an unexpected guest, and two deaths! Will the darkness of an old sin dim the lights of Durga Pujo?",festive household unexpected guest two deaths will darkness old sin dim lights durga pujo,festive household unexpected guest two,"festive,household,unexpected,guest,two,deaths,will,darkness,old,sin,dim,lights,durga,pujo","festive,household,unexpected,guest,two,deaths,darkness,old,sin,dim,lights,durga,pujo",18
Shows,Faces of Durga Pujo,,Original,Bengali,India,20-09-2023,Yes,Documentary,Historical,Documentary Historical,,U,1,26,26,,Tathagata Ghosh,"Durga Pujo and Bengalis go hand in hand. There are so many people, who work tirelessly throughout the year to put together the biggest festival for the Bengalis but their work often goes unnoticed. 'Faces of Durga Pujo' makes a point for why they should be celebrated as well",durga pujo bengalis go hand hand there are so many people who work tirelessly throughout year put together biggest festival bengalis but their work often goes unnoticed faces durga pujo makes point why they should celebrated well,durga pujo bengalis go hand,"durga,pujo,bengalis,go,hand,hand,there,are,so,many,people,who,work,tirelessly,throughout,year,put,together,biggest,festival,bengalis,but,their,work,often,goes,unnoticed,faces,durga,pujo,makes,point,why,they,should,celebrated,well","durga,pujo,bengalis,go,hand,hand,so,many,people,who,work,tirelessly,throughout,year,put,together,biggest,festival,bengalis,but,their,work,often,goes,unnoticed,faces,durga,pujo,makes,point,why,they,celebrated,well",0
Shows,Oddbhuturey,,Original,Bengali,India,31-10-2019,Yes,Horror,Psychological,Horror Psychological,,U/A 16+,4,157 mins,157,4.9,"Anindya Pulak Banerjee, Sudip Mukherjee, Sreelekha Mitra, Sinchana Sarkar, Partha Sarathi, Sayan Ghosh (RJ Sayan), Kousik Goswami, Sidhu Ray, Payel Dutta, Saurav Das, Mishmee Das, Partha Sarathi, Prriyam Chakroborty, Deboprasad Halder",A series of seven stories tied together by a common thread - fear! How will the real and the supernatural collide?,series seven stories tied together common thread fear how will real supernatural collide,series seven stories tied together,"series,seven,stories,tied,together,common,thread,fear,how,will,real,supernatural,collide","series,seven,stories,tied,together,common,thread,fear,how,real,supernatural,collide",16
Shows,Montu Pilot,,Original,Bengali,India,13-12-2019,Yes,Drama,,Drama,,A 18+,5,193 mins,193,6.6,"Saurav Das, Solanki Roy, Chandrayee Ghosh, Kanchan Mullick, Subrata Dutta","Trapped in the dark alleys of the city, is a broken man. Can he find love in the world of flesh trade?",trapped dark alleys city broken man can he find love world flesh trade,trapped dark alleys city broken,"trapped,dark,alleys,city,broken,man,can,he,find,love,world,flesh,trade","trapped,dark,alleys,city,broken,man,he,find,love,world,flesh,trade",18
Shows,Bonyo Premer Golpo,,Original,Bengali,India,23-01-2020,Yes,Thriller,Psychological,Thriller Psychological,,A 18+,5,163 mins,163,6.5,"Tnusree Chakraborty, Shaheb Bhattacherjee, Ena Saha, Gourab Chatterjee, Nondini Chatterjee, Indranil Mullick, Soumendra Bhattacharya, Prosun Saha, Rishi Kaushik","A series of murders, triggered by love. Will Mrinalini be the next victim of passion?",series murders triggered love will mrinalini next victim passion,series murders triggered love will,"series,murders,triggered,love,will,mrinalini,next,victim,passion","series,murders,triggered,love,mrinalini,next,victim,passion",18
Shows,Shobdo Jobdo,,Original,Bengali,India,21-02-2020,Yes,Thriller,Psychological,Thriller Psychological,,A 18+,5,180 mins,180,6.8,"Rajat Kapoor, Payel Sarkar, Mumtaz Sorcar, Subrat Dutta, Saloni Pandey, Koushik Roy","Best-selling novelist Sougata comes to India, only to be faced with his past. Is he really prey to a mysterious woman's conspiracy or is his imagination playing tricks on him?",bestselling novelist sougata comes india only faced his past he really prey mysterious womans conspiracy or his imagination playing tricks him,bestselling novelist sougata comes india,"bestselling,novelist,sougata,comes,india,only,faced,his,past,he,really,prey,mysterious,womans,conspiracy,or,his,imagination,playing,tricks,him","bestselling,novelist,sougata,comes,india,only,faced,past,he,really,prey,mysterious,womans,conspiracy,or,imagination,playing,tricks,him",18
Shows,Ekattor,,Original,Bengali,Bangladesh,26-03-2020,Yes,Drama,,Drama,,U/A 16+,4,153 mins,153,5.7,"Mostafa Monwar, Iresh Zaker, Rafiath Rashid Mithila, Nusrat Imrose Tisha, Mustafizur Noor Imran, Tariq Anam Khan, Shatabdi Wadud, Deepanwita Martin","A love story amidst agitation and crime... Find out about the fight to survive, during the Bangladeshi freedom struggle.",love story amidst agitation crime find out about fight survive during bangladeshi freedom struggle,love story amidst agitation crime,"love,story,amidst,agitation,crime,find,out,about,fight,survive,during,bangladeshi,freedom,struggle","love,story,amidst,agitation,crime,find,out,about,fight,survive,during,bangladeshi,freedom,struggle",16
Shows,Case Jaundice,,Original,Bengali,India,15-05-2020,Yes,Comedy,,Comedy,,U/A 13+,3,112 mins,112,5.5,"Parambrata Chattopadhyay, Ankush, Anirban Chakrabarti","Two lawyers present a compelling case in a courtroom, pitting human beings against the deadly Corona Virus. Who will win the legal battle? Watch this series only on hoichoi!",two lawyers present compelling case courtroom pitting human beings against deadly corona virus who will win legal battle watch series only hoichoi,two lawyers present compelling case,"two,lawyers,present,compelling,case,courtroom,pitting,human,beings,against,deadly,corona,virus,who,will,win,legal,battle,watch,series,only,hoichoi","two,lawyers,present,compelling,case,courtroom,pitting,human,beings,against,deadly,corona,virus,who,win,legal,battle,watch,series,only,hoichoi",13
Shows,Pabitra Puppies,,Original,Bengali,India,13-06-2020,Yes,Thriller,,Thriller,,A 18+,5,124 mins,124,4.8,"Vikram Chatterjee, Sohini Sarkar, Saayoni Ghosh, RJ Sayan, Ankitaa Chakrbarty, Debapriyo Bagchi (Bubble), Saurav Das","A game is deciding the fate of a group of friends, as they die one by one inside their own homes. The question is, how?",game deciding fate group friends they die one one inside their own homes question how,game deciding fate group friends,"game,deciding,fate,group,friends,they,die,one,one,inside,their,own,homes,question,how","game,deciding,fate,group,friends,they,die,one,one,inside,their,own,homes,question,how",18
Shows,Love & Affairs,,Original,Bengali,India,23-06-2020,Yes,Romantic,Drama,Romantic Drama,,U/A 13+,3,92 mins,92,5.6,"Barkha Bisht Sengupta, Indraneil Sengupta, Debapriyo Mukherjee",A marriage becomes a battlefield of love and doubt. Betrayal - or just suspicion?,marriage becomes battlefield love doubt betrayal or just suspicion,marriage becomes battlefield love doubt,"marriage,becomes,battlefield,love,doubt,betrayal,or,just,suspicion","marriage,becomes,battlefield,love,doubt,betrayal,or,just,suspicion",13
Shows,Tansener Tanpura,,Original,Bengali,India,26-06-2020,Yes,Adventure,Mystery,Adventure Mystery,,U/A 13+,3,114 mins,114,6.8,"Vikram Chatterjee, Rupsha Chatterjee, Jayati Bhatia, Rajat Ganguly, Debesh Roychowdhury, Sujan Mukherjee, Subhasish Mukherjee, Bhaskar Banerjee, Sourav Saha, Kalyan Chatterjee, Surajit Bandopadhyay, Angana Roy, Anuradha Mukherjee, Satyam Bhattacharya, Suhotro Mukherjee, Saunak Samanta, Goutam Siddhartha, Pradip Dhar, Pradip Bhattacharya, Soumyadip Banerjee, Rupam Chotu, Soumitra Banerjee, Goutam Saha, Anirban Paria, Jagannath Chakraborty","The art of music, a lost history, and a mysterious treasure. Can the clues hidden in the melody lead to Tansen’s legendary Tanpura?",art music lost history mysterious treasure can clues hidden melody lead tansens legendary tanpura,art music lost history mysterious,"art,music,lost,history,mysterious,treasure,can,clues,hidden,melody,lead,tansens,legendary,tanpura","art,music,lost,history,mysterious,treasure,clues,hidden,melody,lead,tansens,legendary,tanpura",13
Shows,Breakup Story,,Original,Bengali,India,24-07-2020,Yes,Romantic,Drama,Romantic Drama,,U/A 16+,4,104 mins,104,5.8,"Alivia Sarkar, Tuhina Das, Ranojoy Bishnu, Sauraseni Maitra, Chandreyee Ghosh, Anindita Bose, Sohini Sarkar, Saurav Das, Aryann Bhowmik","Four couples, one issue - breakup. Will they be able to salvage their love when relationships go sinfully wrong?",four couples one issue breakup will they able salvage their love when relationships go sinfully wrong,four couples one issue breakup,"four,couples,one,issue,breakup,will,they,able,salvage,their,love,when,relationships,go,sinfully,wrong","four,couples,one,issue,breakup,they,able,salvage,their,love,relationships,go,sinfully,wrong",16
Shows,Tarader Sesh Tarpon,,Original,Bengali,India,17-09-2020,Yes,Documentary,Historical,Documentary Historical,,A 18+,5,322 mins,322,8.1,Gautam Bhattacharya,Take a walk down memory lane to know about the lives of the departed legends who will live forever in our hearts and minds!,take walk down memory lane know about lives departed legends who will live forever our hearts minds,take walk down memory lane,"take,walk,down,memory,lane,know,about,lives,departed,legends,who,will,live,forever,our,hearts,minds","take,walk,down,memory,lane,know,about,lives,departed,legends,who,live,forever,our,hearts,minds",18
Shows,Damayanti,,Original,Bengali,India,22-10-2020,Yes,Detective,Mystery,Detective Mystery,,U/A 16+,4,200.2 mins,200.2,5.7,"Tuhina Das, Indrasish Roy, Soumo Banerjee, Chandreyee Ghosh, Amrita Chattopadhyay, Gautam Purkayastha, Arpan Ghoshal","Damayanti, a history professor with a passion for mysteries, investigates her first ever murder mystery.",damayanti history professor passion mysteries investigates her first ever murder mystery,damayanti history professor passion mysteries,"damayanti,history,professor,passion,mysteries,investigates,her,first,ever,murder,mystery","damayanti,history,professor,passion,mysteries,investigates,first,ever,murder,mystery",16
Shows,Taqdeer,,Original,Bengali,Bangladesh,18-12-2020,Yes,Thriller,,Thriller,,A 18+,5,189.1 mins,189.1,8.6,"Chanchal Chowdhury, Manoj Kumar Pramanik, Sanjida Preeti, Shohel Mondol, Partha Barua, Intekhab Dinar, Tanim Noor, Somu Chowdhury",Freezer van driver Taqdeer is drawn into a dark game of destiny after he finds the dead body of an unclaimed woman in his truck.,freezer van driver taqdeer drawn into dark game destiny after he finds dead body unclaimed woman his truck,freezer van driver taqdeer drawn,"freezer,van,driver,taqdeer,drawn,into,dark,game,destiny,after,he,finds,dead,body,unclaimed,woman,his,truck","freezer,van,driver,taqdeer,drawn,into,dark,game,destiny,after,he,finds,dead,body,unclaimed,woman,truck",18
Shows,Fish and Chips,,Original,Bengali,India,16-01-2021,Yes,Comedy,,Comedy,,U,1,81.3 mins,81.3,7.8,"Apratim Chatterjee, Tapasya Dasgupta, Pratik Kumar Dutta, Debanjan Mitra, Bidyut Das, Arup Zaigirdar, Shyamal Karmakar",Patro has entrusted his house to Timi and Parama before leaving for Dallas. But a series of misadventures follow as they start living there.,patro has entrusted his house timi parama before leaving dallas but series misadventures follow they start living there,patro has entrusted his house,"patro,has,entrusted,his,house,timi,parama,before,leaving,dallas,but,series,misadventures,follow,they,start,living,there","patro,entrusted,house,timi,parama,before,leaving,dallas,but,series,misadventures,follow,they,start,living",0
Shows,Turu Love,,Original,Bengali,India,02-12-2021,Yes,Romantic,Comedy,Romantic Comedy,,U/A 13+,3,88.7 mins,88.7,6.9,"Rishav Basu, Ushasi Ray, Rajnandini Paul","Aritra, a small town guy, is born with a silver spoon. But his bubble breaks when Tiyasha, his bride-to-be, gives him a reality check prompting him to move to Kolkata and be a self made man. What follows is a misadventure in the search of love & a realisation of what 'Turu Love' actually is.",aritra small town guy born silver spoon but his bubble breaks when tiyasha his bridetobe gives him reality check prompting him move kolkata self made man what follows misadventure search love realisation what turu love actually,aritra small town guy born,"aritra,small,town,guy,born,silver,spoon,but,his,bubble,breaks,when,tiyasha,his,bridetobe,gives,him,reality,check,prompting,him,move,kolkata,self,made,man,what,follows,misadventure,search,love,realisation,what,turu,love,actually","aritra,small,town,guy,born,silver,spoon,but,bubble,breaks,tiyasha,bridetobe,gives,him,reality,check,prompting,him,move,kolkata,self,made,man,what,follows,misadventure,search,love,realisation,what,turu,love,actually",13
Shows,Nokol Heere,,Original,Bengali,India,03-12-2021,Yes,Detective,Mystery,Detective Mystery,,A 18+,5,189.3 mins,189.3,7.4,"Tuhina Das, Indrasish Roy, Rajnandini Paul, Shoumo Banerjee","Dipanwita shoots Pratap, her husband, in her father's presence. The mystery intensifies when a diamond ring is found in Pratap's pocket, whereas Dipanwita claims Pratap was there to kill her.",dipanwita shoots pratap her husband her fathers presence mystery intensifies when diamond ring found prataps pocket whereas dipanwita claims pratap was there kill her,dipanwita shoots pratap her husband,"dipanwita,shoots,pratap,her,husband,her,fathers,presence,mystery,intensifies,when,diamond,ring,found,prataps,pocket,whereas,dipanwita,claims,pratap,was,there,kill,her","dipanwita,shoots,pratap,husband,fathers,presence,mystery,intensifies,diamond,ring,found,prataps,pocket,whereas,dipanwita,claims,pratap,kill",18
Shows,Mohomaya,,Original,Bengali,India,26-03-2021,Yes,Thriller,Psychological,Thriller Psychological,,A 18+,5,209.8 mins,209.8,4.5,"Swastika Mukherjee, Ananya Chatterjee, Bipul","Rishi comes to live as a paying guest in his childhood friend 's house. With his mother dead, Rishi soon forms a bond with his friend's mother, Aruna, in who he sees his own mother. But Rishi's obsession eventually pushes him towards a past he always wanted to escape from.",rishi comes live paying guest his childhood friend s house his mother dead rishi soon forms bond his friends mother aruna who he sees his own mother but rishis obsession eventually pushes him towards past he always wanted escape,rishi comes live paying guest,"rishi,comes,live,paying,guest,his,childhood,friend,s,house,his,mother,dead,rishi,soon,forms,bond,his,friends,mother,aruna,who,he,sees,his,own,mother,but,rishis,obsession,eventually,pushes,him,towards,past,he,always,wanted,escape","rishi,comes,live,paying,guest,childhood,friend,s,house,mother,dead,rishi,soon,forms,bond,friends,mother,aruna,who,he,sees,own,mother,but,rishis,obsession,eventually,pushes,him,towards,past,he,always,wanted,escape",18
Shows,Maradonar Juto,,Original,Bengali,India,30-04-2021,Yes,Comedy,,Comedy,,A 18+,5,120 mins,120,4.9,"Amartay Ray, Susmita Chatterjee, Anirban Chakrabarti","The Dutta’s and the Chowdhury’s have been caught up in a lifelong derby over Maradona’s shoes. When Rono Chowdhury and Hiya Dutta fall in love, is there a ceasefire or is there more than what meets the eye?",duttas chowdhurys have been caught up lifelong derby over maradonas shoes when rono chowdhury hiya dutta fall love there ceasefire or there more than what meets eye,duttas chowdhurys have been caught,"duttas,chowdhurys,have,been,caught,up,lifelong,derby,over,maradonas,shoes,when,rono,chowdhury,hiya,dutta,fall,love,there,ceasefire,or,there,more,than,what,meets,eye","duttas,chowdhurys,been,caught,up,lifelong,derby,over,maradonas,shoes,rono,chowdhury,hiya,dutta,fall,love,ceasefire,or,more,than,what,meets,eye",18
Shows,Subharambha,,Original,Bengali,India,05-07-2021,Yes,Drama,Musical,Drama Musical,,U/A 13+,3,93 mins,93,6.6,"Jasmine Roy, Satyam Bhattacharya","Subhomita, a struggling musician, juggles her family, friends and passion for music. After a chance meeting with Mainak, her childhood admirer, things start looking up for her. But a new challenge is always around the corner. Will Subhomita follow her passion or will life force her to quit her music?",subhomita struggling musician juggles her family friends passion music after chance meeting mainak her childhood admirer things start looking up her but new challenge always around corner will subhomita follow her passion or will life force her quit her music,subhomita struggling musician juggles her,"subhomita,struggling,musician,juggles,her,family,friends,passion,music,after,chance,meeting,mainak,her,childhood,admirer,things,start,looking,up,her,but,new,challenge,always,around,corner,will,subhomita,follow,her,passion,or,will,life,force,her,quit,her,music","subhomita,struggling,musician,juggles,family,friends,passion,music,after,chance,meeting,mainak,childhood,admirer,things,start,looking,up,but,new,challenge,always,around,corner,subhomita,follow,passion,or,life,force,quit,music",13
Shows,Mouchaak,,Original,Bengali,India,18-06-2021,Yes,Comedy,Adult,Comedy Adult,,A 18+,5,162 mins,162,4.5,"Monami Ghosh, Kanchan Mullick","A night of debauchery lands the scintillating Mou in serious trouble. With all her lovers as well as her husband now headed towards her home, will she be able to escape with the key to her glittering future?",night debauchery lands scintillating mou serious trouble all her lovers well her husband now headed towards her home will she able escape key her glittering future,night debauchery lands scintillating mou,"night,debauchery,lands,scintillating,mou,serious,trouble,all,her,lovers,well,her,husband,now,headed,towards,her,home,will,she,able,escape,key,her,glittering,future","night,debauchery,lands,scintillating,mou,serious,trouble,all,lovers,well,husband,now,headed,towards,home,she,able,escape,key,glittering,future",18
Shows,Mohanagar,,Original,Bengali,Bangladesh,25-06-2021,Yes,Thriller,,Thriller,,U/A 16+,4,186 mins,186,8.7,"Mosharraf Karim, Zakia Bari Mamo, Mostafizur Noor Imran, Shamol Mawla, Khairul Basar, Nishat Priom","On a fateful night, a motley crowd of criminals, eminent industrialists, media and the general public has gathered at a police station in Dhaka, Bangladesh. What does this night have in store for them?",fateful night motley crowd criminals eminent industrialists media general public has gathered police station dhaka bangladesh what does night have store them,fateful night motley crowd criminals,"fateful,night,motley,crowd,criminals,eminent,industrialists,media,general,public,has,gathered,police,station,dhaka,bangladesh,what,does,night,have,store,them","fateful,night,motley,crowd,criminals,eminent,industrialists,media,general,public,gathered,police,station,dhaka,bangladesh,what,night,store,them",16
Shows,Dujone,,Original,Bengali,India,07-09-2021,Yes,Thriller,Drama,Thriller Drama,,U/A 13+,3,224 mins,224,6.2,"Soham, Srabanti Chatterjee",Ahana and Amar have been happily married for five years. But Amar hasn't been himself lately. Has Amar changed due to his traumatic accident or is something sinister brewing under the surface?,ahana amar have been happily married five years but amar hasnt been himself lately has amar changed due his traumatic accident or something sinister brewing under surface,ahana amar have been happily,"ahana,amar,have,been,happily,married,five,years,but,amar,hasnt,been,himself,lately,has,amar,changed,due,his,traumatic,accident,or,something,sinister,brewing,under,surface","ahana,amar,been,happily,married,five,years,but,amar,hasnt,been,himself,lately,amar,changed,due,traumatic,accident,or,something,sinister,brewing,under,surface",13
Shows,Murder in the Hills,,Original,Bengali,India,23-07-2021,Yes,Thriller,Mystery,Thriller Mystery,,U/A 16+,4,211 mins,211,6,"Arjun Chakrabarty, Anindita Bose, Sourav Chakraborty, Rajdeep Gupta, Suprobhat, Sandipta Sen, Rajat Ganguly",The seemingly natural death of a legendary movie star in Darjeeling threatens to expose a dark past of the serene hill station.,seemingly natural death legendary movie star darjeeling threatens expose dark past serene hill station,seemingly natural death legendary movie,"seemingly,natural,death,legendary,movie,star,darjeeling,threatens,expose,dark,past,serene,hill,station","seemingly,natural,death,legendary,movie,star,darjeeling,threatens,expose,dark,past,serene,hill,station",16
Shows,REKKA,,Original,Bengali,India,20-08-2021,Yes,Thriller,Mystery,Thriller Mystery,,U/A 16+,4,229 mins,229,6.5,"Azmeri Haque Badhon, Rahul Bose, Anirban Bhattacharya, Anjan Dutt, Anirban Chakrabarti","The enigmatic Mushkan Zuberi is known for cooking up a storm. But as the secrets pile up, someone else turns up the heat on her. Watch the secrets unravel only on hoichoi.",enigmatic mushkan zuberi known cooking up storm but secrets pile up someone else turns up heat her watch secrets unravel only hoichoi,enigmatic mushkan zuberi known cooking,"enigmatic,mushkan,zuberi,known,cooking,up,storm,but,secrets,pile,up,someone,else,turns,up,heat,her,watch,secrets,unravel,only,hoichoi","enigmatic,mushkan,zuberi,known,cooking,up,storm,but,secrets,pile,up,someone,else,turns,up,heat,watch,secrets,unravel,only,hoichoi",16
Shows,Boyfriends & Girlfriends,,Original,Bengali,India,09-03-2021,Yes,Romantic,Comedy,Romantic Comedy,,A 18+,5,123 mins,123,5.5,"Rwitobroto Mukherjee, Riddhi Sen, Ishaa Saha, Ujan Chatterjee, Adrija Roy, Madhurima Ghosh","Amid various professional and personal crises, three best friends embark on a journey of self-discovery and understand the true value of friendship along the way.",amid various professional personal crises three best friends embark journey selfdiscovery understand true value friendship along way,amid various professional personal crises,"amid,various,professional,personal,crises,three,best,friends,embark,journey,selfdiscovery,understand,true,value,friendship,along,way","amid,various,professional,personal,crises,three,best,friends,embark,journey,selfdiscovery,understand,true,value,friendship,along,way",18
Shows,Asian Paints Moner Thikana,,Original,Bengali,India,10-01-2021,Yes,Reality TV,Talk Show,Reality TV Talk Show,,U/A 16+,4,35 mins,35,,"Jisshu Sengupta, Priyanka Sarkar, Srabanti Chatterjee, Parambrata Chattopadhyay, Mimi Chakraborty","Take an exclusive, in-depth peek into the homes of Bengal's biggest superstars, their memories and their journeys!",take exclusive indepth peek into homes bengals biggest superstars their memories their journeys,take exclusive indepth peek into,"take,exclusive,indepth,peek,into,homes,bengals,biggest,superstars,their,memories,their,journeys","take,exclusive,indepth,peek,into,homes,bengals,biggest,superstars,their,memories,their,journeys",16
Shows,Indu,,Original,Bengali,India,22-10-2021,Yes,Drama,Mystery,Drama Mystery,,U/A 16+,4,178 mins,178,7.4,"Ishaa Saha, Chandraniv Mukhopadhyay, Manali Manisha Dey, Suhotra Mukhopadhyay, Payel De, Manasi Sinha, Mimi Dutta","Marriage sets the ball rolling for a new stage of life. As Indu enters that phase, will the dark secrets of her new home and new family endanger her life?",marriage sets ball rolling new stage life indu enters phase will dark secrets her new home new family endanger her life,marriage sets ball rolling new,"marriage,sets,ball,rolling,new,stage,life,indu,enters,phase,will,dark,secrets,her,new,home,new,family,endanger,her,life","marriage,sets,ball,rolling,new,stage,life,indu,enters,phase,dark,secrets,new,home,new,family,endanger,life",16
Shows,Money Honey - Director's Cut,,Original,Bengali,Bangladesh,06-05-2019,Yes,Thriller,Mystery,Thriller Mystery,,U/A 16+,4,230 mins,230,7,"Shamol Mawla, Nishat Priom, Sumon Anowar, Mostafizur Noor Imran",A massive bank robbery of 121 crores rocks the nation of Bangladesh. But no one knows that powerful forces are up to a deadlier conspiracy under the garb of the robbery.,massive bank robbery 121 crores rocks nation bangladesh but no one knows powerful forces are up deadlier conspiracy under garb robbery,massive bank robbery 121 crores,"massive,bank,robbery,121,crores,rocks,nation,bangladesh,but,no,one,knows,powerful,forces,are,up,deadlier,conspiracy,under,garb,robbery","massive,bank,robbery,121,crores,rocks,nation,bangladesh,but,no,one,knows,powerful,forces,up,deadlier,conspiracy,under,garb,robbery",16
Shows,Mandaar,,Original,Bengali,India,19-11-2021,Yes,Drama,,Drama,,A 18+,5,221 mins,221,7.5,"Debasish Mondal, Sohini Sarkar, Debesh Roy Choudhuri, Anirban Bhattacharya","Power corrupts. And the pursuit of power devastates. As the battle for Geilpur reaches its peak, thirst for power overpowers human conscience in this tragic tale of greed, lust and prophecies!",power corrupts pursuit power devastates battle geilpur reaches its peak thirst power overpowers human conscience tragic tale greed lust prophecies,power corrupts pursuit power devastates,"power,corrupts,pursuit,power,devastates,battle,geilpur,reaches,its,peak,thirst,power,overpowers,human,conscience,tragic,tale,greed,lust,prophecies","power,corrupts,pursuit,power,devastates,battle,geilpur,reaches,peak,thirst,power,overpowers,human,conscience,tragic,tale,greed,lust,prophecies",18
Shows,Boli,,Original,Bengali,Bangladesh,12-03-2021,Yes,Drama,Crime,Drama Crime,,A 18+,5,180 mins,180,6.5,"Chanchal Chowdhury, Shohel Mondol, Sohana Saba, Safa Kabir, Ziaul Hoque Polash, Iresh Zaker","In the lawless island of Chedadiya, the ruthless Sohrab is in pursuit of absolute power. But Rustom, a stranger who has arrived there by a stroke of luck, is in his way. How will this disastrous conflict culminate, and will Chedadiya ever escape the cycle of violence?",lawless island chedadiya ruthless sohrab pursuit absolute power but rustom stranger who has arrived there stroke luck his way how will disastrous conflict culminate will chedadiya ever escape cycle violence,lawless island chedadiya ruthless sohrab,"lawless,island,chedadiya,ruthless,sohrab,pursuit,absolute,power,but,rustom,stranger,who,has,arrived,there,stroke,luck,his,way,how,will,disastrous,conflict,culminate,will,chedadiya,ever,escape,cycle,violence","lawless,island,chedadiya,ruthless,sohrab,pursuit,absolute,power,but,rustom,stranger,who,arrived,stroke,luck,way,how,disastrous,conflict,culminate,chedadiya,ever,escape,cycle,violence",18
Shows,Rudrabinar Obhishaap,,Original,Bengali,India,24-12-2021,Yes,Adventure,Mystery,Adventure Mystery,,U/A 13+,3,195 mins,195,6.1,"Vikram Chatterjee, Rupsa Chatterjee, Saurav Das, Ditipriya Roy","Rudrapur and Anandagarh are two legendary schools of Indian classical music. However, these two places have a common past so dark that its revelation may change many lives forever. Join Alap and Shruti as they set out on a musical adventure to Rudrapur and crack the mystery of the curse of the Rudrabina.",rudrapur anandagarh are two legendary schools indian classical music however these two places have common past so dark its revelation may change many lives forever join alap shruti they set out musical adventure rudrapur crack mystery curse rudrabina,rudrapur anandagarh are two legendary,"rudrapur,anandagarh,are,two,legendary,schools,indian,classical,music,however,these,two,places,have,common,past,so,dark,its,revelation,may,change,many,lives,forever,join,alap,shruti,they,set,out,musical,adventure,rudrapur,crack,mystery,curse,rudrabina","rudrapur,anandagarh,two,legendary,schools,indian,classical,music,however,two,places,common,past,so,dark,revelation,may,change,many,lives,forever,join,alap,shruti,they,set,out,musical,adventure,rudrapur,crack,mystery,curse,rudrabina",13
Shows,Gora,,Original,Bengali,India,01-07-2022,Yes,Detective,Comedy,Detective Comedy,,U/A 13+,3,173 mins,173,7.7,"Ritwick Chakraborty, Ishaa Saha, Suhotra Mukhopadhyay","A serial killer is targetting the literary greats of Kolkata. Private 'defective' Gourab Sen, aka Gora, has a reputation as a serial killer specialist. No wonder it falls upon the eccentric detective to unmask the killer!",serial killer targetting literary greats kolkata private defective gourab sen aka gora has reputation serial killer specialist no wonder falls upon eccentric detective unmask killer,serial killer targetting literary greats,"serial,killer,targetting,literary,greats,kolkata,private,defective,gourab,sen,aka,gora,has,reputation,serial,killer,specialist,no,wonder,falls,upon,eccentric,detective,unmask,killer","serial,killer,targetting,literary,greats,kolkata,private,defective,gourab,sen,aka,gora,reputation,serial,killer,specialist,no,wonder,falls,upon,eccentric,detective,unmask,killer",13
Shows,Uttoron,,Original,Bengali,India,26-01-2022,Yes,Drama,Social,Drama Social,,A 18+,5,143 mins,143,6.1,"Madhumita Sarcar, Rajdeep Gupta, Swastika Dutta, Sawon Chakraborty","Parna's blissful life turns upside down when an MMS of hers spreads like wildfire. As her family treats her like a pariah, her misery opens her eyes to the hypocrisies of society. To know if Parna bounces back from rock-bottom, watch this story of self-realisation, introspection and resilience.",parnas blissful life turns upside down when mms hers spreads like wildfire her family treats her like pariah her misery opens her eyes hypocrisies society know if parna bounces back rockbottom watch story selfrealisation introspection resilience,parnas blissful life turns upside,"parnas,blissful,life,turns,upside,down,when,mms,hers,spreads,like,wildfire,her,family,treats,her,like,pariah,her,misery,opens,her,eyes,hypocrisies,society,know,if,parna,bounces,back,rockbottom,watch,story,selfrealisation,introspection,resilience","parnas,blissful,life,turns,upside,down,mms,hers,spreads,like,wildfire,family,treats,like,pariah,misery,opens,eyes,hypocrisies,society,know,if,parna,bounces,back,rockbottom,watch,story,selfrealisation,introspection,resilience",18
Shows,Byadh,,Original,Bengali,India,02-11-2022,Yes,Thriller,,Thriller,,U/A 13+,3,120 mins,120,6.3,"Rajatava Dutta, Anirban Chakrabarti, Kharaj Mukherjee, Souman Bose","The department of unusual cases at Lalbazar deals with bizarre crimes. When the case of the brutal beheading of sparrows in rural Bengal lands up there, veteran inspector Kanaichoron and newcomer Souvik start their hunt for the killer. On the investigative trail, the duo discovers shocking secrets entrenched in the history of Bengal.",department unusual cases lalbazar deals bizarre crimes when case brutal beheading sparrows rural bengal lands up there veteran inspector kanaichoron newcomer souvik start their hunt killer investigative trail duo discovers shocking secrets entrenched history bengal,department unusual cases lalbazar deals,"department,unusual,cases,lalbazar,deals,bizarre,crimes,when,case,brutal,beheading,sparrows,rural,bengal,lands,up,there,veteran,inspector,kanaichoron,newcomer,souvik,start,their,hunt,killer,investigative,trail,duo,discovers,shocking,secrets,entrenched,history,bengal","department,unusual,cases,lalbazar,deals,bizarre,crimes,case,brutal,beheading,sparrows,rural,bengal,lands,up,veteran,inspector,kanaichoron,newcomer,souvik,start,their,hunt,killer,investigative,trail,duo,discovers,shocking,secrets,entrenched,history,bengal",13
Shows,Rawkto Bilaap,,Original,Bengali,India,18-02-2022,Yes,Horror,,Horror,,A 18+,5,116 mins,116,5.2,"Sohini Sarkar, Saptarshi Maulik, Tuhina Das, Kanchan Mullick, Chandreyee Ghosh, Gourab Roy Chowdhury, Mokksha, Sawon Chakraborty","A group of friends gather for a bachelor party at an eerie house in the outskirts of Kolkata. Things take a dark turn when they bite the dust one by one. To know who is behind this bloodbath and who comes out of it unscathed, watch Rawkto Bilaap.",group friends gather bachelor party eerie house outskirts kolkata things take dark turn when they bite dust one one know who behind bloodbath who comes out unscathed watch rawkto bilaap,group friends gather bachelor party,"group,friends,gather,bachelor,party,eerie,house,outskirts,kolkata,things,take,dark,turn,when,they,bite,dust,one,one,know,who,behind,bloodbath,who,comes,out,unscathed,watch,rawkto,bilaap","group,friends,gather,bachelor,party,eerie,house,outskirts,kolkata,things,take,dark,turn,they,bite,dust,one,one,know,who,behind,bloodbath,who,comes,out,unscathed,watch,rawkto,bilaap",18
Shows,Mukhyamantri,,Original,Bengali,India,25-02-2022,Yes,Documentary,Political,Documentary Political,,U/A 13+,3,125 mins,125,8.2,"Saoli Chattopadhyay, Pratik Kumar Dutta","To understand today's West Bengal and its crises and challenges, one needs to know the nitty-gritty of West Bengal's fascinating political history. This docu-series attempts to provide a primer of that history through the reigns of eight Chief Ministers who have ruled the state.",understand todays west bengal its crises challenges one needs know nittygritty west bengals fascinating political history docuseries attempts provide primer history through reigns eight chief ministers who have ruled state,understand todays west bengal its,"understand,todays,west,bengal,its,crises,challenges,one,needs,know,nittygritty,west,bengals,fascinating,political,history,docuseries,attempts,provide,primer,history,through,reigns,eight,chief,ministers,who,have,ruled,state","understand,todays,west,bengal,crises,challenges,one,needs,know,nittygritty,west,bengals,fascinating,political,history,docuseries,attempts,provide,primer,history,through,reigns,eight,chief,ministers,who,ruled,state",13
Shows,Sundarbaner Vidyasagar,,Original,Bengali,India,03-11-2022,Yes,Drama,Social,Drama Social,,U/A 13+,3,147 mins,147,7.1,"Riddhi Sen, Ushasi Ray, Rupanjana Mitra, Sankar Debnath","Kumirkhali, the land of widows in Sundarban, is mired in a deep but invisible crisis. The fateful arrival of an outsider stirs things up in the hamlet. Will he be able to alleviate the plight of Kumirkhali and also redeem himself?",kumirkhali land widows sundarban mired deep but invisible crisis fateful arrival outsider stirs things up hamlet will he able alleviate plight kumirkhali also redeem himself,kumirkhali land widows sundarban mired,"kumirkhali,land,widows,sundarban,mired,deep,but,invisible,crisis,fateful,arrival,outsider,stirs,things,up,hamlet,will,he,able,alleviate,plight,kumirkhali,also,redeem,himself","kumirkhali,land,widows,sundarban,mired,deep,but,invisible,crisis,fateful,arrival,outsider,stirs,things,up,hamlet,he,able,alleviate,plight,kumirkhali,also,redeem,himself",13
Shows,Tiktiki,,Original,Bengali,India,18-03-2022,Yes,Thriller,Psychological,Thriller Psychological,,U/A 13+,3,131 mins,131,6.7,"Kaushik Ganguly, Anirban Bhattacharya","When a man accepts the invitation to spend an evening with his lover's husband, what starts as a series of mind games quickly turns into a deadly game of revenge, murder and more. To know who emerges victorious in this game, watch Tiktiki only on hoichoi.",when man accepts invitation spend evening his lovers husband what starts series mind games quickly turns into deadly game revenge murder more know who emerges victorious game watch tiktiki only hoichoi,when man accepts invitation spend,"when,man,accepts,invitation,spend,evening,his,lovers,husband,what,starts,series,mind,games,quickly,turns,into,deadly,game,revenge,murder,more,know,who,emerges,victorious,game,watch,tiktiki,only,hoichoi","man,accepts,invitation,spend,evening,lovers,husband,what,starts,series,mind,games,quickly,turns,into,deadly,game,revenge,murder,more,know,who,emerges,victorious,game,watch,tiktiki,only,hoichoi",13
Shows,Sabrina,,Original,Bengali,Bangladesh,25-03-2022,Yes,Drama,,Drama,,U/A 16+,4,143 mins,143,7,"Mehazabien Chowdhury, Nazia Haque Orsha, Intekhab Dinar, Runa Khan, Yash Rohan","All women are different, yet they are the same. When a doctor receives her namesake as an abused and injured patient, she is instantly invested in the latter's story and is determined to bring her justice. Sabrina is the heart-wrenching saga of one woman stepping up for another woman and a tale of universal womanhood.",all women are different yet they are same when doctor receives her namesake abused injured patient she instantly invested latters story determined bring her justice sabrina heartwrenching saga one woman stepping up another woman tale universal womanhood,all women are different yet,"all,women,are,different,yet,they,are,same,when,doctor,receives,her,namesake,abused,injured,patient,she,instantly,invested,latters,story,determined,bring,her,justice,sabrina,heartwrenching,saga,one,woman,stepping,up,another,woman,tale,universal,womanhood","all,women,different,yet,they,same,doctor,receives,namesake,abused,injured,patient,she,instantly,invested,latters,story,determined,bring,justice,sabrina,heartwrenching,saga,one,woman,stepping,up,another,woman,tale,universal,womanhood",16
Shows,Srikanto,,Original,Bengali,India,14-04-2022,Yes,Romantic,Drama,Romantic Drama,,A 18+,5,187 mins,187,6.6,"Rishav Basu, Sohini Sarkar, Madhumita Sarcar","Srikanto and Rajlokkhi's sensual yet sporadic love transcends space and time. At a time of heartbreaking separation between the two, Abhaya enters Srikanto's life even as his passionate fascination with Rajlokkhi strives for closure. Srikanto is the musical retelling of Sarat Chandra Chattopadhyay's eponymous novel and presents a modern take on the relationship of Srikanto-Rajlokkhi.",srikanto rajlokkhis sensual yet sporadic love transcends space time time heartbreaking separation between two abhaya enters srikantos life even his passionate fascination rajlokkhi strives closure srikanto musical retelling sarat chandra chattopadhyays eponymous novel presents modern take relationship srikantorajlokkhi,srikanto rajlokkhis sensual yet sporadic,"srikanto,rajlokkhis,sensual,yet,sporadic,love,transcends,space,time,time,heartbreaking,separation,between,two,abhaya,enters,srikantos,life,even,his,passionate,fascination,rajlokkhi,strives,closure,srikanto,musical,retelling,sarat,chandra,chattopadhyays,eponymous,novel,presents,modern,take,relationship,srikantorajlokkhi","srikanto,rajlokkhis,sensual,yet,sporadic,love,transcends,space,time,time,heartbreaking,separation,between,two,abhaya,enters,srikantos,life,even,passionate,fascination,rajlokkhi,strives,closure,srikanto,musical,retelling,sarat,chandra,chattopadhyays,eponymous,novel,presents,modern,take,relationship,srikantorajlokkhi",18
Shows,Dour,,Original,Bengali,Bangladesh,05-02-2022,Yes,Thriller,,Thriller,,U/A 16+,4,207 mins,207,6.9,"Mosharraf Karim, Intekhab Dinar, Tariq Anam Khan, Robena Reza","When the car of an immoral contractor goes missing, both his business and family face jeopardy. He starts a race against time to find the missing car. But the police are on his trail in connection to a murder in the city. To know the outcome of this intense chase, watch Dour on hoichoi.",when car immoral contractor goes missing both his business family face jeopardy he starts race against time find missing car but police are his trail connection murder city know outcome intense chase watch dour hoichoi,when car immoral contractor goes,"when,car,immoral,contractor,goes,missing,both,his,business,family,face,jeopardy,he,starts,race,against,time,find,missing,car,but,police,are,his,trail,connection,murder,city,know,outcome,intense,chase,watch,dour,hoichoi","car,immoral,contractor,goes,missing,both,business,family,face,jeopardy,he,starts,race,against,time,find,missing,car,but,police,trail,connection,murder,city,know,outcome,intense,chase,watch,dour,hoichoi",16
Shows,Mahabharat Murders,,Original,Bengali,India,13-05-2022,Yes,Thriller,Crime,Thriller Crime,,A 18+,5,250 mins,250,6.7,"Priyanka Sarkar, Arjun Chakrabarty, Saswata Chatterjee, Rishav Basu, Kaushik Sen, Rajdeep Gupta, Debasish Mondal, Arna Mukhopadhyay, Riyaa Ganguly, Arpita Ghoshal, Sankar Debnath",A serial killer perceives himself as the modern-day Duryodhan and viciously kills the people he perceives as the Pandavas. Investigating officers Ruksana and Siddhartha encounter several twists and turns in this 21st century Kurukshetra to uncover the mastermind behind this gruesome game of revenge.,serial killer perceives himself modernday duryodhan viciously kills people he perceives pandavas investigating officers ruksana siddhartha encounter several twists turns 21st century kurukshetra uncover mastermind behind gruesome game revenge,serial killer perceives himself modernday,"serial,killer,perceives,himself,modernday,duryodhan,viciously,kills,people,he,perceives,pandavas,investigating,officers,ruksana,siddhartha,encounter,several,twists,turns,21st,century,kurukshetra,uncover,mastermind,behind,gruesome,game,revenge","serial,killer,perceives,himself,modernday,duryodhan,viciously,kills,people,he,perceives,pandavas,investigating,officers,ruksana,siddhartha,encounter,several,twists,turns,21st,century,kurukshetra,uncover,mastermind,behind,gruesome,game,revenge",18
Shows,Refugee,,Original,Bengali,Bangladesh,06-10-2022,Yes,Thriller,,Thriller,,U/A 16+,4,126 mins,126,5.2,"Shohel Mondol, Sharif Siraj, Zakia Bari Mamo, Afzal Hossain",A drug dealer from the Geneva Camp of Bangladesh gets involved in a spine-chilling conspiracy of the third generation of freedom fighters. How far will he go to prevent a catastrophe and save the people who don't consider him one of their own?,drug dealer geneva camp bangladesh gets involved spinechilling conspiracy third generation freedom fighters how far will he go prevent catastrophe save people who dont consider him one their own,drug dealer geneva camp bangladesh,"drug,dealer,geneva,camp,bangladesh,gets,involved,spinechilling,conspiracy,third,generation,freedom,fighters,how,far,will,he,go,prevent,catastrophe,save,people,who,dont,consider,him,one,their,own","drug,dealer,geneva,camp,bangladesh,gets,involved,spinechilling,conspiracy,third,generation,freedom,fighters,how,far,he,go,prevent,catastrophe,save,people,who,dont,consider,him,one,their,own",16
Shows,Feludar Goyendagiri,,Original,Bengali,India,17-06-2022,Yes,Detective,Mystery,Detective Mystery,,U/A 13+,3,143 mins,143,6.6,"Tota Roy Choudhury, Kalpan Mitra, Anirban Chakrabarti","Wherever Feluda goes for a vacation, mystery follows him there. Why should Darjeeling be any different! When Feluda lands in Darjeeling with Topshe and Lalmohan Babu, a murder makes Feluda don the hat of a private investigator on a quest to unmask the killer.",wherever feluda goes vacation mystery follows him there why should darjeeling any different when feluda lands darjeeling topshe lalmohan babu murder makes feluda don hat private investigator quest unmask killer,wherever feluda goes vacation mystery,"wherever,feluda,goes,vacation,mystery,follows,him,there,why,should,darjeeling,any,different,when,feluda,lands,darjeeling,topshe,lalmohan,babu,murder,makes,feluda,don,hat,private,investigator,quest,unmask,killer","wherever,feluda,goes,vacation,mystery,follows,him,why,darjeeling,any,different,feluda,lands,darjeeling,topshe,lalmohan,babu,murder,makes,feluda,don,hat,private,investigator,quest,unmask,killer",13
Shows,Kaiser,,Original,Bengali,Bangladesh,07-08-2022,Yes,Detective,Mystery,Detective Mystery,,U/A 16+,4,254 mins,254,8.2,"Afran Nisho, Mustafizur Noor Imran, Reekita Nondine Shimu, Imtiaz Barshon, Shatabdi Wadud","Homicide detective Kaiser Chowdhury takes on a double murder that turns out to be much more than what meets the eye. Plagued by personal and professional demons, will Kaiser be able to get to the root of the mystery?",homicide detective kaiser chowdhury takes double murder turns out much more than what meets eye plagued personal professional demons will kaiser able get root mystery,homicide detective kaiser chowdhury takes,"homicide,detective,kaiser,chowdhury,takes,double,murder,turns,out,much,more,than,what,meets,eye,plagued,personal,professional,demons,will,kaiser,able,get,root,mystery","homicide,detective,kaiser,chowdhury,takes,double,murder,turns,out,much,more,than,what,meets,eye,plagued,personal,professional,demons,kaiser,able,get,root,mystery",16
Shows,Sampurna,,Original,Bengali,India,29-07-2022,Yes,Drama,Social,Drama Social,,A 18+,5,146 mins,146,7.1,"Sohini Sarkar, Rajnandini Paul, Anubhav Kanjilal, Prantik Banerjee, Laboni Sarkar, Rajat Ganguly","Does marriage mean the end of a woman's rights over her own body? As Sampurna raises her voice against the abuse Nandini's husband inflicts on the latter, her family and the law of society turn out to be the biggest obstacles in her quest for justice.",does marriage mean end womans rights over her own body sampurna raises her voice against abuse nandinis husband inflicts latter her family law society turn out biggest obstacles her quest justice,does marriage mean end womans,"does,marriage,mean,end,womans,rights,over,her,own,body,sampurna,raises,her,voice,against,abuse,nandinis,husband,inflicts,latter,her,family,law,society,turn,out,biggest,obstacles,her,quest,justice","marriage,mean,end,womans,rights,over,own,body,sampurna,raises,voice,against,abuse,nandinis,husband,inflicts,latter,family,law,society,turn,out,biggest,obstacles,quest,justice",18
Shows,Murder by the Sea,,Original,Bengali,India,08-12-2022,Yes,Thriller,Mystery,Thriller Mystery,,U/A 16+,4,188 mins,188,4.8,"Ananya Chatterjee, Arjun Chakrabarty, Trina Saha, Paayel Sarkar, Suprobhat Das, Sujan Neel Mukherjee, and Sumanta Mukherjee","A high-profile Bengali businessman gets murdered in Puri, leaving more death and the unveiling of many dark secrets in his wake. Suspects become targets, and friends turn foes in this web of lies and betrayal.",highprofile bengali businessman gets murdered puri leaving more death unveiling many dark secrets his wake suspects become targets friends turn foes web lies betrayal,highprofile bengali businessman gets murdered,"highprofile,bengali,businessman,gets,murdered,puri,leaving,more,death,unveiling,many,dark,secrets,his,wake,suspects,become,targets,friends,turn,foes,web,lies,betrayal","highprofile,bengali,businessman,gets,murdered,puri,leaving,more,death,unveiling,many,dark,secrets,wake,suspects,become,targets,friends,turn,foes,web,lies,betrayal",16
Shows,Karagar,,Original,Bengali,Bangladesh,19-08-2022,Yes,Thriller,Mystery,Thriller Mystery,,U/A 16+,4,184 mins,184,8.3,"Chanchal Chowdhury, Intekhab Dinar, Partho, Tasnia Farin, FS Nayeem, Afzal Hossain","A prisoner appears in Akashnagar Central Jail's Cell No. 145, which has been shut for 50 years, and claims immortality. Who is this mystery man, and what secrets does he hold inside him?",prisoner appears akashnagar central jails cell no 145 which has been shut 50 years claims immortality who mystery man what secrets does he hold inside him,prisoner appears akashnagar central jails,"prisoner,appears,akashnagar,central,jails,cell,no,145,which,has,been,shut,50,years,claims,immortality,who,mystery,man,what,secrets,does,he,hold,inside,him","prisoner,appears,akashnagar,central,jails,cell,no,145,which,been,shut,50,years,claims,immortality,who,mystery,man,what,secrets,he,hold,inside,him",16
Shows,Bodhon,,Original,Bengali,India,30-09-2022,Yes,Drama,Social,Drama Social,,A 18+,5,171 mins,171,6.3,"Sandipta Sen, Ditipriya Roy, Chandreyee Ghosh, Koushik Roy, Honey Bafna","When second-year college student Shinjini gets raped, her professor, Raka Sen, emerges as the only ray of hope at a bleak time. Bodhon is the story of one woman standing up for another woman in a society where a woman is always at fault.",when secondyear college student shinjini gets raped her professor raka sen emerges only ray hope bleak time bodhon story one woman standing up another woman society where woman always fault,when secondyear college student shinjini,"when,secondyear,college,student,shinjini,gets,raped,her,professor,raka,sen,emerges,only,ray,hope,bleak,time,bodhon,story,one,woman,standing,up,another,woman,society,where,woman,always,fault","secondyear,college,student,shinjini,gets,raped,professor,raka,sen,emerges,only,ray,hope,bleak,time,bodhon,story,one,woman,standing,up,another,woman,society,where,woman,always,fault",18
Shows,Hello! Remember Me?,,Original,Bengali,India,18-11-2022,Yes,Thriller,,Thriller,,U/A 16+,4,8,8,5.6,"Ishaa Saha, Paayel Sarkar, Sourav Chakraborty, Laboni Sarkar","When Tori emerges from the shadows of Malini's past to exact revenge for the latter's wrongs, Malini dashes to protect everything and everyone she holds dear!",when tori emerges shadows malinis past exact revenge latters wrongs malini dashes protect everything everyone she holds dear,when tori emerges shadows malinis,"when,tori,emerges,shadows,malinis,past,exact,revenge,latters,wrongs,malini,dashes,protect,everything,everyone,she,holds,dear","tori,emerges,shadows,malinis,past,exact,revenge,latters,wrongs,malini,dashes,protect,everything,everyone,she,holds,dear",16
Shows,Bodh,,Original,Bengali,Bangladesh,11-04-2022,Yes,Drama,Courtroom,Drama Courtroom,,U/A 13+,3,188 mins,188,7.6,"Afzal Hossain, Runa Khan, Sarah Alam, Khairul Basar, Orchita Sporshia, Shahjahan Shamrat, Rawnak Hasan","A grim past haunts a retired judge. When his daughter reopens his old cases in a bid to help her father, the duo face the brutalities of a crippling legal system.",grim past haunts retired judge when his daughter reopens his old cases bid help her father duo face brutalities crippling legal system,grim past haunts retired judge,"grim,past,haunts,retired,judge,when,his,daughter,reopens,his,old,cases,bid,help,her,father,duo,face,brutalities,crippling,legal,system","grim,past,haunts,retired,judge,daughter,reopens,old,cases,bid,help,father,duo,face,brutalities,crippling,legal,system",13
Shows,The Bengal Scam: Bima Kando,,Original,Bengali,India,11-11-2022,Yes,Thriller,Mystery,Thriller Mystery,,U/A 13+,3,171 mins,171,6.3,"Rajatava Dutta, Kinjal Nanda, Sonamoni Saha, John Bhattacharya, Debraj Mukherjee","Two insurance agents stumble upon several mysterious cases of people with life insurance policies from their company dying accidental deaths. The duo starts an investigation to find the truth, but they are clueless about the menacing mastermind behind the whole thing.",two insurance agents stumble upon several mysterious cases people life insurance policies their company dying accidental deaths duo starts investigation find truth but they are clueless about menacing mastermind behind whole thing,two insurance agents stumble upon,"two,insurance,agents,stumble,upon,several,mysterious,cases,people,life,insurance,policies,their,company,dying,accidental,deaths,duo,starts,investigation,find,truth,but,they,are,clueless,about,menacing,mastermind,behind,whole,thing","two,insurance,agents,stumble,upon,several,mysterious,cases,people,life,insurance,policies,their,company,dying,accidental,deaths,duo,starts,investigation,find,truth,but,they,clueless,about,menacing,mastermind,behind,whole,thing",13
Shows,Hostel Days,,Original,Bengali,India,25-11-2022,Yes,Comedy,Drama,Comedy Drama,,U/A 16+,4,142 mins,142,6.8,"Anindya Sengupta, Rohaan Bhattacharjee, Arpan Ghoshal, Roshni Bhattacharyya, Kanchan Mullick, Subha Chattopadhyay, Pushan Dasgupta, Rahul Barui","A decade later, memories of hostel days, friendship, and betrayal move Orko to start a journey to reunite with his old mates.",decade later memories hostel days friendship betrayal move orko start journey reunite his old mates,decade later memories hostel days,"decade,later,memories,hostel,days,friendship,betrayal,move,orko,start,journey,reunite,his,old,mates","decade,later,memories,hostel,days,friendship,betrayal,move,orko,start,journey,reunite,old,mates",16
Shows,Gobhir Joler Maach,,Original,Bengali,India,02-10-2023,Yes,Drama,Mystery,Drama Mystery,,U/A 16+,4,195 mins,195,4.3,"Swastika Dutta, Trina Saha, Ushasi Ray, Ananya Sen, Shoumo Banerjee, Rajdeep Gupta, Prantik Banerjee, Judhajit Sarkar, Arpan Ghoshal","The seemingly perfect lives of four childhood friends get intertwined in the maze of a secret game of seduction. But when the game turns fatal, the secret that can ruin them becomes the only thing that can save them!",seemingly perfect lives four childhood friends get intertwined maze secret game seduction but when game turns fatal secret can ruin them becomes only thing can save them,seemingly perfect lives four childhood,"seemingly,perfect,lives,four,childhood,friends,get,intertwined,maze,secret,game,seduction,but,when,game,turns,fatal,secret,can,ruin,them,becomes,only,thing,can,save,them","seemingly,perfect,lives,four,childhood,friends,get,intertwined,maze,secret,game,seduction,but,game,turns,fatal,secret,ruin,them,becomes,only,thing,save,them",16
Shows,Dakghor,,Original,Bengali,India,24-02-2023,Yes,Drama,Comedy,Drama Comedy,,U/A 7+,2,160 mins,160,7.5,"Suhotra Mukhopadhyay, Ditipriya Roy, Kanchan Mullick","Damodar Das comes to the remote village of Hagda as its new postmaster, much to the delight of the villagers. While their simple aspirations and pure emotions slowly do away with Damodar's reservations, he keeps searching for a sliver of his long-lost childhood.",damodar das comes remote village hagda its new postmaster much delight villagers while their simple aspirations pure emotions slowly do away damodars reservations he keeps searching sliver his longlost childhood,damodar das comes remote village,"damodar,das,comes,remote,village,hagda,its,new,postmaster,much,delight,villagers,while,their,simple,aspirations,pure,emotions,slowly,do,away,damodars,reservations,he,keeps,searching,sliver,his,longlost,childhood","damodar,das,comes,remote,village,hagda,new,postmaster,much,delight,villagers,while,their,simple,aspirations,pure,emotions,slowly,away,damodars,reservations,he,keeps,searching,sliver,longlost,childhood",7
Shows,Buker Moddhye Agun,,Original,Bengali,Bangladesh,03-03-2023,Yes,Drama,Mystery,Drama Mystery,,U/A 13+,3,224 mins,224,6.7,"Ziaul Faruq Apurba, Yash Rohan, Abu Hurayra Tanvir, Tama Mirza, Shahnaz Sumi, Tania Ahmed, Tauquir Ahmed, Tariq Anam Khan, Gazi Rakayet","Twenty years ago, the supposed suicide of an actor at the peak of his career ignited public outrage and an investigation. When a viral video makes the cold case the talk of the town again, it's up to ASP Golam Mamun to uncover the truth.",twenty years ago supposed suicide actor peak his career ignited public outrage investigation when viral video makes cold case talk town again its up asp golam mamun uncover truth,twenty years ago supposed suicide,"twenty,years,ago,supposed,suicide,actor,peak,his,career,ignited,public,outrage,investigation,when,viral,video,makes,cold,case,talk,town,again,its,up,asp,golam,mamun,uncover,truth","twenty,years,ago,supposed,suicide,actor,peak,career,ignited,public,outrage,investigation,viral,video,makes,cold,case,talk,town,again,up,asp,golam,mamun,uncover,truth",13
Shows,Indubala Bhaater Hotel,,Original,Bengali,India,03-07-2023,Yes,Drama,Period,Drama Period,,U/A 13+,3,218 mins,218,8.2,"Subhashree Ganguly, Sneha Chatterjee, Rahul Banerjee, Pratik Dutta, Suhotra Mukhopadhyay, Angana Roy, Debapratim Dasgupta, Mithu Chakrabarty, Parijat Chaudhuri, Debdutta Raha","From being a carefree young girl in a pristine village in Bangladesh's Khulna to being an entrepreneur in her own right in Kolkata, Indubala's journey is laced with the desolation of separation from her roots and the consolation of every taste serving as a memory of someone she has lost.",being carefree young girl pristine village bangladeshs khulna being entrepreneur her own right kolkata indubalas journey laced desolation separation her roots consolation every taste serving memory someone she has lost,being carefree young girl pristine,"being,carefree,young,girl,pristine,village,bangladeshs,khulna,being,entrepreneur,her,own,right,kolkata,indubalas,journey,laced,desolation,separation,her,roots,consolation,every,taste,serving,memory,someone,she,has,lost","being,carefree,young,girl,pristine,village,bangladeshs,khulna,being,entrepreneur,own,right,kolkata,indubalas,journey,laced,desolation,separation,roots,consolation,every,taste,serving,memory,someone,she,lost",13
Shows,Celeb Adda,,Original,Bengali,India,04-06-2023,Yes,Reality TV,Talk Show,Reality TV Talk Show,,U,1,23 mins,23,,"Subhashree Ganguly, Anirban Chakrabarti, Madhumita Sarcar, Angana Roy, Mosarraf Karim, Anirban Bhattacharya","Naboborsho brings back childhood memories, an opportunity for family gatherings, and grand celebrations with good food and good friends. Celebrate this Naboborsho with Bengal's most beloved entertainers, who have come together to share their take on this special day.",naboborsho brings back childhood memories opportunity family gatherings grand celebrations good food good friends celebrate naboborsho bengals most beloved entertainers who have come together share their take special day,naboborsho brings back childhood memories,"naboborsho,brings,back,childhood,memories,opportunity,family,gatherings,grand,celebrations,good,food,good,friends,celebrate,naboborsho,bengals,most,beloved,entertainers,who,have,come,together,share,their,take,special,day","naboborsho,brings,back,childhood,memories,opportunity,family,gatherings,grand,celebrations,good,food,good,friends,celebrate,naboborsho,bengals,most,beloved,entertainers,who,come,together,share,their,take,special,day",0
Shows,Jaatishawr,,Original,Bengali,India,21-04-2023,Yes,Drama,Mystery,Drama Mystery,,U/A 13+,3,141 mins,141,6.5,"Madhumita Sarcar, Rohaan Bhattacharjee, Kaushik Chakraborty, Bidipta Chakraborty, Ananya Sengupta, Manoj Ojha, Krishnendu Dewanji","Roopkatha arrives at her partner's ancestral home, the Chowdhury House, and sees flashes of unknown memories, seemingly from another lifetime. Her uncanny memories and eerie occurrences put the Chowdhury family in a tailspin as a carefully hidden secret threatens to come to the fore.",roopkatha arrives her partners ancestral home chowdhury house sees flashes unknown memories seemingly another lifetime her uncanny memories eerie occurrences put chowdhury family tailspin carefully hidden secret threatens come fore,roopkatha arrives her partners ancestral,"roopkatha,arrives,her,partners,ancestral,home,chowdhury,house,sees,flashes,unknown,memories,seemingly,another,lifetime,her,uncanny,memories,eerie,occurrences,put,chowdhury,family,tailspin,carefully,hidden,secret,threatens,come,fore","roopkatha,arrives,partners,ancestral,home,chowdhury,house,sees,flashes,unknown,memories,seemingly,another,lifetime,uncanny,memories,eerie,occurrences,put,chowdhury,family,tailspin,carefully,hidden,secret,threatens,come,fore",13
Shows,Homestay Murders,,Original,Bengali,India,05-12-2023,Yes,Detective,Mystery,Detective Mystery,,U/A 16+,4,128 mins,128,6.3,"Sohini Sarkar, Saurav Das, Sabuj Bardhan, Debchandrima Singha Roy, Arjun Chakrabarty, Parno Mittra, Aparajita Ghosh, Judhajit Sarkar","A group of strangers get together at Ananya Homestay, surrounded by the mysterious silence of the mountains. When one of them gets murdered, they must confront each other's secrets and motives and uncover the truth before the killer strikes again.",group strangers get together ananya homestay surrounded mysterious silence mountains when one them gets murdered they must confront each others secrets motives uncover truth before killer strikes again,group strangers get together ananya,"group,strangers,get,together,ananya,homestay,surrounded,mysterious,silence,mountains,when,one,them,gets,murdered,they,must,confront,each,others,secrets,motives,uncover,truth,before,killer,strikes,again","group,strangers,get,together,ananya,homestay,surrounded,mysterious,silence,mountains,one,them,gets,murdered,they,must,confront,each,others,secrets,motives,uncover,truth,before,killer,strikes,again",16
Shows,Rajneeti,,Original,Bengali,India,26-05-2023,Yes,Thriller,Political,Thriller Political,,U/A 13+,3,179 mins,179,,"Ditipriya Roy, Arjun Chakrabarty, Kaushik Ganguly, Koneenica Banerjee, Aniruddha Gupta","Powerful politician Rathin Banerjee's daughter, Rashi loses all her memories after a near-fatal accident. While her family rallies around her in this difficult hour, she finds herself at the centre of a political conspiracy that may set her up for a dynastic power struggle.",powerful politician rathin banerjees daughter rashi loses all her memories after nearfatal accident while her family rallies around her difficult hour she finds herself centre political conspiracy may set her up dynastic power struggle,powerful politician rathin banerjees daughter,"powerful,politician,rathin,banerjees,daughter,rashi,loses,all,her,memories,after,nearfatal,accident,while,her,family,rallies,around,her,difficult,hour,she,finds,herself,centre,political,conspiracy,may,set,her,up,dynastic,power,struggle","powerful,politician,rathin,banerjees,daughter,rashi,loses,all,memories,after,nearfatal,accident,while,family,rallies,around,difficult,hour,she,finds,herself,centre,political,conspiracy,may,set,up,dynastic,power,struggle",13
Shows,Noshtoneer,,Original,Bengali,India,06-09-2023,Yes,Drama,Social,Drama Social,,U/A 13+,3,137 mins,137,6.9,"Sandipta Sen, Shoumo Banerjee, Angana Roy, Rooqma Ray, Anindya Chatterjee, Rahul Dev Bose, Nabanita Malakar, Lokenath Dey","Aparna's blissful world comes crashing down when she discovers a slanderous allegation against her husband on social media. As she tries to piece things back together, a conflict ensues between the truth-seeking woman and the peace-keeping homemaker in her.",aparnas blissful world comes crashing down when she discovers slanderous allegation against her husband social media she tries piece things back together conflict ensues between truthseeking woman peacekeeping homemaker her,aparnas blissful world comes crashing,"aparnas,blissful,world,comes,crashing,down,when,she,discovers,slanderous,allegation,against,her,husband,social,media,she,tries,piece,things,back,together,conflict,ensues,between,truthseeking,woman,peacekeeping,homemaker,her","aparnas,blissful,world,comes,crashing,down,she,discovers,slanderous,allegation,against,husband,social,media,she,tries,piece,things,back,together,conflict,ensues,between,truthseeking,woman,peacekeeping,homemaker",13
Shows,Mission Huntdown,,Original,Bengali,Bangladesh,28-06-2023,Yes,Thriller,,Thriller,,U/A 13+,3,212 mins,212,6.7,"FS Nayeem, Bidya Sinha Mim, Sumit Sen Gupta, Nishat Priom, AK Azad Shetu, Shahriar Shajib, Hasnat Ripon","ATS officer Mahid starts hunting down an emerging terrorist group in Bangladesh, the JKB. When his path collides with one of the militant's wives, they use each other in their own missions for truth, revenge and closure.",ats officer mahid starts hunting down emerging terrorist group bangladesh jkb when his path collides one militants wives they use each other their own missions truth revenge closure,ats officer mahid starts hunting,"ats,officer,mahid,starts,hunting,down,emerging,terrorist,group,bangladesh,jkb,when,his,path,collides,one,militants,wives,they,use,each,other,their,own,missions,truth,revenge,closure","ats,officer,mahid,starts,hunting,down,emerging,terrorist,group,bangladesh,jkb,path,collides,one,militants,wives,they,use,each,other,their,own,missions,truth,revenge,closure",13
Shows,Dugdugi,,Original,Bengali,India,28-07-2023,Yes,Comedy,Drama,Comedy Drama,,U/A 13+,3,149 mins,149,6.3,"Anirban Chakrabarti, Sreya Bhattacharrya, Rayati Bhattacharya, Biswanath Basu, Lokenath Dey","A frustrated Abanish lives a humdrum life with complicated personal equations and banal professional problems. His ordinary life takes an extraordinary turn when his wife suddenly goes missing, resulting in utter chaos!",frustrated abanish lives humdrum life complicated personal equations banal professional problems his ordinary life takes extraordinary turn when his wife suddenly goes missing resulting utter chaos,frustrated abanish lives humdrum life,"frustrated,abanish,lives,humdrum,life,complicated,personal,equations,banal,professional,problems,his,ordinary,life,takes,extraordinary,turn,when,his,wife,suddenly,goes,missing,resulting,utter,chaos","frustrated,abanish,lives,humdrum,life,complicated,personal,equations,banal,professional,problems,ordinary,life,takes,extraordinary,turn,wife,suddenly,goes,missing,resulting,utter,chaos",13
Shows,Nikhoj,,Original,Bengali,India,08-11-2023,Yes,Thriller,,Thriller,,U/A 13+,3,142 mins,142,5.3,"Swastika Mukherjee, Tota Roy Choudhury, Somashree Bhattacharya, Konineeca Banerjee, Saoli Chattopadhyay","When DCP Brinda Basu's daughter goes missing after attending a party, the latter's mentor and famous journalist Romit Sen becomes the prime suspect in a suspected foul play. Brinda must navigate a web of lies, deceit, and betrayal to find her daughter - alive or dead!",when dcp brinda basus daughter goes missing after attending party latters mentor famous journalist romit sen becomes prime suspect suspected foul play brinda must navigate web lies deceit betrayal find her daughter alive or dead,when dcp brinda basus daughter,"when,dcp,brinda,basus,daughter,goes,missing,after,attending,party,latters,mentor,famous,journalist,romit,sen,becomes,prime,suspect,suspected,foul,play,brinda,must,navigate,web,lies,deceit,betrayal,find,her,daughter,alive,or,dead","dcp,brinda,basus,daughter,goes,missing,after,attending,party,latters,mentor,famous,journalist,romit,sen,becomes,prime,suspect,suspected,foul,play,brinda,must,navigate,web,lies,deceit,betrayal,find,daughter,alive,or,dead",13
Shows,Sharey Showlo,,Original,Bengali,Bangladesh,16-08-2023,Yes,Drama,Mystery,Drama Mystery,,U/A 13+,3,155 mins,155,5.9,"Afran Nisho, Intekhab Dinar, Zakia Bari Momo, Imtiaz Barshon, Afia Tabassum Borno, Irfan Rony, Shahed Ali, Q Nawshaba Ahmed","On the eve of the most crucial court hearing of Reza's career, a suspicious death on the sixteen-and-a-half floor of Violet Inn puts him in a pickle. As his enemies await his almost inevitable fall from grace, Reza races against the clock to save himself.",eve most crucial court hearing rezas career suspicious death sixteenandahalf floor violet inn puts him pickle his enemies await his almost inevitable fall grace reza races against clock save himself,eve most crucial court hearing,"eve,most,crucial,court,hearing,rezas,career,suspicious,death,sixteenandahalf,floor,violet,inn,puts,him,pickle,his,enemies,await,his,almost,inevitable,fall,grace,reza,races,against,clock,save,himself","eve,most,crucial,court,hearing,rezas,career,suspicious,death,sixteenandahalf,floor,violet,inn,puts,him,pickle,enemies,await,almost,inevitable,fall,grace,reza,races,against,clock,save,himself",13
Shows,Kumudini Bhavan,,Original,Bengali,India,25-08-2023,Yes,Drama,Mystery,Drama Mystery,,U/A 13+,3,161 mins,161,6.6,"Ushasi Ray, Ambarish Bhattacharya, Anashua Majumdar, Rishav Basu, Arunima Haldar","A mysterious death at Kumudini Bhavan stuns Inspector Hochi and Anusree, the newest resident at the women's hostel. As they team up and dig deep, they discover unsettling secrets and unforeseen ties, with more deaths creeping up on them!",mysterious death kumudini bhavan stuns inspector hochi anusree newest resident womens hostel they team up dig deep they discover unsettling secrets unforeseen ties more deaths creeping up them,mysterious death kumudini bhavan stuns,"mysterious,death,kumudini,bhavan,stuns,inspector,hochi,anusree,newest,resident,womens,hostel,they,team,up,dig,deep,they,discover,unsettling,secrets,unforeseen,ties,more,deaths,creeping,up,them","mysterious,death,kumudini,bhavan,stuns,inspector,hochi,anusree,newest,resident,womens,hostel,they,team,up,dig,deep,they,discover,unsettling,secrets,unforeseen,ties,more,deaths,creeping,up,them",13
Shows,Mr. Kolketa,,Original,Bengali,India,09-08-2023,Yes,Drama,Mystery,Drama Mystery,,U/A 13+,3,191 mins,191,5.7,"Ritwick Chakraborty, Rajnandini Paul, Kaushik Sen, Kaushik Chatterjee, Debesh Roy Chowdhury, Ayush Mukherjee","When history geek, Kolke, partners up with his nerdy nephew Potai, and a quirky young girl, Jhelum, to uncover a lost treasure hidden in the underground tunnels of Kolkata, their expedition culminates in a gripping showdown beneath the city's surface.",when history geek kolke partners up his nerdy nephew potai quirky young girl jhelum uncover lost treasure hidden underground tunnels kolkata their expedition culminates gripping showdown beneath citys surface,when history geek kolke partners,"when,history,geek,kolke,partners,up,his,nerdy,nephew,potai,quirky,young,girl,jhelum,uncover,lost,treasure,hidden,underground,tunnels,kolkata,their,expedition,culminates,gripping,showdown,beneath,citys,surface","history,geek,kolke,partners,up,nerdy,nephew,potai,quirky,young,girl,jhelum,uncover,lost,treasure,hidden,underground,tunnels,kolkata,their,expedition,culminates,gripping,showdown,beneath,citys,surface",13
Shows,Odrisshyo,,Original,Bengali,Bangladesh,10-05-2023,Yes,Drama,Mystery,Drama Mystery,,U/A 13+,3,187 mins,187,6.5,"Mahfuz Ahmed, Aupee Karim, Nishat Priom, Shahdat Hossain, Shampa Reza, Sheikh Partho, Sumon Anowar","Anis, a successful businessman and aspiring politician, suddenly gets abducted. Unable to escape his fate, he has to navigate a dangerous maze of blackmail, betrayal, and personal turmoil. Can he flee his captor and unmask him?",anis successful businessman aspiring politician suddenly gets abducted unable escape his fate he has navigate dangerous maze blackmail betrayal personal turmoil can he flee his captor unmask him,anis successful businessman aspiring politician,"anis,successful,businessman,aspiring,politician,suddenly,gets,abducted,unable,escape,his,fate,he,has,navigate,dangerous,maze,blackmail,betrayal,personal,turmoil,can,he,flee,his,captor,unmask,him","anis,successful,businessman,aspiring,politician,suddenly,gets,abducted,unable,escape,fate,he,navigate,dangerous,maze,blackmail,betrayal,personal,turmoil,he,flee,captor,unmask,him",13
Shows,Durgo Rawhoshyo,,Original,Bengali,India,19-10-2023,Yes,Detective,Mystery,Detective Mystery,,U/A 13+,3,161,161,6.5,"Anirban Bhattacharya, Rahul Arunoday Banerjee, Sohini Sarkar, Chandan Sen, Biplab Chatterjee, Debesh Roychowdhury, Debraj Bhattacharya, Anusha Viswanathan, Anujoy Chattopadhyay","Seeds of crime, ploys of destruction, and legends of a hidden treasure lurk in an erstwhile royal fort of Jankigarh. Shotyaneshi Byomkesh Bakshi returns, along with Ajit and Satyabati, to unravel the mysteries in the dark hallways of the mysterious fortress.",seeds crime ploys destruction legends hidden treasure lurk erstwhile royal fort jankigarh shotyaneshi byomkesh bakshi returns along ajit satyabati unravel mysteries dark hallways mysterious fortress,seeds crime ploys destruction legends,"seeds,crime,ploys,destruction,legends,hidden,treasure,lurk,erstwhile,royal,fort,jankigarh,shotyaneshi,byomkesh,bakshi,returns,along,ajit,satyabati,unravel,mysteries,dark,hallways,mysterious,fortress","seeds,crime,ploys,destruction,legends,hidden,treasure,lurk,erstwhile,royal,fort,jankigarh,shotyaneshi,byomkesh,bakshi,returns,along,ajit,satyabati,unravel,mysteries,dark,hallways,mysterious,fortress",13
Shows,Parnashavarir Shaap,,Original,Bengali,India,11-10-2023,Yes,Horror,Mythological,Horror Mythological,,U/A 13+,3,150 mins,150,6.5,"Chiranjeet Chakrabarti, Gaurav Chakrabarty, Anindita Bose, Surangana Bandopadhyay, Arna Mukhopadhyay","A tranquil vacation of four friends at a hillside village takes a sinister turn, when they unwittingly incur the wrath of an ancient deity, Devi Parnashavari. Renowned ocultist, Bhaduri Moshai, is sought out to ward off the goddess' menacing curse that threatens to engulf them all!",tranquil vacation four friends hillside village takes sinister turn when they unwittingly incur wrath ancient deity devi parnashavari renowned ocultist bhaduri moshai sought out ward off goddess menacing curse threatens engulf them all,tranquil vacation four friends hillside,"tranquil,vacation,four,friends,hillside,village,takes,sinister,turn,when,they,unwittingly,incur,wrath,ancient,deity,devi,parnashavari,renowned,ocultist,bhaduri,moshai,sought,out,ward,off,goddess,menacing,curse,threatens,engulf,them,all","tranquil,vacation,four,friends,hillside,village,takes,sinister,turn,they,unwittingly,incur,wrath,ancient,deity,devi,parnashavari,renowned,ocultist,bhaduri,moshai,sought,out,ward,off,goddess,menacing,curse,threatens,engulf,them,all",13
Shows,Antormahal,,Original,Bengali,India,24-11-2023,Yes,Drama,,Drama,,U/A 13+,3,167 mins,167,6,"Ishaa Saha, Saurav Das, Arpan Ghoshal, Swastika Dutta, Writa Datta Chakraborty","Riti and Indro's pursuit of parenthood unfolds a storm of traditional social and male conditioning that causes cracks in their marriage. In a tug-of-war of self-respect and ego, will Riti and Indro's relationship be the ultimate casualty?",riti indros pursuit parenthood unfolds storm traditional social male conditioning causes cracks their marriage tugofwar selfrespect ego will riti indros relationship ultimate casualty,riti indros pursuit parenthood unfolds,"riti,indros,pursuit,parenthood,unfolds,storm,traditional,social,male,conditioning,causes,cracks,their,marriage,tugofwar,selfrespect,ego,will,riti,indros,relationship,ultimate,casualty","riti,indros,pursuit,parenthood,unfolds,storm,traditional,social,male,conditioning,causes,cracks,their,marriage,tugofwar,selfrespect,ego,riti,indros,relationship,ultimate,casualty",13
Shows,Fun Bhalobeshe Fun,,Original,Bengali,India,30-11-2023,Yes,Reality TV,Stand-up comedy,Reality TV Stand-up comedy,,U/A 13+,3,144 mins,144,,"Ananya Sen, Rajdeep Gupta, Angana Roy, Soumya Mukherjee, Saurav Das","Sprite presents Fun Bhalobeshe Fun is a unique stand-up comedy series that features top content creators and celebrities from Bengal who delve into different comedic styles, offering an ideal binge-worthy entertainment experience.",sprite presents fun bhalobeshe fun unique standup comedy series features top content creators celebrities bengal who delve into different comedic styles offering ideal bingeworthy entertainment experience,sprite presents fun bhalobeshe fun,"sprite,presents,fun,bhalobeshe,fun,unique,standup,comedy,series,features,top,content,creators,celebrities,bengal,who,delve,into,different,comedic,styles,offering,ideal,bingeworthy,entertainment,experience","sprite,presents,fun,bhalobeshe,fun,unique,standup,comedy,series,features,top,content,creators,celebrities,bengal,who,delve,into,different,comedic,styles,offering,ideal,bingeworthy,entertainment,experience",13
Shows,Mobaroknama,,Original,Bengali,Bangladesh,21-12-2023,Yes,Drama,Courtroom,Drama Courtroom,,U/A 13+,3,116 mins,116,6.5,"Mosharraf Karim, Nowrin Hasan Khan Jenny, Shahnaz Sumi, Samia Othoi, Sayed Zaman Shawon","Once an accomplished lawyer, Mobarok had retired after a case had rocked his moral foundation. Suddenly, a sensational case jolts the now-jaded man. Even after knowing that defeat in the case is inevitable, Mobarok returns to court because victory there is the only way to atone for his past mistake!",once accomplished lawyer mobarok had retired after case had rocked his moral foundation suddenly sensational case jolts nowjaded man even after knowing defeat case inevitable mobarok returns court because victory there only way atone his past mistake,once accomplished lawyer mobarok had,"once,accomplished,lawyer,mobarok,had,retired,after,case,had,rocked,his,moral,foundation,suddenly,sensational,case,jolts,nowjaded,man,even,after,knowing,defeat,case,inevitable,mobarok,returns,court,because,victory,there,only,way,atone,his,past,mistake","once,accomplished,lawyer,mobarok,retired,after,case,rocked,moral,foundation,suddenly,sensational,case,jolts,nowjaded,man,even,after,knowing,defeat,case,inevitable,mobarok,returns,court,because,victory,only,way,atone,past,mistake",13
Shows,Jaha Bolibo Shotto Bolibo,,Original,Bengali,India,02-10-2024,Yes,Drama,Courtroom,Drama Courtroom,,U/A 13+,3,148 mins,148,6.2,"Mimi Chakraborty, Tota Roy Choudhury, Anujoy Chattopadhyay, Kaushik Chakraborty, Debesh Chattopadhyay, Anindya Banerjee, Joydeep Mukherjee","Public prosecutor Pritha Roy takes up the case of a police officer who is murdered on intervening in an eve-teasing incident. The accused are fellow officers, defended by top lawyer Joyraj Singha. As both lawyers try to prove a point, personal and professional twists threaten to engulf them both!",public prosecutor pritha roy takes up case police officer who murdered intervening eveteasing incident accused are fellow officers defended top lawyer joyraj singha both lawyers try prove point personal professional twists threaten engulf them both,public prosecutor pritha roy takes,"public,prosecutor,pritha,roy,takes,up,case,police,officer,who,murdered,intervening,eveteasing,incident,accused,are,fellow,officers,defended,top,lawyer,joyraj,singha,both,lawyers,try,prove,point,personal,professional,twists,threaten,engulf,them,both","public,prosecutor,pritha,roy,takes,up,case,police,officer,who,murdered,intervening,eveteasing,incident,accused,fellow,officers,defended,top,lawyer,joyraj,singha,both,lawyers,try,prove,point,personal,professional,twists,threaten,engulf,them,both",13
Shows,Kolonko,,Original,Bengali,India,19-01-2024,Yes,Drama,Mystery,Drama Mystery,,U/A 16+,4,182 mins,182,6.5,"Raima Sen, Ritwick Chakraborty, Srijla Guha, Gaurav Chakrabarty, Ambarish Bhattacharya","Chaity and Rangan navigate the aftermath of an unsettling deception that shatters the veneer of their two-decade-long progressive marriage. While they try to restore their familial bliss, elements from the past and present intertwine to open a new can of worms!",chaity rangan navigate aftermath unsettling deception shatters veneer their twodecadelong progressive marriage while they try restore their familial bliss elements past present intertwine open new can worms,chaity rangan navigate aftermath unsettling,"chaity,rangan,navigate,aftermath,unsettling,deception,shatters,veneer,their,twodecadelong,progressive,marriage,while,they,try,restore,their,familial,bliss,elements,past,present,intertwine,open,new,can,worms","chaity,rangan,navigate,aftermath,unsettling,deception,shatters,veneer,their,twodecadelong,progressive,marriage,while,they,try,restore,their,familial,bliss,elements,past,present,intertwine,open,new,worms",16
Shows,Chemistry Mashi,,Original,Bengali,India,14-02-2024,Yes,Drama,Social,Drama Social,,U/A 13+,3,162 mins,162,7.4,"Debasree Roy, Shankar Chakraborty, Ritwika Pal, Saptarshi Maulik, Sreya Bhattacharyya, Soumya Mukherjee","Sucharita, a middle-aged homemaker, becomes famous as Chemistry Mashi by imparting free chemistry lessons online. But when highly paid coaching institutes smell trouble, Sucharita must navigate politicised scandals and systemic corruption in the education sector to keep teaching those in need.",sucharita middleaged homemaker becomes famous chemistry mashi imparting free chemistry lessons online but when highly paid coaching institutes smell trouble sucharita must navigate politicised scandals systemic corruption education sector keep teaching those need,sucharita middleaged homemaker becomes famous,"sucharita,middleaged,homemaker,becomes,famous,chemistry,mashi,imparting,free,chemistry,lessons,online,but,when,highly,paid,coaching,institutes,smell,trouble,sucharita,must,navigate,politicised,scandals,systemic,corruption,education,sector,keep,teaching,those,need","sucharita,middleaged,homemaker,becomes,famous,chemistry,mashi,imparting,free,chemistry,lessons,online,but,highly,paid,coaching,institutes,smell,trouble,sucharita,must,navigate,politicised,scandals,systemic,corruption,education,sector,keep,teaching,need",13
Shows,Robinson Street Horror Story: Myth vs Reality,,Original,Bengali,India,05-01-2024,Yes,Documentary,Crime,Documentary Crime,,U/A 16+,4,6,6,,"Loknath Dey, Joysree Dasgupta, Amay Deb Roy","Kolkata's house of horrors on 3, Robinson Street, where Partha De lived with his sister's skeleton, is laced with the horrors of childhood trauma, isolation and lack of understanding of mental health disorders. This docu-series traces the origin of the case and its sensationalised media trial.",kolkatas house horrors 3 robinson street where partha de lived his sisters skeleton laced horrors childhood trauma isolation lack understanding mental health disorders docuseries traces origin case its sensationalised media trial,kolkatas house horrors 3 robinson,"kolkatas,house,horrors,3,robinson,street,where,partha,de,lived,his,sisters,skeleton,laced,horrors,childhood,trauma,isolation,lack,understanding,mental,health,disorders,docuseries,traces,origin,case,its,sensationalised,media,trial","kolkatas,house,horrors,3,robinson,street,where,partha,de,lived,sisters,skeleton,laced,horrors,childhood,trauma,isolation,lack,understanding,mental,health,disorders,docuseries,traces,origin,case,sensationalised,media,trial",16
Shows,Lojja,,Original,Bengali,India,22-03-2024,Yes,Drama,Social,Drama Social,,U/A 16+,4,148 mins,148,6.4,"Priyanka Sarkar, Anujoy Chattopadhyay, Indrasish Roy, Saoli Chattopadhyay, Kheyali Dastidar, Koneenica Banerjee","Jaya, a meek homemaker, has been subjected to relentless verbal abuse by her husband over the years. As she confronts society's stifling expectations of women to raise her voice against the abuse, her life becomes a battleground in her quest to regain her self-esteem.",jaya meek homemaker has been subjected relentless verbal abuse her husband over years she confronts societys stifling expectations women raise her voice against abuse her life becomes battleground her quest regain her selfesteem,jaya meek homemaker has been,"jaya,meek,homemaker,has,been,subjected,relentless,verbal,abuse,her,husband,over,years,she,confronts,societys,stifling,expectations,women,raise,her,voice,against,abuse,her,life,becomes,battleground,her,quest,regain,her,selfesteem","jaya,meek,homemaker,been,subjected,relentless,verbal,abuse,husband,over,years,she,confronts,societys,stifling,expectations,women,raise,voice,against,abuse,life,becomes,battleground,quest,regain,selfesteem",16
Shows,Dadur Kirti,,Original,Bengali,India,29-03-2024,Yes,Comedy,Drama,Comedy Drama,,U/A 13+,3,174 mins,174,5.3,"Paran Bandopadhyay, Anashua Majumdar, Satyam Bhattacharya, Shantilal Mukherjee, Srijla Guha, Rwitobroto Mukherjee, Chandreyee Ghosh, Kanchan Mullick, Durbar Sharma, Avery Singha Roy","The patriarch of the Chowdhury Bari unites his estranged family on the pretext of his impending death, and reveals the existence of a spirit guarding a hidden ancestral treasure. As the family engages in a treasure hunt, emotions run high, love blossoms, and everyone confronts past transgressions.",patriarch chowdhury bari unites his estranged family pretext his impending death reveals existence spirit guarding hidden ancestral treasure family engages treasure hunt emotions run high love blossoms everyone confronts past transgressions,patriarch chowdhury bari unites his,"patriarch,chowdhury,bari,unites,his,estranged,family,pretext,his,impending,death,reveals,existence,spirit,guarding,hidden,ancestral,treasure,family,engages,treasure,hunt,emotions,run,high,love,blossoms,everyone,confronts,past,transgressions","patriarch,chowdhury,bari,unites,estranged,family,pretext,impending,death,reveals,existence,spirit,guarding,hidden,ancestral,treasure,family,engages,treasure,hunt,emotions,run,high,love,blossoms,everyone,confronts,past,transgressions",13
Shows,Chhabi Biswas,,Original,Bengali,India,04-06-2024,Yes,Thriller,Crime,Thriller Crime,,U/A 13+,3,165 mins,165,7.3,"Subham, Subhasish Mukhopadhyay, Anuradha Mukherjee, Anangsha Biswas, Kinjal Nanda, Chandan Sen, Ayan Bhattacharjee, Momo ▲","Chhabi Biswas, a seemingly dull middle-aged photographer who has been a subject of mockery throughout his life, suddenly gets trapped in a world of darkness. When his true nature slowly comes to light in the form of secret tasks, he faces the wrath of greed and cruelty.",chhabi biswas seemingly dull middleaged photographer who has been subject mockery throughout his life suddenly gets trapped world darkness when his true nature slowly comes light form secret tasks he faces wrath greed cruelty,chhabi biswas seemingly dull middleaged,"chhabi,biswas,seemingly,dull,middleaged,photographer,who,has,been,subject,mockery,throughout,his,life,suddenly,gets,trapped,world,darkness,when,his,true,nature,slowly,comes,light,form,secret,tasks,he,faces,wrath,greed,cruelty","chhabi,biswas,seemingly,dull,middleaged,photographer,who,been,subject,mockery,throughout,life,suddenly,gets,trapped,world,darkness,true,nature,slowly,comes,light,form,secret,tasks,he,faces,wrath,greed,cruelty",13
Shows,Rumi,,Original,Bengali,Bangladesh,04-10-2024,Yes,Thriller,,Thriller,,U/A 16+,4,167 mins,167,6.7,"Chanchal Chowdhury, Reekita Nondine Shimu, Abdun Noor Shajal, Afia Tabassum Borno, Shahadat Hossain, Deepa Khandakar","Rumi, a CIB officer, loses his sight and his job in a near-fatal accident. He starts having nightmares of strange events, one of which shockingly translates to reality in a gruesome murder. Now, the blind detective must decipher his nightmares to unravel the mystery behind the violent crime!",rumi cib officer loses his sight his job nearfatal accident he starts having nightmares strange events one which shockingly translates reality gruesome murder now blind detective must decipher his nightmares unravel mystery behind violent crime,rumi cib officer loses his,"rumi,cib,officer,loses,his,sight,his,job,nearfatal,accident,he,starts,having,nightmares,strange,events,one,which,shockingly,translates,reality,gruesome,murder,now,blind,detective,must,decipher,his,nightmares,unravel,mystery,behind,violent,crime","rumi,cib,officer,loses,sight,job,nearfatal,accident,he,starts,having,nightmares,strange,events,one,which,shockingly,translates,reality,gruesome,murder,now,blind,detective,must,decipher,nightmares,unravel,mystery,behind,violent,crime",16
Shows,Advocate Achinta Aich,,Original,Bengali,India,26-04-2024,Yes,Drama,Courtroom,Drama Courtroom,,U/A 13+,3,165 mins,165,6.8,"Riwtick Chakraborty, Saswata Chatterjee, Surangana Bandopadhyay, Dulal Lahiri, Loknath Dey, Alakananda Roy, Debraj Bhattacharya, Kheya Chattopadhyay","Following a shocking high-profile murder with several eyewitnesses, the only suspect in the seemingly open-and-shut case turns to Achinta Aich, a notary lawyer with few resources. As Achinta risks his all in a quest for justice, he uncovers a web of secrets and sins that hold the key to the truth.",following shocking highprofile murder several eyewitnesses only suspect seemingly openandshut case turns achinta aich notary lawyer few resources achinta risks his all quest justice he uncovers web secrets sins hold key truth,following shocking highprofile murder several,"following,shocking,highprofile,murder,several,eyewitnesses,only,suspect,seemingly,openandshut,case,turns,achinta,aich,notary,lawyer,few,resources,achinta,risks,his,all,quest,justice,he,uncovers,web,secrets,sins,hold,key,truth","following,shocking,highprofile,murder,several,eyewitnesses,only,suspect,seemingly,openandshut,case,turns,achinta,aich,notary,lawyer,few,resources,achinta,risks,all,quest,justice,he,uncovers,web,secrets,sins,hold,key,truth",13
Shows,Golam Mamun,,Original,Bengali,Bangladesh,13-06-2024,Yes,Thriller,,Thriller,,U/A 13+,3,209 mins,209,7.2,"Ziaul Faruq Apurba, Sabila Nur, Imtiaz Barshon, Nazmus Sakib, Fakhrul Bashar Masum, Sharlin Farzana","Mamun, the prime suspect in a double murder, faces off with a serial killer and the system to which he has dedicated his life, while the clock keeps ticking on his quest to prove his innocence.",mamun prime suspect double murder faces off serial killer system which he has dedicated his life while clock keeps ticking his quest prove his innocence,mamun prime suspect double murder,"mamun,prime,suspect,double,murder,faces,off,serial,killer,system,which,he,has,dedicated,his,life,while,clock,keeps,ticking,his,quest,prove,his,innocence","mamun,prime,suspect,double,murder,faces,off,serial,killer,system,which,he,dedicated,life,while,clock,keeps,ticking,quest,prove,innocence",13
Shows,Boka Bakshote Bondi,,Original,Bengali,India,21-06-2024,Yes,Drama,Psychological,Drama Psychological,,U/A 13+,3,132 mins,132,6.8,"Solanki Roy, Neel Bhattacharya, Shoumo Banerjee, Mousumi Saha, Alivia Sarkar, Riya Ganguly",An actress leaves her profession for a life away from the limelight. But her last day of work becomes a nightmare as she finds herself unsure where her scripted persona ends and her true self begins.,actress leaves her profession life away limelight but her last day work becomes nightmare she finds herself unsure where her scripted persona ends her true self begins,actress leaves her profession life,"actress,leaves,her,profession,life,away,limelight,but,her,last,day,work,becomes,nightmare,she,finds,herself,unsure,where,her,scripted,persona,ends,her,true,self,begins","actress,leaves,profession,life,away,limelight,but,last,day,work,becomes,nightmare,she,finds,herself,unsure,where,scripted,persona,ends,true,self,begins",13
Shows,Bijoya,,Original,Bengali,India,07-05-2024,Yes,Drama,Social,Drama Social,,U/A 16+,4,187 mins,187,7,"Swastika Mukherjee, Debdutta Raha, Shaheb Chattopadhyay, Bidipta Chakraborty, Raunak Dey Bhowmick, Jeet Sundar, Debi Saha","When Bijoya's son slips into a coma after suffering a suspicious fall at his college, the resolute mother pulls all stops to uncover a cycle of ragging and corruption and bring justice to her son.",when bijoyas son slips into coma after suffering suspicious fall his college resolute mother pulls all stops uncover cycle ragging corruption bring justice her son,when bijoyas son slips into,"when,bijoyas,son,slips,into,coma,after,suffering,suspicious,fall,his,college,resolute,mother,pulls,all,stops,uncover,cycle,ragging,corruption,bring,justice,her,son","bijoyas,son,slips,into,coma,after,suffering,suspicious,fall,college,resolute,mother,pulls,all,stops,uncover,cycle,ragging,corruption,bring,justice,son",16
Shows,Parineeta,,Original,Bengali,India,15-08-2024,Yes,Romantic,Drama,Romantic Drama,,U/A 13+,3,168 mins,168,7.5,"Debchandrima Singha Roy, Gaurav Chakrabarty, Arpan Ghoshal, Loknath Dey, Debdut Ghosh, Pushpita Mukherjee, Mimi Dutta","Lalita and Shekhar's chance encounter after several years stirs up bittersweet memories, forcing them to confront their fears and fury, misbelief and misery, and most of all their profound love for each other!",lalita shekhars chance encounter after several years stirs up bittersweet memories forcing them confront their fears fury misbelief misery most all their profound love each other,lalita shekhars chance encounter after,"lalita,shekhars,chance,encounter,after,several,years,stirs,up,bittersweet,memories,forcing,them,confront,their,fears,fury,misbelief,misery,most,all,their,profound,love,each,other","lalita,shekhars,chance,encounter,after,several,years,stirs,up,bittersweet,memories,forcing,them,confront,their,fears,fury,misbelief,misery,most,all,their,profound,love,each,other",13
Shows,Mohishashur Mordini,,Original,Bengali,India,10-02-2024,Yes,Drama,Mythological,Drama Mythological,,A 18+,5,178 mins,178,8.2,"Rajnandini Paul, Rohaan Bhattacharjee, Shreya Mukherjee, Debanjan Chatterjee, Niladri Lahiri, Subhrajit Dutta, Debopriyo Mukherjee","In the mystical realm of gods and demons, Mahamaya, the divine feminine, emerges to restore balance, confronting ancient evils with her many forms and boundless power. From showcasing Sati's sacrifice to Shiv’s fury, this series celebrates the Aadishakti's power, showing that without her, life ceases to exist.",mystical realm gods demons mahamaya divine feminine emerges restore balance confronting ancient evils her many forms boundless power showcasing satis sacrifice shivs fury series celebrates aadishaktis power showing without her life ceases exist,mystical realm gods demons mahamaya,"mystical,realm,gods,demons,mahamaya,divine,feminine,emerges,restore,balance,confronting,ancient,evils,her,many,forms,boundless,power,showcasing,satis,sacrifice,shivs,fury,series,celebrates,aadishaktis,power,showing,without,her,life,ceases,exist","mystical,realm,gods,demons,mahamaya,divine,feminine,emerges,restore,balance,confronting,ancient,evils,many,forms,boundless,power,showcasing,satis,sacrifice,shivs,fury,series,celebrates,aadishaktis,power,showing,without,life,ceases,exist",18
Shows,Kaberi,,Original,Bengali,India,10-08-2024,Yes,Drama,Social,Drama Social,,U/A 16+,4,173 mins,173,6.9,"Paoli Dam, Sourav Chakraborty, Beas Dhar, Shankar Debnath, Prantik Banerjee, Chandan Sen","Kaberi, a severely oppressed woman on the run from her abusive husband, develops a special bond with Shampa, one of her students. When Shampa faces an evil conspiracy, Kaberi's quest to save her becomes the fight for her own existence.",kaberi severely oppressed woman run her abusive husband develops special bond shampa one her students when shampa faces evil conspiracy kaberis quest save her becomes fight her own existence,kaberi severely oppressed woman run,"kaberi,severely,oppressed,woman,run,her,abusive,husband,develops,special,bond,shampa,one,her,students,when,shampa,faces,evil,conspiracy,kaberis,quest,save,her,becomes,fight,her,own,existence","kaberi,severely,oppressed,woman,run,abusive,husband,develops,special,bond,shampa,one,students,shampa,faces,evil,conspiracy,kaberis,quest,save,becomes,fight,own,existence",16
Shows,Sunrise Bhojonbilashi,,Original,Bengali,India,23-10-2024,Yes,Reality TV,Food & Travel,Reality TV Food & Travel,,U,1,80 mins,80,,"Somak Ghosh, Saurav Das, Anirban Chakrabarti, Durnibar Saha, Ushashi Ray, Ankita Bhattacharyya","Discover the essence of Bengal in Sunrise Bhojonbilashi, a captivating food and travel show where our host meets five talented chefs and charming guests while uncovering hidden culinary gems, art, culture, and the beauty of five districts of West Bengal.",discover essence bengal sunrise bhojonbilashi captivating food travel show where our host meets five talented chefs charming guests while uncovering hidden culinary gems art culture beauty five districts west bengal,discover essence bengal sunrise bhojonbilashi,"discover,essence,bengal,sunrise,bhojonbilashi,captivating,food,travel,show,where,our,host,meets,five,talented,chefs,charming,guests,while,uncovering,hidden,culinary,gems,art,culture,beauty,five,districts,west,bengal","discover,essence,bengal,sunrise,bhojonbilashi,captivating,food,travel,show,where,our,host,meets,five,talented,chefs,charming,guests,while,uncovering,hidden,culinary,gems,art,culture,beauty,five,districts,west,bengal",0
Shows,Nikosh Chhaya,,Original,Bengali,India,31-10-2024,Yes,Horror,Mythological,Horror Mythological,,U/A 13+,3,120 mins,120,6.2,"Chiranjeet Chakrabarti, Surangana Bandopadhyay, Anujoy Chattopadhyay, Gaurav Chakrabarty, Anindita Bose, Arna Mukhopadhyay, Kanchan Mullick","Bhaduri Moshai, the renowned occultist, is drawn into a haunting mystery when an Aghori tantric surfaces around the blood moon, with sinister intentions which begin to harm people he holds dear.",bhaduri moshai renowned occultist drawn into haunting mystery when aghori tantric surfaces around blood moon sinister intentions which begin harm people he holds dear,bhaduri moshai renowned occultist drawn,"bhaduri,moshai,renowned,occultist,drawn,into,haunting,mystery,when,aghori,tantric,surfaces,around,blood,moon,sinister,intentions,which,begin,harm,people,he,holds,dear","bhaduri,moshai,renowned,occultist,drawn,into,haunting,mystery,aghori,tantric,surfaces,around,blood,moon,sinister,intentions,which,begin,harm,people,he,holds,dear",13
Shows,Rongila Kitab,,Original,Bengali,Bangladesh,11-08-2024,Yes,Thriller,,Thriller,,U/A 16+,4,172 mins,172,6.2,"Pori Moni, Mostafizur Noor Imran, Fazlur Rahman Babu, Manoj Pramanik, Iresh Zaker, Tanvin Sweety, Shimul Sharma","A local goon in Barisal vows to his expecting wife to abandon his life of crime. However, fate deals a cruel blow as he finds himself falsely implicated in a high-profile murder and is forced to be on the run with his wife, as the law and an unknown enemy close in on them!",local goon barisal vows his expecting wife abandon his life crime however fate deals cruel blow he finds himself falsely implicated highprofile murder forced run his wife law unknown enemy close them,local goon barisal vows his,"local,goon,barisal,vows,his,expecting,wife,abandon,his,life,crime,however,fate,deals,cruel,blow,he,finds,himself,falsely,implicated,highprofile,murder,forced,run,his,wife,law,unknown,enemy,close,them","local,goon,barisal,vows,expecting,wife,abandon,life,crime,however,fate,deals,cruel,blow,he,finds,himself,falsely,implicated,highprofile,murder,forced,run,wife,law,unknown,enemy,close,them",16
Shows,Talmar Romeo Juliet,,Original,Bengali,India,15-11-2024,Yes,Romantic,Drama,Romantic Drama,,U/A 16+,4,,202,6.6,,,,,,,16
Shows,Kaalratri,,Original,Bengali,India,06-12-2024,Yes,Drama,Mystery,Drama Mystery,,U/A 16+,4,,156,5,,,,,,,16
Shows,Institute of Isspecial Talents,,Original,Bengali,India,05-10-2023,Yes,Comedy,,Comedy,,U,1,,8,,,,,,,,0
Shows,Hothat Dekha,,Original,Bengali,India,,Yes,Romantic,,Romantic,,U,1,,10,,,,,,,,0
Shows,Petukbaaj,,Original,Bengali,India,,Yes,Reality TV,Food & Travel,Reality TV Food & Travel,,U,1,,14,,,,,,,,0
Shows,Trial Jamai,,Original,Bengali,India,,Yes,Comedy,Drama,Comedy Drama,,U,1,,13,,,,,,,,0
Shows,Chill Dil,,Original,Hindi,India,,Yes,Romantic,,Romantic,,U,1,,,,,,,,,,0
Shows,A Sudden Meet,Hothat Dekha,Original,Hindi,India,,Yes,Romantic,,Romantic,,U,1,,,,,,,,,,0
Shows,In a Relationship,,Original,Bengali,India,03-02-2023,Yes,Romantic,Comedy,Romantic Comedy,,U,1,8,8,6.1,"Aryann Bhowmik, Anamika Chakraborty","A year later, busy corporate life and emotional detachment have made Shaon and Brishti drift apart. Will the precious Valentine's week mend the issues and pave the way for a brighter future?",year later busy corporate life emotional detachment have made shaon brishti drift apart will precious valentines week mend issues pave way brighter future,year later busy corporate life,"year,later,busy,corporate,life,emotional,detachment,have,made,shaon,brishti,drift,apart,will,precious,valentines,week,mend,issues,pave,way,brighter,future","year,later,busy,corporate,life,emotional,detachment,made,shaon,brishti,drift,apart,precious,valentines,week,mend,issues,pave,way,brighter,future",0
Shows,Bhoj Ki Khonj,Sunrise Bhojonbilashi,Original,Hindi,India,,Yes,Reality TV,Food & Travel,Reality TV Food & Travel,,U,1,80 mins,80,,"Somak Ghosh, Saurav Das, Anirban Chakrabarti, Durnibar Saha, Ushashi Ray, Ankita Bhattacharyya","Discover the essence of Bengal in Sunrise Bhojonbilashi, a captivating food and travel show where our host meets five talented chefs and charming guests while uncovering hidden culinary gems, art, culture, and the beauty of five districts of West Bengal.",discover essence bengal sunrise bhojonbilashi captivating food travel show where our host meets five talented chefs charming guests while uncovering hidden culinary gems art culture beauty five districts west bengal,discover essence bengal sunrise bhojonbilashi,"discover,essence,bengal,sunrise,bhojonbilashi,captivating,food,travel,show,where,our,host,meets,five,talented,chefs,charming,guests,while,uncovering,hidden,culinary,gems,art,culture,beauty,five,districts,west,bengal","discover,essence,bengal,sunrise,bhojonbilashi,captivating,food,travel,show,where,our,host,meets,five,talented,chefs,charming,guests,while,uncovering,hidden,culinary,gems,art,culture,beauty,five,districts,west,bengal",0
Shows,Hello!,Hello!,Original,Hindi,India,25-09-2017,Yes,Thriller,,Thriller,,A 18+,5,147 mins,147,8,"Raima Sen, Priyanka Sarkar, Joy Sengupta, Saheb Bhattacharya, Pamela Bhutoria","Nandita starts receiving MMS of her husband's extramarital affair with a mysterious woman Nina. As she tries to identify the sender, she finds herself in a maze.",nandita starts receiving mms her husbands extramarital affair mysterious woman nina she tries identify sender she finds herself maze,nandita starts receiving mms her,"nandita,starts,receiving,mms,her,husbands,extramarital,affair,mysterious,woman,nina,she,tries,identify,sender,she,finds,herself,maze","nandita,starts,receiving,mms,husbands,extramarital,affair,mysterious,woman,nina,she,tries,identify,sender,she,finds,herself,maze",18
Shows,Cartoon,Cartoon,Original,Hindi,India,26-09-2017,Yes,Horror,,Horror,,U/A 16+,4,128 mins,128,5.9,"Paayel Sarkar, Mainak Banerjee",Cartoonist Aritra’s life turns upside down when mysterious things start happening in his new apartment. Mayhem ensues when a paranormal activist dies suddenly.,cartoonist aritras life turns upside down when mysterious things start happening his new apartment mayhem ensues when paranormal activist dies suddenly,cartoonist aritras life turns upside,"cartoonist,aritras,life,turns,upside,down,when,mysterious,things,start,happening,his,new,apartment,mayhem,ensues,when,paranormal,activist,dies,suddenly","cartoonist,aritras,life,turns,upside,down,mysterious,things,start,happening,new,apartment,mayhem,ensues,paranormal,activist,dies,suddenly",16
Shows,Holy Crap,Holy Faak,Original,Hindi,India,,Yes,Romantic,Comedy,Romantic Comedy,,A 18+,5,161 mins,161,5.1,"Soumya Mukherji, Anamika Chakraborty, Paran Bandopadhyay, Ratna Ghoshal",Lovers turn haters when Diya breaks up with Indra to marry a guy chosen by her father. “Holy Faak” presented by hoichoi is here to turn the world upside down!,lovers turn haters when diya breaks up indra marry guy chosen her father holy faak presented hoichoi here turn world upside down,lovers turn haters when diya,"lovers,turn,haters,when,diya,breaks,up,indra,marry,guy,chosen,her,father,holy,faak,presented,hoichoi,here,turn,world,upside,down","lovers,turn,haters,diya,breaks,up,indra,marry,guy,chosen,father,holy,faak,presented,hoichoi,turn,world,upside,down",18
Shows,Paying Guests,Dupur Thakurpo,Original,Hindi,India,,Yes,Comedy,Adult,Comedy Adult,,A 18+,5,196 mins,196,4,"Swastika Mukherjee, Abhijit Guha, Anindya Chatterjee","When Jibon babu brings home a vivacious wife called Uma, inappropriate things start happening as she becomes the fantasy and obsession of the other young tenants in the house.",when jibon babu brings home vivacious wife called uma inappropriate things start happening she becomes fantasy obsession other young tenants house,when jibon babu brings home,"when,jibon,babu,brings,home,vivacious,wife,called,uma,inappropriate,things,start,happening,she,becomes,fantasy,obsession,other,young,tenants,house","jibon,babu,brings,home,vivacious,wife,called,uma,inappropriate,things,start,happening,she,becomes,fantasy,obsession,other,young,tenants,house",18
Shows,Paranoia,Paranoia,Original,Hindi,India,11-12-2017,Yes,Horror,Psychological,Horror Psychological,,A 18+,5,79 mins,79,,"Kamaleswar Mukherjee, Saayoni Ghosh, Rayati Battacharya Basu, Anindya Sain","A collection of stories of four people dealing with human emotions entrapped in a continuous maze of dilutions, unjustified, and betrayal from the surrounding.",collection stories four people dealing human emotions entrapped continuous maze dilutions unjustified betrayal surrounding,collection stories four people dealing,"collection,stories,four,people,dealing,human,emotions,entrapped,continuous,maze,dilutions,unjustified,betrayal,surrounding","collection,stories,four,people,dealing,human,emotions,entrapped,continuous,maze,dilutions,unjustified,betrayal,surrounding",18
Shows,Mrs. Jasoos,Bouma Detective,Original,Hindi,India,,Yes,Detective,Mystery,Detective Mystery,,U/A 16+,4,166 mins,166,6.2,"Aparajita Addhya, Rohit Roy","Simple homemaker Rohini decides to take on the role of a detective, after her superstar husband Ranojay is accused of murdering his co-actor.",simple homemaker rohini decides take role detective after her superstar husband ranojay accused murdering his coactor,simple homemaker rohini decides take,"simple,homemaker,rohini,decides,take,role,detective,after,her,superstar,husband,ranojay,accused,murdering,his,coactor","simple,homemaker,rohini,decides,take,role,detective,after,superstar,husband,ranojay,accused,murdering,coactor",16
Shows,Six,Six,Original,Hindi,India,20-01-2018,Yes,Thriller,Psychological,Thriller Psychological,,U/A 16+,4,222 mins,222,6.1,"Nishan Nanaiah, Darshana, Silajit Majumder","Soumyojit Ray’s life turns upside down, when his wife suddenly dies and he gets accused. hoichoi Originals presents Six, a never-seen-before psycho-thriller.",soumyojit rays life turns upside down when his wife suddenly dies he gets accused hoichoi originals presents six neverseenbefore psychothriller,soumyojit rays life turns upside,"soumyojit,rays,life,turns,upside,down,when,his,wife,suddenly,dies,he,gets,accused,hoichoi,originals,presents,six,neverseenbefore,psychothriller","soumyojit,rays,life,turns,upside,down,wife,suddenly,dies,he,gets,accused,hoichoi,originals,presents,six,neverseenbefore,psychothriller",16
Shows,Calm Sutra,Japani Toy,Original,Hindi,India,,Yes,Comedy,Adult,Comedy Adult,,A 18+,5,170 mins,170,5.9,"Rajdeep Gupta, Ishaa Saha, Rajat Ganguly, Kaushili Guha",What happens when you want to open a sex toy shop in Kolkata? Watch this hoichoi Original social satire.,what happens when you want open sex toy shop kolkata watch hoichoi original social satire,what happens when you want,"what,happens,when,you,want,open,sex,toy,shop,kolkata,watch,hoichoi,original,social,satire","what,happens,you,want,open,sex,toy,shop,kolkata,watch,hoichoi,original,social,satire",18
Shows,Vaidehi,Shei Je Holud Pakhi,Original,Hindi,India,,Yes,Thriller,Psychological,Thriller Psychological,,A 18+,5,197 mins,197,7.1,"Saswata Chatterjee, Tridha Choudhury, Gourab Chatterjee, Kaushik Sen","Somnath lost his daughter whose music is now his only resort. But, what if they lead to a cacophony of mysterious strains? Presenting hoichoi’s first musical-thriller!",somnath lost his daughter whose music now his only resort but what if they lead cacophony mysterious strains presenting hoichois first musicalthriller,somnath lost his daughter whose,"somnath,lost,his,daughter,whose,music,now,his,only,resort,but,what,if,they,lead,cacophony,mysterious,strains,presenting,hoichois,first,musicalthriller","somnath,lost,daughter,whose,music,now,only,resort,but,what,if,they,lead,cacophony,mysterious,strains,presenting,hoichois,first,musicalthriller",18
Shows,Dark Web,Dark Web,Original,Hindi,India,08-04-2018,Yes,Thriller,Psychological,Thriller Psychological,,A 18+,5,151 mins,151,6.2,"Shaheb Bhattacharya, Sampurna Lahiri",Indra unwittingly hacks into an anonymous portal while searching for new video games. He soon realises that he is now a victim to a threat known as the Dark Web.,indra unwittingly hacks into anonymous portal while searching new video games he soon realises he now victim threat known dark web,indra unwittingly hacks into anonymous,"indra,unwittingly,hacks,into,anonymous,portal,while,searching,new,video,games,he,soon,realises,he,now,victim,threat,known,dark,web","indra,unwittingly,hacks,into,anonymous,portal,while,searching,new,video,games,he,soon,realises,he,now,victim,threat,known,dark,web",18
Shows,Mismatch,Mismatch,Original,Hindi,India,15-09-2018,Yes,Comedy,Adult,Comedy Adult,,A 18+,5,133 mins,133,4.7,"Rajdeep Gupta, Rachel White, Mainak Banerjee, Supurna Malakar",Diana adds some spice to her life by indulging in a friendly couple swapping. Will things go as per the plan? Watch “Mismatch” to unlock the answers.,diana adds some spice her life indulging friendly couple swapping will things go per plan watch mismatch unlock answers,diana adds some spice her,"diana,adds,some,spice,her,life,indulging,friendly,couple,swapping,will,things,go,per,plan,watch,mismatch,unlock,answers","diana,adds,some,spice,life,indulging,friendly,couple,swapping,things,go,per,plan,watch,mismatch,unlock,answers",18
Shows,Charitraheen,Charitraheen,Original,Hindi,India,29-09-2018,Yes,Drama,,Drama,,A 18+,5,218 mins,218,5,"Naina Ganguly, Gourab Chatterjee, Abhishek Singh, Ankita, Sourav Das, Debaprasad, Sreetama, Saayoni Ghosh, Soumendra Bhattacharya","hoichoi Originals presents “Charitraheen”, based on the novel by Sarat Chandra Chattopadhyay, with the twists and turns to be much in sync with today’s world.",hoichoi originals presents charitraheen based novel sarat chandra chattopadhyay twists turns much sync todays world,hoichoi originals presents charitraheen based,"hoichoi,originals,presents,charitraheen,based,novel,sarat,chandra,chattopadhyay,twists,turns,much,sync,todays,world","hoichoi,originals,presents,charitraheen,based,novel,sarat,chandra,chattopadhyay,twists,turns,much,sync,todays,world",18
Shows,Do Not Disturb (Hindi),Do Not Disturb,Original,Hindi,India,,Yes,Drama,Mystery,Drama Mystery,,U/A 16+,4,159 mins,159,4.3,"Anindya Banerjee, Sudipta Chakraborty, Rwitobroto Mukherjee, Soham Maitra, Remo, Debjani Kar, June Malia, Anusha Vishwanath, Mrinalkanti Dutta, Debopriyo Mukherjee, Debleena Sen, Gourab Chatterjee, Ratashree Dutta, Sourav Saha, Priyanka Mondol, Darshana Banik, Aryan Roy, Rana JLT","Privacy is needed by all, but can all enter the private zone? hoichoi presents “Do Not Disturb” narrating six stories happening in six rooms. Will you check in?",privacy needed all but can all enter private zone hoichoi presents do not disturb narrating six stories happening six rooms will you check,privacy needed all but can,"privacy,needed,all,but,can,all,enter,private,zone,hoichoi,presents,do,not,disturb,narrating,six,stories,happening,six,rooms,will,you,check","privacy,needed,all,but,all,enter,private,zone,hoichoi,presents,disturb,narrating,six,stories,happening,six,rooms,you,check",16
Shows,Dhanbad Blues,Dhanbad Blues,Original,Hindi,India,15-12-2018,Yes,Thriller,Crime,Thriller Crime,,A 18+,5,194 mins,194,5.1,"Rajatava Dutta, Solanki Roy, Rupanjana Mitra, Sritama Dey, Aparajita Addhya",Mrinal Sen is a failed director whose life takes a turn when he gets an opportunity to direct a film in Jharkhand. hoichoi presents web-series “Dhanbad Blues”.,mrinal sen failed director whose life takes turn when he gets opportunity direct film jharkhand hoichoi presents webseries dhanbad blues,mrinal sen failed director whose,"mrinal,sen,failed,director,whose,life,takes,turn,when,he,gets,opportunity,direct,film,jharkhand,hoichoi,presents,webseries,dhanbad,blues","mrinal,sen,failed,director,whose,life,takes,turn,he,gets,opportunity,direct,film,jharkhand,hoichoi,presents,webseries,dhanbad,blues",18
Shows,Taranath Tantrik,Taranath Tantrik,Original,Hindi,India,18-01-2019,Yes,Horror,Mythological,Horror Mythological,,A 18+,5,190 mins,190,5.2,"Jayant Kripalani, Kaushik Roy, Satrajit Sarkar, Joyraj Bhattacharya, Saloni Pandey, Uma Banerjee,Gitanjali Dang","Dig in the mystery of Taranath Tantrik as you experience the other-world with him. Directed by Q, the web-series promises horror like never before.",dig mystery taranath tantrik you experience otherworld him directed q webseries promises horror like never before,dig mystery taranath tantrik you,"dig,mystery,taranath,tantrik,you,experience,otherworld,him,directed,q,webseries,promises,horror,like,never,before","dig,mystery,taranath,tantrik,you,experience,otherworld,him,directed,q,webseries,promises,horror,like,never,before",18
Shows,Daastan-e-Love,Paanch Phoron,Original,Hindi,India,,Yes,Romantic,Drama,Romantic Drama,,U/A 13+,3,196 mins,196,,"Krittika Chakraborty, Rohit Samanta, Debparna Chakraborty, Shiam Ahmed, Masuma Rahman Nabila, Rawnak Hasan, Zakia Bari Momo, Jaya Ahsan, Vikram Chatterjee, Anirban Bhattacharya, Sohag Sen, Riddhi Sen, Rajnandini Paul","Five directors come together to narrate five different romantic tales, with the essential ingredient called “Love”. Hoichoi presents “Paanch Phoron”.",five directors come together narrate five different romantic tales essential ingredient called love hoichoi presents paanch phoron,five directors come together narrate,"five,directors,come,together,narrate,five,different,romantic,tales,essential,ingredient,called,love,hoichoi,presents,paanch,phoron","five,directors,come,together,narrate,five,different,romantic,tales,essential,ingredient,called,love,hoichoi,presents,paanch,phoron",13
Shows,Biwi ho to Aisi,Bou Keno Psycho,Original,Hindi,India,,Yes,Comedy,,Comedy,,A 18+,5,170 mins,170,4.4,"Poulomi Das, Saurav Das, Amrita Chattopadhyay, Anirban Bhattacharya, Sampurna Lahiri, Gourab Chatterjee, Rupanjana Mitra, Kausheek Bhattacharya, Saayoni Ghosh, Indrashish Ray, Ankita Chakraborty, Rajdeep Gupta, Darshana Banik, Dwaipayan Das, Debaloy Bhattacharya",A skeleton discovered in a tank reveals the existence of five psycho housewives. What's making these women cause terror in the lives of their husbands?,skeleton discovered tank reveals existence five psycho housewives whats making these women cause terror lives their husbands,skeleton discovered tank reveals existence,"skeleton,discovered,tank,reveals,existence,five,psycho,housewives,whats,making,these,women,cause,terror,lives,their,husbands","skeleton,discovered,tank,reveals,existence,five,psycho,housewives,whats,making,women,cause,terror,lives,their,husbands",18
Shows,Salon De Paris,Astey Ladies,Original,Hindi,India,,Yes,Thriller,Mystery,Thriller Mystery,,U/A 16+,4,169 mins,169,6.6,"Sandipta Sen, Saayoni Ghosh, Madhurima Ghosh, Saurav Das","Three desperate women turn robbers to save their hairstyling parlour, Salon De Paris. Now, they're in the middle of something big: a diamond heist! What's next?",three desperate women turn robbers save their hairstyling parlour salon de paris now theyre middle something big diamond heist whats next,three desperate women turn robbers,"three,desperate,women,turn,robbers,save,their,hairstyling,parlour,salon,de,paris,now,theyre,middle,something,big,diamond,heist,whats,next","three,desperate,women,turn,robbers,save,their,hairstyling,parlour,salon,de,paris,now,theyre,middle,something,big,diamond,heist,whats,next",16
Shows,Hushhh 2,Chupkotha 2,Original,Hindi,India,,Yes,Horror,,Horror,,U/A 16+,4,88 mins,88,5.5,"Parno Mittra, Mahi Singh, Sudip Mukherjee, Prasun Gain, Farhan Imroze, Rajat Ganguly","Journalist Shivangi gets trapped in many mysteries in her personal and professional life. Is everything a coincidence, or is there an uncanny connection?",journalist shivangi gets trapped many mysteries her personal professional life everything coincidence or there uncanny connection,journalist shivangi gets trapped many,"journalist,shivangi,gets,trapped,many,mysteries,her,personal,professional,life,everything,coincidence,or,there,uncanny,connection","journalist,shivangi,gets,trapped,many,mysteries,personal,professional,life,everything,coincidence,or,uncanny,connection",16
Shows,Dhaka Metro (Hindi),Dhaka Metro,Original,Hindi,Bangladesh,,Yes,Drama,,Drama,,U/A 13+,3,172 mins,172,6.7,"Aupee Karim, Neville Ferdous Hasan, Sharmin Zoha Shosheen, Mostafa Monwar, Shariful Islam","This is the story of a troubled city man who drives off, away from the chaotic city life and finds himself stuck in a disturbing reality. Throughout the road trip, he encounters a series of surreal events and meets strange people. He does not know where the road will take him next.",story troubled city man who drives off away chaotic city life finds himself stuck disturbing reality throughout road trip he encounters series surreal events meets strange people he does not know where road will take him next,story troubled city man who,"story,troubled,city,man,who,drives,off,away,chaotic,city,life,finds,himself,stuck,disturbing,reality,throughout,road,trip,he,encounters,series,surreal,events,meets,strange,people,he,does,not,know,where,road,will,take,him,next","story,troubled,city,man,who,drives,off,away,chaotic,city,life,finds,himself,stuck,disturbing,reality,throughout,road,trip,he,encounters,series,surreal,events,meets,strange,people,he,know,where,road,take,him,next",13
Shows,The Nightwatchman,The Nightwatchman,Original,Hindi,India,17-05-2019,Yes,Thriller,,Thriller,,U/A 13+,3,131 mins,131,4.7,"Arjun Chakraborty, Kaushik Sen, Anusha Vishwanathan, Ayan Bhattacharjee",A young man gets a lucrative job offer. But this opportunity comes with a dark consequence. Will his life change overnight?,young man gets lucrative job offer but opportunity comes dark consequence will his life change overnight,young man gets lucrative job,"young,man,gets,lucrative,job,offer,but,opportunity,comes,dark,consequence,will,his,life,change,overnight","young,man,gets,lucrative,job,offer,but,opportunity,comes,dark,consequence,life,change,overnight",13
Shows,Manbhanjan,Manbhanjan,Original,Hindi,India,14-06-2019,Yes,Drama,Period,Drama Period,,U/A 16+,4,91 mins,91,7.2,"Sohini Sarkar, Anirban Bhattacharya, Amrita Chattopadhyay","This hoichoi web series, based on Tagore's timeless tale, Manbhanjan, is a housewife's journey from her home to the world outside, looking for love and identity.",hoichoi web series based tagores timeless tale manbhanjan housewifes journey her home world outside looking love identity,hoichoi web series based tagores,"hoichoi,web,series,based,tagores,timeless,tale,manbhanjan,housewifes,journey,her,home,world,outside,looking,love,identity","hoichoi,web,series,based,tagores,timeless,tale,manbhanjan,housewifes,journey,home,world,outside,looking,love,identity",16
Shows,Tales of Mystery and Thrill,Rahasya Romancha Series,Original,Hindi,India,,Yes,Thriller,,Thriller,,A 18+,5,107 mins,107,7.4,"Priyanka Sarkar, Rudranil Ghosh, Kanchan Mullick, Bishwanath Basu, Saayoni Ghosh, Soumon Bose, Preetam Ganguly and Poulomi Das","One series, three mysteries! Enjoy an adventurous ride with the stories of a serial killer, a mechanic, and a gambler - on Rahasya Romancha Series on hoichoi.",one series three mysteries enjoy adventurous ride stories serial killer mechanic gambler rahasya romancha series hoichoi,one series three mysteries enjoy,"one,series,three,mysteries,enjoy,adventurous,ride,stories,serial,killer,mechanic,gambler,rahasya,romancha,series,hoichoi","one,series,three,mysteries,enjoy,adventurous,ride,stories,serial,killer,mechanic,gambler,rahasya,romancha,series,hoichoi",18
Shows,The Stoneman Murders,The Stoneman Murders,Original,Hindi,India,13-09-2019,Yes,Thriller,,Thriller,,A 18+,5,161 mins,161,5.9,"Rajatava Dutta, Swastika Mukherjee, Rupankar Bagchi, Arijit Dutta","An old, mysterious diary - with the descriptions of murders! Is the “Stoneman” murderer of the 90’s Kolkata back? Watch The Stoneman Murders on hoichoi.",old mysterious diary descriptions murders stoneman murderer 90s kolkata back watch stoneman murders hoichoi,old mysterious diary descriptions murders,"old,mysterious,diary,descriptions,murders,stoneman,murderer,90s,kolkata,back,watch,stoneman,murders,hoichoi","old,mysterious,diary,descriptions,murders,stoneman,murderer,90s,kolkata,back,watch,stoneman,murders,hoichoi",18
Shows,Kaamini,Kamini,Original,Hindi,India,,Yes,Horror,Comedy,Horror Comedy,,A 18+,5,161 mins,161,,"Barkha Bisht, Kharaj Mukherjee, Saurav Das, Trina Saha, Manashi Sengupta, Apratim Chatterjee, Poulomi Das,","Men in a village are disappearing in the darkness of the night. Is it the work of a mystical enchantress, or is there some other mystery?",men village are disappearing darkness night work mystical enchantress or there some other mystery,men village are disappearing darkness,"men,village,are,disappearing,darkness,night,work,mystical,enchantress,or,there,some,other,mystery","men,village,disappearing,darkness,night,work,mystical,enchantress,or,some,other,mystery",18
Shows,Paap,Paap,Original,Hindi,India,10-02-2019,Yes,Drama,Mystery,Drama Mystery,,A 18+,5,144 mins,144,6.4,"Puja Banerjee, Rahul Banerjee, Rajat Ganguly, Sonali Basu, Indrajeet Chakroborty, Bhaswar Chatterjee, Mithu Chakraborty, Rupsa Dasgupta, Priyanka Mondol, Solanki Roy And Saheeb Bhattacharjee","A festive household, an unexpected guest, and two deaths! Will the darkness of an old sin dim the lights of Durga Pujo?",festive household unexpected guest two deaths will darkness old sin dim lights durga pujo,festive household unexpected guest two,"festive,household,unexpected,guest,two,deaths,will,darkness,old,sin,dim,lights,durga,pujo","festive,household,unexpected,guest,two,deaths,darkness,old,sin,dim,lights,durga,pujo",18
Shows,Faces of Durga Puja (Hindi),Faces of Durga Pujo,Original,Hindi,India,,Yes,Documentary,Historical,Documentary Historical,,U,1,26,26,,Tathagata Ghosh,"Durga Pujo and Bengalis go hand in hand. There are so many people, who work tirelessly throughout the year to put together the biggest festival for the Bengalis but their work often goes unnoticed. 'Faces of Durga Pujo' makes a point for why they should be celebrated as well",durga pujo bengalis go hand hand there are so many people who work tirelessly throughout year put together biggest festival bengalis but their work often goes unnoticed faces durga pujo makes point why they should celebrated well,durga pujo bengalis go hand,"durga,pujo,bengalis,go,hand,hand,there,are,so,many,people,who,work,tirelessly,throughout,year,put,together,biggest,festival,bengalis,but,their,work,often,goes,unnoticed,faces,durga,pujo,makes,point,why,they,should,celebrated,well","durga,pujo,bengalis,go,hand,hand,so,many,people,who,work,tirelessly,throughout,year,put,together,biggest,festival,bengalis,but,their,work,often,goes,unnoticed,faces,durga,pujo,makes,point,why,they,celebrated,well",0
Shows,Adbhut (Hindi),Oddbhuturey,Original,Hindi,India,,Yes,Horror,Psychological,Horror Psychological,,U/A 16+,4,157 mins,157,4.9,"Anindya Pulak Banerjee, Sudip Mukherjee, Sreelekha Mitra, Sinchana Sarkar, Partha Sarathi, Sayan Ghosh (RJ Sayan), Kousik Goswami, Sidhu Ray, Payel Dutta, Saurav Das, Mishmee Das, Partha Sarathi, Prriyam Chakroborty, Deboprasad Halder",A series of seven stories tied together by a common thread - fear! How will the real and the supernatural collide?,series seven stories tied together common thread fear how will real supernatural collide,series seven stories tied together,"series,seven,stories,tied,together,common,thread,fear,how,will,real,supernatural,collide","series,seven,stories,tied,together,common,thread,fear,how,real,supernatural,collide",16
Shows,Monty Pilot,Montu Pilot,Original,Hindi,India,,Yes,Drama,,Drama,,A 18+,5,193 mins,193,6.6,"Saurav Das, Solanki Roy, Chandrayee Ghosh, Kanchan Mullick, Subrata Dutta","Trapped in the dark alleys of the city, is a broken man. Can he find love in the world of flesh trade?",trapped dark alleys city broken man can he find love world flesh trade,trapped dark alleys city broken,"trapped,dark,alleys,city,broken,man,can,he,find,love,world,flesh,trade","trapped,dark,alleys,city,broken,man,he,find,love,world,flesh,trade",18
Shows,Crime of Desire (Junoon),Bonyo Premer Golpo,Original,Hindi,India,,Yes,Thriller,Psychological,Thriller Psychological,,A 18+,5,163 mins,163,6.5,"Tnusree Chakraborty, Shaheb Bhattacherjee, Ena Saha, Gourab Chatterjee, Nondini Chatterjee, Indranil Mullick, Soumendra Bhattacharya, Prosun Saha, Rishi Kaushik","A series of murders, triggered by love. Will Mrinalini be the next victim of passion?",series murders triggered love will mrinalini next victim passion,series murders triggered love will,"series,murders,triggered,love,will,mrinalini,next,victim,passion","series,murders,triggered,love,mrinalini,next,victim,passion",18
Shows,Once upon a Crime,Shobdo Jobdo,Original,Hindi,India,,Yes,Thriller,Psychological,Thriller Psychological,,A 18+,5,180 mins,180,6.8,"Rajat Kapoor, Payel Sarkar, Mumtaz Sorcar, Subrat Dutta, Saloni Pandey, Koushik Roy","Best-selling novelist Sougata comes to India, only to be faced with his past. Is he really prey to a mysterious woman's conspiracy or is his imagination playing tricks on him?",bestselling novelist sougata comes india only faced his past he really prey mysterious womans conspiracy or his imagination playing tricks him,bestselling novelist sougata comes india,"bestselling,novelist,sougata,comes,india,only,faced,his,past,he,really,prey,mysterious,womans,conspiracy,or,his,imagination,playing,tricks,him","bestselling,novelist,sougata,comes,india,only,faced,past,he,really,prey,mysterious,womans,conspiracy,or,imagination,playing,tricks,him",18
Shows,1971,Ekattor,Original,Hindi,India,,Yes,Drama,,Drama,,U/A 16+,4,153 mins,153,5.7,"Mostafa Monwar, Iresh Zaker, Rafiath Rashid Mithila, Nusrat Imrose Tisha, Mustafizur Noor Imran, Tariq Anam Khan, Shatabdi Wadud, Deepanwita Martin","A love story amidst agitation and crime... Find out about the fight to survive, during the Bangladeshi freedom struggle.",love story amidst agitation crime find out about fight survive during bangladeshi freedom struggle,love story amidst agitation crime,"love,story,amidst,agitation,crime,find,out,about,fight,survive,during,bangladeshi,freedom,struggle","love,story,amidst,agitation,crime,find,out,about,fight,survive,during,bangladeshi,freedom,struggle",16
Shows,Thoko Mamla,Case Jaundice,Original,Hindi,India,,Yes,Comedy,,Comedy,,U/A 13+,3,112 mins,112,5.5,"Parambrata Chattopadhyay, Ankush, Anirban Chakrabarti","Two lawyers present a compelling case in a courtroom, pitting human beings against the deadly Corona Virus. Who will win the legal battle? Watch this series only on hoichoi!",two lawyers present compelling case courtroom pitting human beings against deadly corona virus who will win legal battle watch series only hoichoi,two lawyers present compelling case,"two,lawyers,present,compelling,case,courtroom,pitting,human,beings,against,deadly,corona,virus,who,will,win,legal,battle,watch,series,only,hoichoi","two,lawyers,present,compelling,case,courtroom,pitting,human,beings,against,deadly,corona,virus,who,win,legal,battle,watch,series,only,hoichoi",13
Shows,Pabitra Puppies,Pabitra Puppies,Original,Hindi,India,13-06-2020,Yes,Thriller,,Thriller,,A 18+,5,124 mins,124,4.8,"Vikram Chatterjee, Sohini Sarkar, Saayoni Ghosh, RJ Sayan, Ankitaa Chakrbarty, Debapriyo Bagchi (Bubble), Saurav Das","A game is deciding the fate of a group of friends, as they die one by one inside their own homes. The question is, how?",game deciding fate group friends they die one one inside their own homes question how,game deciding fate group friends,"game,deciding,fate,group,friends,they,die,one,one,inside,their,own,homes,question,how","game,deciding,fate,group,friends,they,die,one,one,inside,their,own,homes,question,how",18
Shows,Love & Affairs,Love & Affairs,Original,Hindi,India,23-06-2020,Yes,Romantic,Drama,Romantic Drama,,U/A 13+,3,92 mins,92,5.6,"Barkha Bisht Sengupta, Indraneil Sengupta, Debapriyo Mukherjee",A marriage becomes a battlefield of love and doubt. Betrayal - or just suspicion?,marriage becomes battlefield love doubt betrayal or just suspicion,marriage becomes battlefield love doubt,"marriage,becomes,battlefield,love,doubt,betrayal,or,just,suspicion","marriage,becomes,battlefield,love,doubt,betrayal,or,just,suspicion",13
Shows,Tansen ka Tanpura,Tansener Tanpura,Original,Hindi,India,,Yes,Adventure,Mystery,Adventure Mystery,,U/A 13+,3,114 mins,114,6.8,"Vikram Chatterjee, Rupsha Chatterjee, Jayati Bhatia, Rajat Ganguly, Debesh Roychowdhury, Sujan Mukherjee, Subhasish Mukherjee, Bhaskar Banerjee, Sourav Saha, Kalyan Chatterjee, Surajit Bandopadhyay, Angana Roy, Anuradha Mukherjee, Satyam Bhattacharya, Suhotro Mukherjee, Saunak Samanta, Goutam Siddhartha, Pradip Dhar, Pradip Bhattacharya, Soumyadip Banerjee, Rupam Chotu, Soumitra Banerjee, Goutam Saha, Anirban Paria, Jagannath Chakraborty","The art of music, a lost history, and a mysterious treasure. Can the clues hidden in the melody lead to Tansen’s legendary Tanpura?",art music lost history mysterious treasure can clues hidden melody lead tansens legendary tanpura,art music lost history mysterious,"art,music,lost,history,mysterious,treasure,can,clues,hidden,melody,lead,tansens,legendary,tanpura","art,music,lost,history,mysterious,treasure,clues,hidden,melody,lead,tansens,legendary,tanpura",13
Shows,Breakup Story,Breakup Story,Original,Hindi,India,24-07-2020,Yes,Romantic,Drama,Romantic Drama,,U/A 16+,4,104 mins,104,5.8,"Alivia Sarkar, Tuhina Das, Ranojoy Bishnu, Sauraseni Maitra, Chandreyee Ghosh, Anindita Bose, Sohini Sarkar, Saurav Das, Aryann Bhowmik","Four couples, one issue - breakup. Will they be able to salvage their love when relationships go sinfully wrong?",four couples one issue breakup will they able salvage their love when relationships go sinfully wrong,four couples one issue breakup,"four,couples,one,issue,breakup,will,they,able,salvage,their,love,when,relationships,go,sinfully,wrong","four,couples,one,issue,breakup,they,able,salvage,their,love,relationships,go,sinfully,wrong",16
Shows,Damayanti,Damayanti,Original,Hindi,India,22-10-2020,Yes,Detective,Mystery,Detective Mystery,,U/A 16+,4,200.2 mins,200.2,5.7,"Tuhina Das, Indrasish Roy, Soumo Banerjee, Chandreyee Ghosh, Amrita Chattopadhyay, Gautam Purkayastha, Arpan Ghoshal","Damayanti, a history professor with a passion for mysteries, investigates her first ever murder mystery.",damayanti history professor passion mysteries investigates her first ever murder mystery,damayanti history professor passion mysteries,"damayanti,history,professor,passion,mysteries,investigates,her,first,ever,murder,mystery","damayanti,history,professor,passion,mysteries,investigates,first,ever,murder,mystery",16
Shows,Taqdeer,Taqdeer,Original,Hindi,Bangladesh,18-12-2020,Yes,Thriller,,Thriller,,A 18+,5,189.1 mins,189.1,8.6,"Chanchal Chowdhury, Manoj Kumar Pramanik, Sanjida Preeti, Shohel Mondol, Partha Barua, Intekhab Dinar, Tanim Noor, Somu Chowdhury",Freezer van driver Taqdeer is drawn into a dark game of destiny after he finds the dead body of an unclaimed woman in his truck.,freezer van driver taqdeer drawn into dark game destiny after he finds dead body unclaimed woman his truck,freezer van driver taqdeer drawn,"freezer,van,driver,taqdeer,drawn,into,dark,game,destiny,after,he,finds,dead,body,unclaimed,woman,his,truck","freezer,van,driver,taqdeer,drawn,into,dark,game,destiny,after,he,finds,dead,body,unclaimed,woman,truck",18
Shows,Fish and Chips,Fish and Chips,Original,Hindi,India,16-01-2021,Yes,Comedy,,Comedy,,U,1,81.3 mins,81.3,7.8,"Apratim Chatterjee, Tapasya Dasgupta, Pratik Kumar Dutta, Debanjan Mitra, Bidyut Das, Arup Zaigirdar, Shyamal Karmakar",Patro has entrusted his house to Timi and Parama before leaving for Dallas. But a series of misadventures follow as they start living there.,patro has entrusted his house timi parama before leaving dallas but series misadventures follow they start living there,patro has entrusted his house,"patro,has,entrusted,his,house,timi,parama,before,leaving,dallas,but,series,misadventures,follow,they,start,living,there","patro,entrusted,house,timi,parama,before,leaving,dallas,but,series,misadventures,follow,they,start,living",0
Shows,Turu Love (Hindi),Turu Love,Original,Hindi,India,,Yes,Romantic,Comedy,Romantic Comedy,,U/A 13+,3,88.7 mins,88.7,6.9,"Rishav Basu, Ushasi Ray, Rajnandini Paul","Aritra, a small town guy, is born with a silver spoon. But his bubble breaks when Tiyasha, his bride-to-be, gives him a reality check prompting him to move to Kolkata and be a self made man. What follows is a misadventure in the search of love & a realisation of what 'Turu Love' actually is.",aritra small town guy born silver spoon but his bubble breaks when tiyasha his bridetobe gives him reality check prompting him move kolkata self made man what follows misadventure search love realisation what turu love actually,aritra small town guy born,"aritra,small,town,guy,born,silver,spoon,but,his,bubble,breaks,when,tiyasha,his,bridetobe,gives,him,reality,check,prompting,him,move,kolkata,self,made,man,what,follows,misadventure,search,love,realisation,what,turu,love,actually","aritra,small,town,guy,born,silver,spoon,but,bubble,breaks,tiyasha,bridetobe,gives,him,reality,check,prompting,him,move,kolkata,self,made,man,what,follows,misadventure,search,love,realisation,what,turu,love,actually",13
Shows,Black Diamond,Nokol Heere,Original,Hindi,India,,Yes,Detective,Mystery,Detective Mystery,,A 18+,5,189.3 mins,189.3,7.4,"Tuhina Das, Indrasish Roy, Rajnandini Paul, Shoumo Banerjee","Dipanwita shoots Pratap, her husband, in her father's presence. The mystery intensifies when a diamond ring is found in Pratap's pocket, whereas Dipanwita claims Pratap was there to kill her.",dipanwita shoots pratap her husband her fathers presence mystery intensifies when diamond ring found prataps pocket whereas dipanwita claims pratap was there kill her,dipanwita shoots pratap her husband,"dipanwita,shoots,pratap,her,husband,her,fathers,presence,mystery,intensifies,when,diamond,ring,found,prataps,pocket,whereas,dipanwita,claims,pratap,was,there,kill,her","dipanwita,shoots,pratap,husband,fathers,presence,mystery,intensifies,diamond,ring,found,prataps,pocket,whereas,dipanwita,claims,pratap,kill",18
Shows,Mohmaya,Mohomaya,Original,Hindi,India,,Yes,Thriller,Psychological,Thriller Psychological,,A 18+,5,209.8 mins,209.8,4.5,"Swastika Mukherjee, Ananya Chatterjee, Bipul","Rishi comes to live as a paying guest in his childhood friend 's house. With his mother dead, Rishi soon forms a bond with his friend's mother, Aruna, in who he sees his own mother. But Rishi's obsession eventually pushes him towards a past he always wanted to escape from.",rishi comes live paying guest his childhood friend s house his mother dead rishi soon forms bond his friends mother aruna who he sees his own mother but rishis obsession eventually pushes him towards past he always wanted escape,rishi comes live paying guest,"rishi,comes,live,paying,guest,his,childhood,friend,s,house,his,mother,dead,rishi,soon,forms,bond,his,friends,mother,aruna,who,he,sees,his,own,mother,but,rishis,obsession,eventually,pushes,him,towards,past,he,always,wanted,escape","rishi,comes,live,paying,guest,childhood,friend,s,house,mother,dead,rishi,soon,forms,bond,friends,mother,aruna,who,he,sees,own,mother,but,rishis,obsession,eventually,pushes,him,towards,past,he,always,wanted,escape",18
Shows,Goalmaal (Hindi),Maradonar Juto,Original,Hindi,India,,Yes,Comedy,,Comedy,,A 18+,5,120 mins,120,4.9,"Amartay Ray, Susmita Chatterjee, Anirban Chakrabarti","The Dutta’s and the Chowdhury’s have been caught up in a lifelong derby over Maradona’s shoes. When Rono Chowdhury and Hiya Dutta fall in love, is there a ceasefire or is there more than what meets the eye?",duttas chowdhurys have been caught up lifelong derby over maradonas shoes when rono chowdhury hiya dutta fall love there ceasefire or there more than what meets eye,duttas chowdhurys have been caught,"duttas,chowdhurys,have,been,caught,up,lifelong,derby,over,maradonas,shoes,when,rono,chowdhury,hiya,dutta,fall,love,there,ceasefire,or,there,more,than,what,meets,eye","duttas,chowdhurys,been,caught,up,lifelong,derby,over,maradonas,shoes,rono,chowdhury,hiya,dutta,fall,love,ceasefire,or,more,than,what,meets,eye",18
Shows,Subharambh (Hindi),Subharambha,Original,Hindi,India,,Yes,Drama,Musical,Drama Musical,,U/A 13+,3,93 mins,93,6.6,"Jasmine Roy, Satyam Bhattacharya","Subhomita, a struggling musician, juggles her family, friends and passion for music. After a chance meeting with Mainak, her childhood admirer, things start looking up for her. But a new challenge is always around the corner. Will Subhomita follow her passion or will life force her to quit her music?",subhomita struggling musician juggles her family friends passion music after chance meeting mainak her childhood admirer things start looking up her but new challenge always around corner will subhomita follow her passion or will life force her quit her music,subhomita struggling musician juggles her,"subhomita,struggling,musician,juggles,her,family,friends,passion,music,after,chance,meeting,mainak,her,childhood,admirer,things,start,looking,up,her,but,new,challenge,always,around,corner,will,subhomita,follow,her,passion,or,will,life,force,her,quit,her,music","subhomita,struggling,musician,juggles,family,friends,passion,music,after,chance,meeting,mainak,childhood,admirer,things,start,looking,up,but,new,challenge,always,around,corner,subhomita,follow,passion,or,life,force,quit,music",13
Shows,Madhushala,Mouchaak,Original,Hindi,India,,Yes,Comedy,Adult,Comedy Adult,,A 18+,5,162 mins,162,4.5,"Monami Ghosh, Kanchan Mullick","A night of debauchery lands the scintillating Mou in serious trouble. With all her lovers as well as her husband now headed towards her home, will she be able to escape with the key to her glittering future?",night debauchery lands scintillating mou serious trouble all her lovers well her husband now headed towards her home will she able escape key her glittering future,night debauchery lands scintillating mou,"night,debauchery,lands,scintillating,mou,serious,trouble,all,her,lovers,well,her,husband,now,headed,towards,her,home,will,she,able,escape,key,her,glittering,future","night,debauchery,lands,scintillating,mou,serious,trouble,all,lovers,well,husband,now,headed,towards,home,she,able,escape,key,glittering,future",18
Shows,Mahanagar,Mohanagar,Original,Hindi,India,,Yes,Thriller,Mystery,Thriller Mystery,,U/A 16+,4,186 mins,186,8.7,"Mosharraf Karim, Zakia Bari Mamo, Mostafizur Noor Imran, Shamol Mawla, Khairul Basar, Nishat Priom","On a fateful night, a motley crowd of criminals, eminent industrialists, media and the general public has gathered at a police station in Dhaka, Bangladesh. What does this night have in store for them?",fateful night motley crowd criminals eminent industrialists media general public has gathered police station dhaka bangladesh what does night have store them,fateful night motley crowd criminals,"fateful,night,motley,crowd,criminals,eminent,industrialists,media,general,public,has,gathered,police,station,dhaka,bangladesh,what,does,night,have,store,them","fateful,night,motley,crowd,criminals,eminent,industrialists,media,general,public,gathered,police,station,dhaka,bangladesh,what,night,store,them",16
Shows,Intuition,Dujone,Original,Hindi,India,,Yes,Thriller,Mystery,Thriller Mystery,,U/A 13+,3,224 mins,224,6.2,"Soham, Srabanti Chatterjee",Ahana and Amar have been happily married for five years. But Amar hasn't been himself lately. Has Amar changed due to his traumatic accident or is something sinister brewing under the surface?,ahana amar have been happily married five years but amar hasnt been himself lately has amar changed due his traumatic accident or something sinister brewing under surface,ahana amar have been happily,"ahana,amar,have,been,happily,married,five,years,but,amar,hasnt,been,himself,lately,has,amar,changed,due,his,traumatic,accident,or,something,sinister,brewing,under,surface","ahana,amar,been,happily,married,five,years,but,amar,hasnt,been,himself,lately,amar,changed,due,traumatic,accident,or,something,sinister,brewing,under,surface",13
Shows,Murder in the Hills,Murder in the Hills,Original,Hindi,India,23-07-2021,Yes,Thriller,Mystery,Thriller Mystery,,U/A 16+,4,211 mins,211,6,"Arjun Chakrabarty, Anindita Bose, Sourav Chakraborty, Rajdeep Gupta, Suprobhat, Sandipta Sen, Rajat Ganguly",The seemingly natural death of a legendary movie star in Darjeeling threatens to expose a dark past of the serene hill station.,seemingly natural death legendary movie star darjeeling threatens expose dark past serene hill station,seemingly natural death legendary movie,"seemingly,natural,death,legendary,movie,star,darjeeling,threatens,expose,dark,past,serene,hill,station","seemingly,natural,death,legendary,movie,star,darjeeling,threatens,expose,dark,past,serene,hill,station",16
Shows,Rabindranath Yahan Kabhi Nahi Aayein,REKKA,Original,Hindi,India,,Yes,Thriller,Mystery,Thriller Mystery,,U/A 16+,4,229 mins,229,6.5,"Azmeri Haque Badhon, Rahul Bose, Anirban Bhattacharya, Anjan Dutt, Anirban Chakrabarti","The enigmatic Mushkan Zuberi is known for cooking up a storm. But as the secrets pile up, someone else turns up the heat on her. Watch the secrets unravel only on hoichoi.",enigmatic mushkan zuberi known cooking up storm but secrets pile up someone else turns up heat her watch secrets unravel only hoichoi,enigmatic mushkan zuberi known cooking,"enigmatic,mushkan,zuberi,known,cooking,up,storm,but,secrets,pile,up,someone,else,turns,up,heat,her,watch,secrets,unravel,only,hoichoi","enigmatic,mushkan,zuberi,known,cooking,up,storm,but,secrets,pile,up,someone,else,turns,up,heat,watch,secrets,unravel,only,hoichoi",16
Shows,Boyfriends & Girlfriends,Boyfriends & Girlfriends,Original,Hindi,India,09-03-2021,Yes,Romantic,Comedy,Romantic Comedy,,A 18+,5,123 mins,123,5.5,"Rwitobroto Mukherjee, Riddhi Sen, Ishaa Saha, Ujan Chatterjee, Adrija Roy, Madhurima Ghosh","Amid various professional and personal crises, three best friends embark on a journey of self-discovery and understand the true value of friendship along the way.",amid various professional personal crises three best friends embark journey selfdiscovery understand true value friendship along way,amid various professional personal crises,"amid,various,professional,personal,crises,three,best,friends,embark,journey,selfdiscovery,understand,true,value,friendship,along,way","amid,various,professional,personal,crises,three,best,friends,embark,journey,selfdiscovery,understand,true,value,friendship,along,way",18
Shows,Indu,Asian Paints Moner Thikana,Original,Hindi,India,22-10-2021,Yes,Drama,Mystery,Drama Mystery,,U/A 16+,4,35 mins,35,,"Jisshu Sengupta, Priyanka Sarkar, Srabanti Chatterjee, Parambrata Chattopadhyay, Mimi Chakraborty","Take an exclusive, in-depth peek into the homes of Bengal's biggest superstars, their memories and their journeys!",take exclusive indepth peek into homes bengals biggest superstars their memories their journeys,take exclusive indepth peek into,"take,exclusive,indepth,peek,into,homes,bengals,biggest,superstars,their,memories,their,journeys","take,exclusive,indepth,peek,into,homes,bengals,biggest,superstars,their,memories,their,journeys",16
Shows,Money Honey,Indu,Original,Hindi,India,,Yes,Thriller,Mystery,Thriller Mystery,,U/A 16+,4,178 mins,178,7.4,"Ishaa Saha, Chandraniv Mukhopadhyay, Manali Manisha Dey, Suhotra Mukhopadhyay, Payel De, Manasi Sinha, Mimi Dutta","Marriage sets the ball rolling for a new stage of life. As Indu enters that phase, will the dark secrets of her new home and new family endanger her life?",marriage sets ball rolling new stage life indu enters phase will dark secrets her new home new family endanger her life,marriage sets ball rolling new,"marriage,sets,ball,rolling,new,stage,life,indu,enters,phase,will,dark,secrets,her,new,home,new,family,endanger,her,life","marriage,sets,ball,rolling,new,stage,life,indu,enters,phase,dark,secrets,new,home,new,family,endanger,life",16
Shows,Mandaar,Mandaar,Original,Hindi,India,19-11-2021,Yes,Drama,,Drama,,A 18+,5,221 mins,221,7.5,"Debasish Mondal, Sohini Sarkar, Debesh Roy Choudhuri, Anirban Bhattacharya","Power corrupts. And the pursuit of power devastates. As the battle for Geilpur reaches its peak, thirst for power overpowers human conscience in this tragic tale of greed, lust and prophecies!",power corrupts pursuit power devastates battle geilpur reaches its peak thirst power overpowers human conscience tragic tale greed lust prophecies,power corrupts pursuit power devastates,"power,corrupts,pursuit,power,devastates,battle,geilpur,reaches,its,peak,thirst,power,overpowers,human,conscience,tragic,tale,greed,lust,prophecies","power,corrupts,pursuit,power,devastates,battle,geilpur,reaches,peak,thirst,power,overpowers,human,conscience,tragic,tale,greed,lust,prophecies",18
Shows,Kursinama,Boli,Original,Hindi,India,,Yes,Drama,Crime,Drama Crime,,A 18+,5,180 mins,180,6.5,"Chanchal Chowdhury, Shohel Mondol, Sohana Saba, Safa Kabir, Ziaul Hoque Polash, Iresh Zaker","In the lawless island of Chedadiya, the ruthless Sohrab is in pursuit of absolute power. But Rustom, a stranger who has arrived there by a stroke of luck, is in his way. How will this disastrous conflict culminate, and will Chedadiya ever escape the cycle of violence?",lawless island chedadiya ruthless sohrab pursuit absolute power but rustom stranger who has arrived there stroke luck his way how will disastrous conflict culminate will chedadiya ever escape cycle violence,lawless island chedadiya ruthless sohrab,"lawless,island,chedadiya,ruthless,sohrab,pursuit,absolute,power,but,rustom,stranger,who,has,arrived,there,stroke,luck,his,way,how,will,disastrous,conflict,culminate,will,chedadiya,ever,escape,cycle,violence","lawless,island,chedadiya,ruthless,sohrab,pursuit,absolute,power,but,rustom,stranger,who,arrived,stroke,luck,way,how,disastrous,conflict,culminate,chedadiya,ever,escape,cycle,violence",18
Shows,Rudraveena ka Abhishaap,Rudrabinar Obhishaap,Original,Hindi,India,,Yes,Adventure,Mystery,Adventure Mystery,,U/A 13+,3,195 mins,195,6.1,"Vikram Chatterjee, Rupsa Chatterjee, Saurav Das, Ditipriya Roy","Rudrapur and Anandagarh are two legendary schools of Indian classical music. However, these two places have a common past so dark that its revelation may change many lives forever. Join Alap and Shruti as they set out on a musical adventure to Rudrapur and crack the mystery of the curse of the Rudrabina.",rudrapur anandagarh are two legendary schools indian classical music however these two places have common past so dark its revelation may change many lives forever join alap shruti they set out musical adventure rudrapur crack mystery curse rudrabina,rudrapur anandagarh are two legendary,"rudrapur,anandagarh,are,two,legendary,schools,indian,classical,music,however,these,two,places,have,common,past,so,dark,its,revelation,may,change,many,lives,forever,join,alap,shruti,they,set,out,musical,adventure,rudrapur,crack,mystery,curse,rudrabina","rudrapur,anandagarh,two,legendary,schools,indian,classical,music,however,two,places,common,past,so,dark,revelation,may,change,many,lives,forever,join,alap,shruti,they,set,out,musical,adventure,rudrapur,crack,mystery,curse,rudrabina",13
Shows,Gora,Gora,Original,Hindi,India,01-07-2022,Yes,Detective,Comedy,Detective Comedy,,U/A 13+,3,173 mins,173,7.7,"Ritwick Chakraborty, Ishaa Saha, Suhotra Mukhopadhyay","A serial killer is targetting the literary greats of Kolkata. Private 'defective' Gourab Sen, aka Gora, has a reputation as a serial killer specialist. No wonder it falls upon the eccentric detective to unmask the killer!",serial killer targetting literary greats kolkata private defective gourab sen aka gora has reputation serial killer specialist no wonder falls upon eccentric detective unmask killer,serial killer targetting literary greats,"serial,killer,targetting,literary,greats,kolkata,private,defective,gourab,sen,aka,gora,has,reputation,serial,killer,specialist,no,wonder,falls,upon,eccentric,detective,unmask,killer","serial,killer,targetting,literary,greats,kolkata,private,defective,gourab,sen,aka,gora,reputation,serial,killer,specialist,no,wonder,falls,upon,eccentric,detective,unmask,killer",13
Shows,Uttaran,Uttoron,Original,Hindi,India,,Yes,Drama,Social,Drama Social,,A 18+,5,143 mins,143,6.1,"Madhumita Sarcar, Rajdeep Gupta, Swastika Dutta, Sawon Chakraborty","Parna's blissful life turns upside down when an MMS of hers spreads like wildfire. As her family treats her like a pariah, her misery opens her eyes to the hypocrisies of society. To know if Parna bounces back from rock-bottom, watch this story of self-realisation, introspection and resilience.",parnas blissful life turns upside down when mms hers spreads like wildfire her family treats her like pariah her misery opens her eyes hypocrisies society know if parna bounces back rockbottom watch story selfrealisation introspection resilience,parnas blissful life turns upside,"parnas,blissful,life,turns,upside,down,when,mms,hers,spreads,like,wildfire,her,family,treats,her,like,pariah,her,misery,opens,her,eyes,hypocrisies,society,know,if,parna,bounces,back,rockbottom,watch,story,selfrealisation,introspection,resilience","parnas,blissful,life,turns,upside,down,mms,hers,spreads,like,wildfire,family,treats,like,pariah,misery,opens,eyes,hypocrisies,society,know,if,parna,bounces,back,rockbottom,watch,story,selfrealisation,introspection,resilience",18
Shows,The Hunter,Byadh,Original,Hindi,India,,Yes,Thriller,,Thriller,,U/A 13+,3,120 mins,120,6.3,"Rajatava Dutta, Anirban Chakrabarti, Kharaj Mukherjee, Souman Bose","The department of unusual cases at Lalbazar deals with bizarre crimes. When the case of the brutal beheading of sparrows in rural Bengal lands up there, veteran inspector Kanaichoron and newcomer Souvik start their hunt for the killer. On the investigative trail, the duo discovers shocking secrets entrenched in the history of Bengal.",department unusual cases lalbazar deals bizarre crimes when case brutal beheading sparrows rural bengal lands up there veteran inspector kanaichoron newcomer souvik start their hunt killer investigative trail duo discovers shocking secrets entrenched history bengal,department unusual cases lalbazar deals,"department,unusual,cases,lalbazar,deals,bizarre,crimes,when,case,brutal,beheading,sparrows,rural,bengal,lands,up,there,veteran,inspector,kanaichoron,newcomer,souvik,start,their,hunt,killer,investigative,trail,duo,discovers,shocking,secrets,entrenched,history,bengal","department,unusual,cases,lalbazar,deals,bizarre,crimes,case,brutal,beheading,sparrows,rural,bengal,lands,up,veteran,inspector,kanaichoron,newcomer,souvik,start,their,hunt,killer,investigative,trail,duo,discovers,shocking,secrets,entrenched,history,bengal",13
Shows,The Reunion,Rawkto Bilaap,Original,Hindi,India,,Yes,Horror,,Horror,,A 18+,5,116 mins,116,5.2,"Sohini Sarkar, Saptarshi Maulik, Tuhina Das, Kanchan Mullick, Chandreyee Ghosh, Gourab Roy Chowdhury, Mokksha, Sawon Chakraborty","A group of friends gather for a bachelor party at an eerie house in the outskirts of Kolkata. Things take a dark turn when they bite the dust one by one. To know who is behind this bloodbath and who comes out of it unscathed, watch Rawkto Bilaap.",group friends gather bachelor party eerie house outskirts kolkata things take dark turn when they bite dust one one know who behind bloodbath who comes out unscathed watch rawkto bilaap,group friends gather bachelor party,"group,friends,gather,bachelor,party,eerie,house,outskirts,kolkata,things,take,dark,turn,when,they,bite,dust,one,one,know,who,behind,bloodbath,who,comes,out,unscathed,watch,rawkto,bilaap","group,friends,gather,bachelor,party,eerie,house,outskirts,kolkata,things,take,dark,turn,they,bite,dust,one,one,know,who,behind,bloodbath,who,comes,out,unscathed,watch,rawkto,bilaap",18
Shows,Sundarban Ka Vidyasagar,Sundarbaner Vidyasagar,Original,Hindi,India,,Yes,Drama,Social,Drama Social,,U/A 13+,3,147 mins,147,7.1,"Riddhi Sen, Ushasi Ray, Rupanjana Mitra, Sankar Debnath","Kumirkhali, the land of widows in Sundarban, is mired in a deep but invisible crisis. The fateful arrival of an outsider stirs things up in the hamlet. Will he be able to alleviate the plight of Kumirkhali and also redeem himself?",kumirkhali land widows sundarban mired deep but invisible crisis fateful arrival outsider stirs things up hamlet will he able alleviate plight kumirkhali also redeem himself,kumirkhali land widows sundarban mired,"kumirkhali,land,widows,sundarban,mired,deep,but,invisible,crisis,fateful,arrival,outsider,stirs,things,up,hamlet,will,he,able,alleviate,plight,kumirkhali,also,redeem,himself","kumirkhali,land,widows,sundarban,mired,deep,but,invisible,crisis,fateful,arrival,outsider,stirs,things,up,hamlet,he,able,alleviate,plight,kumirkhali,also,redeem,himself",13
Shows,Duel,Tiktiki,Original,Hindi,India,,Yes,Thriller,Psychological,Thriller Psychological,,U/A 13+,3,131 mins,131,6.7,"Kaushik Ganguly, Anirban Bhattacharya","When a man accepts the invitation to spend an evening with his lover's husband, what starts as a series of mind games quickly turns into a deadly game of revenge, murder and more. To know who emerges victorious in this game, watch Tiktiki only on hoichoi.",when man accepts invitation spend evening his lovers husband what starts series mind games quickly turns into deadly game revenge murder more know who emerges victorious game watch tiktiki only hoichoi,when man accepts invitation spend,"when,man,accepts,invitation,spend,evening,his,lovers,husband,what,starts,series,mind,games,quickly,turns,into,deadly,game,revenge,murder,more,know,who,emerges,victorious,game,watch,tiktiki,only,hoichoi","man,accepts,invitation,spend,evening,lovers,husband,what,starts,series,mind,games,quickly,turns,into,deadly,game,revenge,murder,more,know,who,emerges,victorious,game,watch,tiktiki,only,hoichoi",13
Shows,Sabrina,Sabrina,Original,Hindi,Bangladesh,25-03-2022,Yes,Drama,,Drama,,U/A 16+,4,143 mins,143,7,"Mehazabien Chowdhury, Nazia Haque Orsha, Intekhab Dinar, Runa Khan, Yash Rohan","All women are different, yet they are the same. When a doctor receives her namesake as an abused and injured patient, she is instantly invested in the latter's story and is determined to bring her justice. Sabrina is the heart-wrenching saga of one woman stepping up for another woman and a tale of universal womanhood.",all women are different yet they are same when doctor receives her namesake abused injured patient she instantly invested latters story determined bring her justice sabrina heartwrenching saga one woman stepping up another woman tale universal womanhood,all women are different yet,"all,women,are,different,yet,they,are,same,when,doctor,receives,her,namesake,abused,injured,patient,she,instantly,invested,latters,story,determined,bring,her,justice,sabrina,heartwrenching,saga,one,woman,stepping,up,another,woman,tale,universal,womanhood","all,women,different,yet,they,same,doctor,receives,namesake,abused,injured,patient,she,instantly,invested,latters,story,determined,bring,justice,sabrina,heartwrenching,saga,one,woman,stepping,up,another,woman,tale,universal,womanhood",16
Shows,Srikanta,Srikanto,Original,Hindi,India,,Yes,Romantic,Drama,Romantic Drama,,A 18+,5,187 mins,187,6.6,"Rishav Basu, Sohini Sarkar, Madhumita Sarcar","Srikanto and Rajlokkhi's sensual yet sporadic love transcends space and time. At a time of heartbreaking separation between the two, Abhaya enters Srikanto's life even as his passionate fascination with Rajlokkhi strives for closure. Srikanto is the musical retelling of Sarat Chandra Chattopadhyay's eponymous novel and presents a modern take on the relationship of Srikanto-Rajlokkhi.",srikanto rajlokkhis sensual yet sporadic love transcends space time time heartbreaking separation between two abhaya enters srikantos life even his passionate fascination rajlokkhi strives closure srikanto musical retelling sarat chandra chattopadhyays eponymous novel presents modern take relationship srikantorajlokkhi,srikanto rajlokkhis sensual yet sporadic,"srikanto,rajlokkhis,sensual,yet,sporadic,love,transcends,space,time,time,heartbreaking,separation,between,two,abhaya,enters,srikantos,life,even,his,passionate,fascination,rajlokkhi,strives,closure,srikanto,musical,retelling,sarat,chandra,chattopadhyays,eponymous,novel,presents,modern,take,relationship,srikantorajlokkhi","srikanto,rajlokkhis,sensual,yet,sporadic,love,transcends,space,time,time,heartbreaking,separation,between,two,abhaya,enters,srikantos,life,even,passionate,fascination,rajlokkhi,strives,closure,srikanto,musical,retelling,sarat,chandra,chattopadhyays,eponymous,novel,presents,modern,take,relationship,srikantorajlokkhi",18
Shows,Race,Dour,Original,Hindi,India,,Yes,Thriller,,Thriller,,U/A 16+,4,207 mins,207,6.9,"Mosharraf Karim, Intekhab Dinar, Tariq Anam Khan, Robena Reza","When the car of an immoral contractor goes missing, both his business and family face jeopardy. He starts a race against time to find the missing car. But the police are on his trail in connection to a murder in the city. To know the outcome of this intense chase, watch Dour on hoichoi.",when car immoral contractor goes missing both his business family face jeopardy he starts race against time find missing car but police are his trail connection murder city know outcome intense chase watch dour hoichoi,when car immoral contractor goes,"when,car,immoral,contractor,goes,missing,both,his,business,family,face,jeopardy,he,starts,race,against,time,find,missing,car,but,police,are,his,trail,connection,murder,city,know,outcome,intense,chase,watch,dour,hoichoi","car,immoral,contractor,goes,missing,both,business,family,face,jeopardy,he,starts,race,against,time,find,missing,car,but,police,trail,connection,murder,city,know,outcome,intense,chase,watch,dour,hoichoi",16
Shows,Mahabharat Murders,Mahabharat Murders,Original,Hindi,India,13-05-2022,Yes,Thriller,Crime,Thriller Crime,,A 18+,5,250 mins,250,6.7,"Priyanka Sarkar, Arjun Chakrabarty, Saswata Chatterjee, Rishav Basu, Kaushik Sen, Rajdeep Gupta, Debasish Mondal, Arna Mukhopadhyay, Riyaa Ganguly, Arpita Ghoshal, Sankar Debnath",A serial killer perceives himself as the modern-day Duryodhan and viciously kills the people he perceives as the Pandavas. Investigating officers Ruksana and Siddhartha encounter several twists and turns in this 21st century Kurukshetra to uncover the mastermind behind this gruesome game of revenge.,serial killer perceives himself modernday duryodhan viciously kills people he perceives pandavas investigating officers ruksana siddhartha encounter several twists turns 21st century kurukshetra uncover mastermind behind gruesome game revenge,serial killer perceives himself modernday,"serial,killer,perceives,himself,modernday,duryodhan,viciously,kills,people,he,perceives,pandavas,investigating,officers,ruksana,siddhartha,encounter,several,twists,turns,21st,century,kurukshetra,uncover,mastermind,behind,gruesome,game,revenge","serial,killer,perceives,himself,modernday,duryodhan,viciously,kills,people,he,perceives,pandavas,investigating,officers,ruksana,siddhartha,encounter,several,twists,turns,21st,century,kurukshetra,uncover,mastermind,behind,gruesome,game,revenge",18
Shows,Refugee (Hindi),Refugee,Original,Hindi,India,,Yes,Thriller,,Thriller,,U/A 16+,4,126 mins,126,5.2,"Shohel Mondol, Sharif Siraj, Zakia Bari Mamo, Afzal Hossain",A drug dealer from the Geneva Camp of Bangladesh gets involved in a spine-chilling conspiracy of the third generation of freedom fighters. How far will he go to prevent a catastrophe and save the people who don't consider him one of their own?,drug dealer geneva camp bangladesh gets involved spinechilling conspiracy third generation freedom fighters how far will he go prevent catastrophe save people who dont consider him one their own,drug dealer geneva camp bangladesh,"drug,dealer,geneva,camp,bangladesh,gets,involved,spinechilling,conspiracy,third,generation,freedom,fighters,how,far,will,he,go,prevent,catastrophe,save,people,who,dont,consider,him,one,their,own","drug,dealer,geneva,camp,bangladesh,gets,involved,spinechilling,conspiracy,third,generation,freedom,fighters,how,far,he,go,prevent,catastrophe,save,people,who,dont,consider,him,one,their,own",16
Shows,Kaiser (Hindi),Kaiser,Original,Hindi,Bangladesh,,Yes,Detective,Mystery,Detective Mystery,,U/A 16+,4,254 mins,254,8.2,"Afran Nisho, Mustafizur Noor Imran, Reekita Nondine Shimu, Imtiaz Barshon, Shatabdi Wadud","Homicide detective Kaiser Chowdhury takes on a double murder that turns out to be much more than what meets the eye. Plagued by personal and professional demons, will Kaiser be able to get to the root of the mystery?",homicide detective kaiser chowdhury takes double murder turns out much more than what meets eye plagued personal professional demons will kaiser able get root mystery,homicide detective kaiser chowdhury takes,"homicide,detective,kaiser,chowdhury,takes,double,murder,turns,out,much,more,than,what,meets,eye,plagued,personal,professional,demons,will,kaiser,able,get,root,mystery","homicide,detective,kaiser,chowdhury,takes,double,murder,turns,out,much,more,than,what,meets,eye,plagued,personal,professional,demons,kaiser,able,get,root,mystery",16
Shows,Sampurna (Hindi),Sampurna,Original,Hindi,India,,Yes,Drama,Social,Drama Social,,A 18+,5,146 mins,146,7.1,"Sohini Sarkar, Rajnandini Paul, Anubhav Kanjilal, Prantik Banerjee, Laboni Sarkar, Rajat Ganguly","Does marriage mean the end of a woman's rights over her own body? As Sampurna raises her voice against the abuse Nandini's husband inflicts on the latter, her family and the law of society turn out to be the biggest obstacles in her quest for justice.",does marriage mean end womans rights over her own body sampurna raises her voice against abuse nandinis husband inflicts latter her family law society turn out biggest obstacles her quest justice,does marriage mean end womans,"does,marriage,mean,end,womans,rights,over,her,own,body,sampurna,raises,her,voice,against,abuse,nandinis,husband,inflicts,latter,her,family,law,society,turn,out,biggest,obstacles,her,quest,justice","marriage,mean,end,womans,rights,over,own,body,sampurna,raises,voice,against,abuse,nandinis,husband,inflicts,latter,family,law,society,turn,out,biggest,obstacles,quest,justice",18
Shows,Murder by the Sea (Hindi),Murder by the Sea,Original,Hindi,India,,Yes,Thriller,Mystery,Thriller Mystery,,U/A 16+,4,188 mins,188,4.8,"Ananya Chatterjee, Arjun Chakrabarty, Trina Saha, Paayel Sarkar, Suprobhat Das, Sujan Neel Mukherjee, and Sumanta Mukherjee","A high-profile Bengali businessman gets murdered in Puri, leaving more death and the unveiling of many dark secrets in his wake. Suspects become targets, and friends turn foes in this web of lies and betrayal.",highprofile bengali businessman gets murdered puri leaving more death unveiling many dark secrets his wake suspects become targets friends turn foes web lies betrayal,highprofile bengali businessman gets murdered,"highprofile,bengali,businessman,gets,murdered,puri,leaving,more,death,unveiling,many,dark,secrets,his,wake,suspects,become,targets,friends,turn,foes,web,lies,betrayal","highprofile,bengali,businessman,gets,murdered,puri,leaving,more,death,unveiling,many,dark,secrets,wake,suspects,become,targets,friends,turn,foes,web,lies,betrayal",16
Shows,Cell 145,Karagar,Original,Hindi,India,23-09-2022,Yes,Thriller,Mystery,Thriller Mystery,,U/A 16+,4,184 mins,184,8.3,"Chanchal Chowdhury, Intekhab Dinar, Partho, Tasnia Farin, FS Nayeem, Afzal Hossain","A prisoner appears in Akashnagar Central Jail's Cell No. 145, which has been shut for 50 years, and claims immortality. Who is this mystery man, and what secrets does he hold inside him?",prisoner appears akashnagar central jails cell no 145 which has been shut 50 years claims immortality who mystery man what secrets does he hold inside him,prisoner appears akashnagar central jails,"prisoner,appears,akashnagar,central,jails,cell,no,145,which,has,been,shut,50,years,claims,immortality,who,mystery,man,what,secrets,does,he,hold,inside,him","prisoner,appears,akashnagar,central,jails,cell,no,145,which,been,shut,50,years,claims,immortality,who,mystery,man,what,secrets,he,hold,inside,him",16
Shows,Awakening (Hindi),Bodhon,Original,Hindi,India,,Yes,Drama,Social,Drama Social,,A 18+,5,171 mins,171,6.3,"Sandipta Sen, Ditipriya Roy, Chandreyee Ghosh, Koushik Roy, Honey Bafna","When second-year college student Shinjini gets raped, her professor, Raka Sen, emerges as the only ray of hope at a bleak time. Bodhon is the story of one woman standing up for another woman in a society where a woman is always at fault.",when secondyear college student shinjini gets raped her professor raka sen emerges only ray hope bleak time bodhon story one woman standing up another woman society where woman always fault,when secondyear college student shinjini,"when,secondyear,college,student,shinjini,gets,raped,her,professor,raka,sen,emerges,only,ray,hope,bleak,time,bodhon,story,one,woman,standing,up,another,woman,society,where,woman,always,fault","secondyear,college,student,shinjini,gets,raped,professor,raka,sen,emerges,only,ray,hope,bleak,time,bodhon,story,one,woman,standing,up,another,woman,society,where,woman,always,fault",18
Shows,Hello! Remember Me? (Hindi),Hello! Remember Me?,Original,Hindi,India,,Yes,Thriller,,Thriller,,U/A 16+,4,8,8,5.6,"Ishaa Saha, Paayel Sarkar, Sourav Chakraborty, Laboni Sarkar","When Tori emerges from the shadows of Malini's past to exact revenge for the latter's wrongs, Malini dashes to protect everything and everyone she holds dear!",when tori emerges shadows malinis past exact revenge latters wrongs malini dashes protect everything everyone she holds dear,when tori emerges shadows malinis,"when,tori,emerges,shadows,malinis,past,exact,revenge,latters,wrongs,malini,dashes,protect,everything,everyone,she,holds,dear","tori,emerges,shadows,malinis,past,exact,revenge,latters,wrongs,malini,dashes,protect,everything,everyone,she,holds,dear",16
Shows,Chetna (Hindi),Bodh,Original,Hindi,India,,Yes,Drama,Courtroom,Drama Courtroom,,U/A 13+,3,188 mins,188,7.6,"Afzal Hossain, Runa Khan, Sarah Alam, Khairul Basar, Orchita Sporshia, Shahjahan Shamrat, Rawnak Hasan","A grim past haunts a retired judge. When his daughter reopens his old cases in a bid to help her father, the duo face the brutalities of a crippling legal system.",grim past haunts retired judge when his daughter reopens his old cases bid help her father duo face brutalities crippling legal system,grim past haunts retired judge,"grim,past,haunts,retired,judge,when,his,daughter,reopens,his,old,cases,bid,help,her,father,duo,face,brutalities,crippling,legal,system","grim,past,haunts,retired,judge,daughter,reopens,old,cases,bid,help,father,duo,face,brutalities,crippling,legal,system",13
Shows,The Bengal Scam (Hindi),The Bengal Scam: Bima Kando,Original,Hindi,India,,Yes,Thriller,Mystery,Thriller Mystery,,U/A 13+,3,171 mins,171,6.3,"Rajatava Dutta, Kinjal Nanda, Sonamoni Saha, John Bhattacharya, Debraj Mukherjee","Two insurance agents stumble upon several mysterious cases of people with life insurance policies from their company dying accidental deaths. The duo starts an investigation to find the truth, but they are clueless about the menacing mastermind behind the whole thing.",two insurance agents stumble upon several mysterious cases people life insurance policies their company dying accidental deaths duo starts investigation find truth but they are clueless about menacing mastermind behind whole thing,two insurance agents stumble upon,"two,insurance,agents,stumble,upon,several,mysterious,cases,people,life,insurance,policies,their,company,dying,accidental,deaths,duo,starts,investigation,find,truth,but,they,are,clueless,about,menacing,mastermind,behind,whole,thing","two,insurance,agents,stumble,upon,several,mysterious,cases,people,life,insurance,policies,their,company,dying,accidental,deaths,duo,starts,investigation,find,truth,but,they,clueless,about,menacing,mastermind,behind,whole,thing",13
Shows,Hostel Days (Hindi),Hostel Days,Original,Hindi,India,,Yes,Comedy,Drama,Comedy Drama,,U/A 16+,4,142 mins,142,6.8,"Anindya Sengupta, Rohaan Bhattacharjee, Arpan Ghoshal, Roshni Bhattacharyya, Kanchan Mullick, Subha Chattopadhyay, Pushan Dasgupta, Rahul Barui","A decade later, memories of hostel days, friendship, and betrayal move Orko to start a journey to reunite with his old mates.",decade later memories hostel days friendship betrayal move orko start journey reunite his old mates,decade later memories hostel days,"decade,later,memories,hostel,days,friendship,betrayal,move,orko,start,journey,reunite,his,old,mates","decade,later,memories,hostel,days,friendship,betrayal,move,orko,start,journey,reunite,old,mates",16
Shows,Jal Bin Machhli (Hindi),Gobhir Joler Maach,Original,Hindi,India,,Yes,Drama,Mystery,Drama Mystery,,U/A 16+,4,195 mins,195,4.3,"Swastika Dutta, Trina Saha, Ushasi Ray, Ananya Sen, Shoumo Banerjee, Rajdeep Gupta, Prantik Banerjee, Judhajit Sarkar, Arpan Ghoshal","The seemingly perfect lives of four childhood friends get intertwined in the maze of a secret game of seduction. But when the game turns fatal, the secret that can ruin them becomes the only thing that can save them!",seemingly perfect lives four childhood friends get intertwined maze secret game seduction but when game turns fatal secret can ruin them becomes only thing can save them,seemingly perfect lives four childhood,"seemingly,perfect,lives,four,childhood,friends,get,intertwined,maze,secret,game,seduction,but,when,game,turns,fatal,secret,can,ruin,them,becomes,only,thing,can,save,them","seemingly,perfect,lives,four,childhood,friends,get,intertwined,maze,secret,game,seduction,but,game,turns,fatal,secret,ruin,them,becomes,only,thing,save,them",16
Shows,Postmaster (Hindi),Dakghor,Original,Hindi,India,,Yes,Drama,Comedy,Drama Comedy,,U/A 7+,2,160 mins,160,7.5,"Suhotra Mukhopadhyay, Ditipriya Roy, Kanchan Mullick","Damodar Das comes to the remote village of Hagda as its new postmaster, much to the delight of the villagers. While their simple aspirations and pure emotions slowly do away with Damodar's reservations, he keeps searching for a sliver of his long-lost childhood.",damodar das comes remote village hagda its new postmaster much delight villagers while their simple aspirations pure emotions slowly do away damodars reservations he keeps searching sliver his longlost childhood,damodar das comes remote village,"damodar,das,comes,remote,village,hagda,its,new,postmaster,much,delight,villagers,while,their,simple,aspirations,pure,emotions,slowly,do,away,damodars,reservations,he,keeps,searching,sliver,his,longlost,childhood","damodar,das,comes,remote,village,hagda,new,postmaster,much,delight,villagers,while,their,simple,aspirations,pure,emotions,slowly,away,damodars,reservations,he,keeps,searching,sliver,longlost,childhood",7
Shows,Shohrat: A Fan Investigates (Hindi),Buker Moddhye Agun,Original,Hindi,India,,Yes,Drama,Mystery,Drama Mystery,,U/A 13+,3,224 mins,224,6.7,"Ziaul Faruq Apurba, Yash Rohan, Abu Hurayra Tanvir, Tama Mirza, Shahnaz Sumi, Tania Ahmed, Tauquir Ahmed, Tariq Anam Khan, Gazi Rakayet","Twenty years ago, the supposed suicide of an actor at the peak of his career ignited public outrage and an investigation. When a viral video makes the cold case the talk of the town again, it's up to ASP Golam Mamun to uncover the truth.",twenty years ago supposed suicide actor peak his career ignited public outrage investigation when viral video makes cold case talk town again its up asp golam mamun uncover truth,twenty years ago supposed suicide,"twenty,years,ago,supposed,suicide,actor,peak,his,career,ignited,public,outrage,investigation,when,viral,video,makes,cold,case,talk,town,again,its,up,asp,golam,mamun,uncover,truth","twenty,years,ago,supposed,suicide,actor,peak,career,ignited,public,outrage,investigation,viral,video,makes,cold,case,talk,town,again,up,asp,golam,mamun,uncover,truth",13
Shows,The World of Indubala (Hindi),Indubala Bhaater Hotel,Original,Hindi,India,,Yes,Drama,Period,Drama Period,,U/A 13+,3,218 mins,218,8.2,"Subhashree Ganguly, Sneha Chatterjee, Rahul Banerjee, Pratik Dutta, Suhotra Mukhopadhyay, Angana Roy, Debapratim Dasgupta, Mithu Chakrabarty, Parijat Chaudhuri, Debdutta Raha","From being a carefree young girl in a pristine village in Bangladesh's Khulna to being an entrepreneur in her own right in Kolkata, Indubala's journey is laced with the desolation of separation from her roots and the consolation of every taste serving as a memory of someone she has lost.",being carefree young girl pristine village bangladeshs khulna being entrepreneur her own right kolkata indubalas journey laced desolation separation her roots consolation every taste serving memory someone she has lost,being carefree young girl pristine,"being,carefree,young,girl,pristine,village,bangladeshs,khulna,being,entrepreneur,her,own,right,kolkata,indubalas,journey,laced,desolation,separation,her,roots,consolation,every,taste,serving,memory,someone,she,has,lost","being,carefree,young,girl,pristine,village,bangladeshs,khulna,being,entrepreneur,own,right,kolkata,indubalas,journey,laced,desolation,separation,roots,consolation,every,taste,serving,memory,someone,she,lost",13
Shows,A Game of Memories (Hindi),Jaatishawr,Original,Hindi,India,,Yes,Drama,Mystery,Drama Mystery,,U/A 13+,3,141 mins,141,6.5,"Madhumita Sarcar, Rohaan Bhattacharjee, Kaushik Chakraborty, Bidipta Chakraborty, Ananya Sengupta, Manoj Ojha, Krishnendu Dewanji","Roopkatha arrives at her partner's ancestral home, the Chowdhury House, and sees flashes of unknown memories, seemingly from another lifetime. Her uncanny memories and eerie occurrences put the Chowdhury family in a tailspin as a carefully hidden secret threatens to come to the fore.",roopkatha arrives her partners ancestral home chowdhury house sees flashes unknown memories seemingly another lifetime her uncanny memories eerie occurrences put chowdhury family tailspin carefully hidden secret threatens come fore,roopkatha arrives her partners ancestral,"roopkatha,arrives,her,partners,ancestral,home,chowdhury,house,sees,flashes,unknown,memories,seemingly,another,lifetime,her,uncanny,memories,eerie,occurrences,put,chowdhury,family,tailspin,carefully,hidden,secret,threatens,come,fore","roopkatha,arrives,partners,ancestral,home,chowdhury,house,sees,flashes,unknown,memories,seemingly,another,lifetime,uncanny,memories,eerie,occurrences,put,chowdhury,family,tailspin,carefully,hidden,secret,threatens,come,fore",13
Shows,Homestay Murders (Hindi),Homestay Murders,Original,Hindi,India,,Yes,Detective,Mystery,Detective Mystery,,U/A 16+,4,128 mins,128,6.3,"Sohini Sarkar, Saurav Das, Sabuj Bardhan, Debchandrima Singha Roy, Arjun Chakrabarty, Parno Mittra, Aparajita Ghosh, Judhajit Sarkar","A group of strangers get together at Ananya Homestay, surrounded by the mysterious silence of the mountains. When one of them gets murdered, they must confront each other's secrets and motives and uncover the truth before the killer strikes again.",group strangers get together ananya homestay surrounded mysterious silence mountains when one them gets murdered they must confront each others secrets motives uncover truth before killer strikes again,group strangers get together ananya,"group,strangers,get,together,ananya,homestay,surrounded,mysterious,silence,mountains,when,one,them,gets,murdered,they,must,confront,each,others,secrets,motives,uncover,truth,before,killer,strikes,again","group,strangers,get,together,ananya,homestay,surrounded,mysterious,silence,mountains,one,them,gets,murdered,they,must,confront,each,others,secrets,motives,uncover,truth,before,killer,strikes,again",16
Shows,Rajneeti (Hindi),Rajneeti,Original,Hindi,India,,Yes,Drama,Political,Drama Political,,U/A 13+,3,179 mins,179,,"Ditipriya Roy, Arjun Chakrabarty, Kaushik Ganguly, Koneenica Banerjee, Aniruddha Gupta","Powerful politician Rathin Banerjee's daughter, Rashi loses all her memories after a near-fatal accident. While her family rallies around her in this difficult hour, she finds herself at the centre of a political conspiracy that may set her up for a dynastic power struggle.",powerful politician rathin banerjees daughter rashi loses all her memories after nearfatal accident while her family rallies around her difficult hour she finds herself centre political conspiracy may set her up dynastic power struggle,powerful politician rathin banerjees daughter,"powerful,politician,rathin,banerjees,daughter,rashi,loses,all,her,memories,after,nearfatal,accident,while,her,family,rallies,around,her,difficult,hour,she,finds,herself,centre,political,conspiracy,may,set,her,up,dynastic,power,struggle","powerful,politician,rathin,banerjees,daughter,rashi,loses,all,memories,after,nearfatal,accident,while,family,rallies,around,difficult,hour,she,finds,herself,centre,political,conspiracy,may,set,up,dynastic,power,struggle",13
Shows,The Broken Nest (Hindi),Noshtoneer,Original,Hindi,India,,Yes,Drama,Social,Drama Social,,U/A 13+,3,137 mins,137,6.9,"Sandipta Sen, Shoumo Banerjee, Angana Roy, Rooqma Ray, Anindya Chatterjee, Rahul Dev Bose, Nabanita Malakar, Lokenath Dey","Aparna's blissful world comes crashing down when she discovers a slanderous allegation against her husband on social media. As she tries to piece things back together, a conflict ensues between the truth-seeking woman and the peace-keeping homemaker in her.",aparnas blissful world comes crashing down when she discovers slanderous allegation against her husband social media she tries piece things back together conflict ensues between truthseeking woman peacekeeping homemaker her,aparnas blissful world comes crashing,"aparnas,blissful,world,comes,crashing,down,when,she,discovers,slanderous,allegation,against,her,husband,social,media,she,tries,piece,things,back,together,conflict,ensues,between,truthseeking,woman,peacekeeping,homemaker,her","aparnas,blissful,world,comes,crashing,down,she,discovers,slanderous,allegation,against,husband,social,media,she,tries,piece,things,back,together,conflict,ensues,between,truthseeking,woman,peacekeeping,homemaker",13
Shows,Mission Huntdown (Hindi),Mission Huntdown,Original,Hindi,Bangladesh,,Yes,Thriller,,Thriller,,U/A 13+,3,212 mins,212,6.7,"FS Nayeem, Bidya Sinha Mim, Sumit Sen Gupta, Nishat Priom, AK Azad Shetu, Shahriar Shajib, Hasnat Ripon","ATS officer Mahid starts hunting down an emerging terrorist group in Bangladesh, the JKB. When his path collides with one of the militant's wives, they use each other in their own missions for truth, revenge and closure.",ats officer mahid starts hunting down emerging terrorist group bangladesh jkb when his path collides one militants wives they use each other their own missions truth revenge closure,ats officer mahid starts hunting,"ats,officer,mahid,starts,hunting,down,emerging,terrorist,group,bangladesh,jkb,when,his,path,collides,one,militants,wives,they,use,each,other,their,own,missions,truth,revenge,closure","ats,officer,mahid,starts,hunting,down,emerging,terrorist,group,bangladesh,jkb,path,collides,one,militants,wives,they,use,each,other,their,own,missions,truth,revenge,closure",13
Shows,Damroo (Hindi),Dugdugi,Original,Hindi,India,,Yes,Comedy,Drama,Comedy Drama,,U/A 13+,3,149 mins,149,6.3,"Anirban Chakrabarti, Sreya Bhattacharrya, Rayati Bhattacharya, Biswanath Basu, Lokenath Dey","A frustrated Abanish lives a humdrum life with complicated personal equations and banal professional problems. His ordinary life takes an extraordinary turn when his wife suddenly goes missing, resulting in utter chaos!",frustrated abanish lives humdrum life complicated personal equations banal professional problems his ordinary life takes extraordinary turn when his wife suddenly goes missing resulting utter chaos,frustrated abanish lives humdrum life,"frustrated,abanish,lives,humdrum,life,complicated,personal,equations,banal,professional,problems,his,ordinary,life,takes,extraordinary,turn,when,his,wife,suddenly,goes,missing,resulting,utter,chaos","frustrated,abanish,lives,humdrum,life,complicated,personal,equations,banal,professional,problems,ordinary,life,takes,extraordinary,turn,wife,suddenly,goes,missing,resulting,utter,chaos",13
Shows,Dead/Alive : The Search of a Mother (Hindi),Nikhoj,Original,Hindi,India,,Yes,Thriller,,Thriller,,U/A 13+,3,142 mins,142,5.3,"Swastika Mukherjee, Tota Roy Choudhury, Somashree Bhattacharya, Konineeca Banerjee, Saoli Chattopadhyay","When DCP Brinda Basu's daughter goes missing after attending a party, the latter's mentor and famous journalist Romit Sen becomes the prime suspect in a suspected foul play. Brinda must navigate a web of lies, deceit, and betrayal to find her daughter - alive or dead!",when dcp brinda basus daughter goes missing after attending party latters mentor famous journalist romit sen becomes prime suspect suspected foul play brinda must navigate web lies deceit betrayal find her daughter alive or dead,when dcp brinda basus daughter,"when,dcp,brinda,basus,daughter,goes,missing,after,attending,party,latters,mentor,famous,journalist,romit,sen,becomes,prime,suspect,suspected,foul,play,brinda,must,navigate,web,lies,deceit,betrayal,find,her,daughter,alive,or,dead","dcp,brinda,basus,daughter,goes,missing,after,attending,party,latters,mentor,famous,journalist,romit,sen,becomes,prime,suspect,suspected,foul,play,brinda,must,navigate,web,lies,deceit,betrayal,find,daughter,alive,or,dead",13
Shows,Sixteen-and-Half (Hindi),Sharey Showlo,Original,Hindi,India,,Yes,Drama,Mystery,Drama Mystery,,U/A 13+,3,155 mins,155,5.9,"Afran Nisho, Intekhab Dinar, Zakia Bari Momo, Imtiaz Barshon, Afia Tabassum Borno, Irfan Rony, Shahed Ali, Q Nawshaba Ahmed","On the eve of the most crucial court hearing of Reza's career, a suspicious death on the sixteen-and-a-half floor of Violet Inn puts him in a pickle. As his enemies await his almost inevitable fall from grace, Reza races against the clock to save himself.",eve most crucial court hearing rezas career suspicious death sixteenandahalf floor violet inn puts him pickle his enemies await his almost inevitable fall grace reza races against clock save himself,eve most crucial court hearing,"eve,most,crucial,court,hearing,rezas,career,suspicious,death,sixteenandahalf,floor,violet,inn,puts,him,pickle,his,enemies,await,his,almost,inevitable,fall,grace,reza,races,against,clock,save,himself","eve,most,crucial,court,hearing,rezas,career,suspicious,death,sixteenandahalf,floor,violet,inn,puts,him,pickle,enemies,await,almost,inevitable,fall,grace,reza,races,against,clock,save,himself",13
Shows,Anusandhan (Hindi),Kumudini Bhavan,Original,Hindi,India,,Yes,Drama,Mystery,Drama Mystery,,U/A 13+,3,161 mins,161,6.6,"Ushasi Ray, Ambarish Bhattacharya, Anashua Majumdar, Rishav Basu, Arunima Haldar","A mysterious death at Kumudini Bhavan stuns Inspector Hochi and Anusree, the newest resident at the women's hostel. As they team up and dig deep, they discover unsettling secrets and unforeseen ties, with more deaths creeping up on them!",mysterious death kumudini bhavan stuns inspector hochi anusree newest resident womens hostel they team up dig deep they discover unsettling secrets unforeseen ties more deaths creeping up them,mysterious death kumudini bhavan stuns,"mysterious,death,kumudini,bhavan,stuns,inspector,hochi,anusree,newest,resident,womens,hostel,they,team,up,dig,deep,they,discover,unsettling,secrets,unforeseen,ties,more,deaths,creeping,up,them","mysterious,death,kumudini,bhavan,stuns,inspector,hochi,anusree,newest,resident,womens,hostel,they,team,up,dig,deep,they,discover,unsettling,secrets,unforeseen,ties,more,deaths,creeping,up,them",13
Shows,Adventures of Kolke (Hindi),Mr. Kolketa,Original,Hindi,India,,Yes,Drama,Mystery,Drama Mystery,,U/A 13+,3,191 mins,191,5.7,"Ritwick Chakraborty, Rajnandini Paul, Kaushik Sen, Kaushik Chatterjee, Debesh Roy Chowdhury, Ayush Mukherjee","When history geek, Kolke, partners up with his nerdy nephew Potai, and a quirky young girl, Jhelum, to uncover a lost treasure hidden in the underground tunnels of Kolkata, their expedition culminates in a gripping showdown beneath the city's surface.",when history geek kolke partners up his nerdy nephew potai quirky young girl jhelum uncover lost treasure hidden underground tunnels kolkata their expedition culminates gripping showdown beneath citys surface,when history geek kolke partners,"when,history,geek,kolke,partners,up,his,nerdy,nephew,potai,quirky,young,girl,jhelum,uncover,lost,treasure,hidden,underground,tunnels,kolkata,their,expedition,culminates,gripping,showdown,beneath,citys,surface","history,geek,kolke,partners,up,nerdy,nephew,potai,quirky,young,girl,jhelum,uncover,lost,treasure,hidden,underground,tunnels,kolkata,their,expedition,culminates,gripping,showdown,beneath,citys,surface",13
Shows,The Disappeared (Hindi),Odrisshyo,Original,Hindi,India,,Yes,Drama,Mystery,Drama Mystery,,U/A 13+,3,187 mins,187,6.5,"Mahfuz Ahmed, Aupee Karim, Nishat Priom, Shahdat Hossain, Shampa Reza, Sheikh Partho, Sumon Anowar","Anis, a successful businessman and aspiring politician, suddenly gets abducted. Unable to escape his fate, he has to navigate a dangerous maze of blackmail, betrayal, and personal turmoil. Can he flee his captor and unmask him?",anis successful businessman aspiring politician suddenly gets abducted unable escape his fate he has navigate dangerous maze blackmail betrayal personal turmoil can he flee his captor unmask him,anis successful businessman aspiring politician,"anis,successful,businessman,aspiring,politician,suddenly,gets,abducted,unable,escape,his,fate,he,has,navigate,dangerous,maze,blackmail,betrayal,personal,turmoil,can,he,flee,his,captor,unmask,him","anis,successful,businessman,aspiring,politician,suddenly,gets,abducted,unable,escape,fate,he,navigate,dangerous,maze,blackmail,betrayal,personal,turmoil,he,flee,captor,unmask,him",13
Shows,The Curse of Parnashavari (Hindi),Parnashavarir Shaap,Original,Hindi,India,,Yes,Horror,Mythological,Horror Mythological,,U/A 13+,3,150 mins,150,6.5,"Chiranjeet Chakrabarti, Gaurav Chakrabarty, Anindita Bose, Surangana Bandopadhyay, Arna Mukhopadhyay","A tranquil vacation of four friends at a hillside village takes a sinister turn, when they unwittingly incur the wrath of an ancient deity, Devi Parnashavari. Renowned ocultist, Bhaduri Moshai, is sought out to ward off the goddess' menacing curse that threatens to engulf them all!",tranquil vacation four friends hillside village takes sinister turn when they unwittingly incur wrath ancient deity devi parnashavari renowned ocultist bhaduri moshai sought out ward off goddess menacing curse threatens engulf them all,tranquil vacation four friends hillside,"tranquil,vacation,four,friends,hillside,village,takes,sinister,turn,when,they,unwittingly,incur,wrath,ancient,deity,devi,parnashavari,renowned,ocultist,bhaduri,moshai,sought,out,ward,off,goddess,menacing,curse,threatens,engulf,them,all","tranquil,vacation,four,friends,hillside,village,takes,sinister,turn,they,unwittingly,incur,wrath,ancient,deity,devi,parnashavari,renowned,ocultist,bhaduri,moshai,sought,out,ward,off,goddess,menacing,curse,threatens,engulf,them,all",13
Shows,The Inside Story (Hindi),Antormahal,Original,Hindi,India,,Yes,Drama,,Drama,,U/A 13+,3,167 mins,167,6,"Ishaa Saha, Saurav Das, Arpan Ghoshal, Swastika Dutta, Writa Datta Chakraborty","Riti and Indro's pursuit of parenthood unfolds a storm of traditional social and male conditioning that causes cracks in their marriage. In a tug-of-war of self-respect and ego, will Riti and Indro's relationship be the ultimate casualty?",riti indros pursuit parenthood unfolds storm traditional social male conditioning causes cracks their marriage tugofwar selfrespect ego will riti indros relationship ultimate casualty,riti indros pursuit parenthood unfolds,"riti,indros,pursuit,parenthood,unfolds,storm,traditional,social,male,conditioning,causes,cracks,their,marriage,tugofwar,selfrespect,ego,will,riti,indros,relationship,ultimate,casualty","riti,indros,pursuit,parenthood,unfolds,storm,traditional,social,male,conditioning,causes,cracks,their,marriage,tugofwar,selfrespect,ego,riti,indros,relationship,ultimate,casualty",13
Shows,Tale of Mobarak (Hindi),Mobaroknama,Original,Hindi,India,,Yes,Drama,Courtroom,Drama Courtroom,,U/A 13+,3,116 mins,116,6.5,"Mosharraf Karim, Nowrin Hasan Khan Jenny, Shahnaz Sumi, Samia Othoi, Sayed Zaman Shawon","Once an accomplished lawyer, Mobarok had retired after a case had rocked his moral foundation. Suddenly, a sensational case jolts the now-jaded man. Even after knowing that defeat in the case is inevitable, Mobarok returns to court because victory there is the only way to atone for his past mistake!",once accomplished lawyer mobarok had retired after case had rocked his moral foundation suddenly sensational case jolts nowjaded man even after knowing defeat case inevitable mobarok returns court because victory there only way atone his past mistake,once accomplished lawyer mobarok had,"once,accomplished,lawyer,mobarok,had,retired,after,case,had,rocked,his,moral,foundation,suddenly,sensational,case,jolts,nowjaded,man,even,after,knowing,defeat,case,inevitable,mobarok,returns,court,because,victory,there,only,way,atone,his,past,mistake","once,accomplished,lawyer,mobarok,retired,after,case,rocked,moral,foundation,suddenly,sensational,case,jolts,nowjaded,man,even,after,knowing,defeat,case,inevitable,mobarok,returns,court,because,victory,only,way,atone,past,mistake",13
Shows,Jo Bolenge Sachh Bolenge (Hindi),Jaha Bolibo Shotto Bolibo,Original,Hindi,India,,Yes,Drama,Courtroom,Drama Courtroom,,U/A 13+,3,148 mins,148,6.2,"Mimi Chakraborty, Tota Roy Choudhury, Anujoy Chattopadhyay, Kaushik Chakraborty, Debesh Chattopadhyay, Anindya Banerjee, Joydeep Mukherjee","Public prosecutor Pritha Roy takes up the case of a police officer who is murdered on intervening in an eve-teasing incident. The accused are fellow officers, defended by top lawyer Joyraj Singha. As both lawyers try to prove a point, personal and professional twists threaten to engulf them both!",public prosecutor pritha roy takes up case police officer who murdered intervening eveteasing incident accused are fellow officers defended top lawyer joyraj singha both lawyers try prove point personal professional twists threaten engulf them both,public prosecutor pritha roy takes,"public,prosecutor,pritha,roy,takes,up,case,police,officer,who,murdered,intervening,eveteasing,incident,accused,are,fellow,officers,defended,top,lawyer,joyraj,singha,both,lawyers,try,prove,point,personal,professional,twists,threaten,engulf,them,both","public,prosecutor,pritha,roy,takes,up,case,police,officer,who,murdered,intervening,eveteasing,incident,accused,fellow,officers,defended,top,lawyer,joyraj,singha,both,lawyers,try,prove,point,personal,professional,twists,threaten,engulf,them,both",13
Shows,Kalank (Hindi),Kolonko,Original,Hindi,India,,Yes,Drama,Mystery,Drama Mystery,,U/A 16+,4,182 mins,182,6.5,"Raima Sen, Ritwick Chakraborty, Srijla Guha, Gaurav Chakrabarty, Ambarish Bhattacharya","Chaity and Rangan navigate the aftermath of an unsettling deception that shatters the veneer of their two-decade-long progressive marriage. While they try to restore their familial bliss, elements from the past and present intertwine to open a new can of worms!",chaity rangan navigate aftermath unsettling deception shatters veneer their twodecadelong progressive marriage while they try restore their familial bliss elements past present intertwine open new can worms,chaity rangan navigate aftermath unsettling,"chaity,rangan,navigate,aftermath,unsettling,deception,shatters,veneer,their,twodecadelong,progressive,marriage,while,they,try,restore,their,familial,bliss,elements,past,present,intertwine,open,new,can,worms","chaity,rangan,navigate,aftermath,unsettling,deception,shatters,veneer,their,twodecadelong,progressive,marriage,while,they,try,restore,their,familial,bliss,elements,past,present,intertwine,open,new,worms",16
Shows,Chemistry Masi (Hindi),Chemistry Mashi,Original,Hindi,India,,Yes,Drama,Social,Drama Social,,U/A 13+,3,162 mins,162,7.4,"Debasree Roy, Shankar Chakraborty, Ritwika Pal, Saptarshi Maulik, Sreya Bhattacharyya, Soumya Mukherjee","Sucharita, a middle-aged homemaker, becomes famous as Chemistry Mashi by imparting free chemistry lessons online. But when highly paid coaching institutes smell trouble, Sucharita must navigate politicised scandals and systemic corruption in the education sector to keep teaching those in need.",sucharita middleaged homemaker becomes famous chemistry mashi imparting free chemistry lessons online but when highly paid coaching institutes smell trouble sucharita must navigate politicised scandals systemic corruption education sector keep teaching those need,sucharita middleaged homemaker becomes famous,"sucharita,middleaged,homemaker,becomes,famous,chemistry,mashi,imparting,free,chemistry,lessons,online,but,when,highly,paid,coaching,institutes,smell,trouble,sucharita,must,navigate,politicised,scandals,systemic,corruption,education,sector,keep,teaching,those,need","sucharita,middleaged,homemaker,becomes,famous,chemistry,mashi,imparting,free,chemistry,lessons,online,but,highly,paid,coaching,institutes,smell,trouble,sucharita,must,navigate,politicised,scandals,systemic,corruption,education,sector,keep,teaching,need",13
Shows,Robinson Street Horror Story: Myth vs Reality (Hindi),Robinson Street Horror Story: Myth vs Reality,Original,Hindi,India,,Yes,Documentary,Crime,Documentary Crime,,U/A 16+,4,6,6,,"Loknath Dey, Joysree Dasgupta, Amay Deb Roy","Kolkata's house of horrors on 3, Robinson Street, where Partha De lived with his sister's skeleton, is laced with the horrors of childhood trauma, isolation and lack of understanding of mental health disorders. This docu-series traces the origin of the case and its sensationalised media trial.",kolkatas house horrors 3 robinson street where partha de lived his sisters skeleton laced horrors childhood trauma isolation lack understanding mental health disorders docuseries traces origin case its sensationalised media trial,kolkatas house horrors 3 robinson,"kolkatas,house,horrors,3,robinson,street,where,partha,de,lived,his,sisters,skeleton,laced,horrors,childhood,trauma,isolation,lack,understanding,mental,health,disorders,docuseries,traces,origin,case,its,sensationalised,media,trial","kolkatas,house,horrors,3,robinson,street,where,partha,de,lived,sisters,skeleton,laced,horrors,childhood,trauma,isolation,lack,understanding,mental,health,disorders,docuseries,traces,origin,case,sensationalised,media,trial",16
Shows,Lajja (Hindi),Lojja,Original,Hindi,India,,Yes,Drama,Social,Drama Social,,U/A 16+,4,148 mins,148,6.4,"Priyanka Sarkar, Anujoy Chattopadhyay, Indrasish Roy, Saoli Chattopadhyay, Kheyali Dastidar, Koneenica Banerjee","Jaya, a meek homemaker, has been subjected to relentless verbal abuse by her husband over the years. As she confronts society's stifling expectations of women to raise her voice against the abuse, her life becomes a battleground in her quest to regain her self-esteem.",jaya meek homemaker has been subjected relentless verbal abuse her husband over years she confronts societys stifling expectations women raise her voice against abuse her life becomes battleground her quest regain her selfesteem,jaya meek homemaker has been,"jaya,meek,homemaker,has,been,subjected,relentless,verbal,abuse,her,husband,over,years,she,confronts,societys,stifling,expectations,women,raise,her,voice,against,abuse,her,life,becomes,battleground,her,quest,regain,her,selfesteem","jaya,meek,homemaker,been,subjected,relentless,verbal,abuse,husband,over,years,she,confronts,societys,stifling,expectations,women,raise,voice,against,abuse,life,becomes,battleground,quest,regain,selfesteem",16
Shows,Grandpa's Game (Hindi),Dadur Kirti,Original,Hindi,India,,Yes,Comedy,Drama,Comedy Drama,,U/A 13+,3,174 mins,174,5.3,"Paran Bandopadhyay, Anashua Majumdar, Satyam Bhattacharya, Shantilal Mukherjee, Srijla Guha, Rwitobroto Mukherjee, Chandreyee Ghosh, Kanchan Mullick, Durbar Sharma, Avery Singha Roy","The patriarch of the Chowdhury Bari unites his estranged family on the pretext of his impending death, and reveals the existence of a spirit guarding a hidden ancestral treasure. As the family engages in a treasure hunt, emotions run high, love blossoms, and everyone confronts past transgressions.",patriarch chowdhury bari unites his estranged family pretext his impending death reveals existence spirit guarding hidden ancestral treasure family engages treasure hunt emotions run high love blossoms everyone confronts past transgressions,patriarch chowdhury bari unites his,"patriarch,chowdhury,bari,unites,his,estranged,family,pretext,his,impending,death,reveals,existence,spirit,guarding,hidden,ancestral,treasure,family,engages,treasure,hunt,emotions,run,high,love,blossoms,everyone,confronts,past,transgressions","patriarch,chowdhury,bari,unites,estranged,family,pretext,impending,death,reveals,existence,spirit,guarding,hidden,ancestral,treasure,family,engages,treasure,hunt,emotions,run,high,love,blossoms,everyone,confronts,past,transgressions",13
Shows,The Killer Frame (Hindi),Chhabi Biswas,Original,Hindi,India,,Yes,Thriller,Crime,Thriller Crime,,U/A 13+,3,165 mins,165,7.3,"Subham, Subhasish Mukhopadhyay, Anuradha Mukherjee, Anangsha Biswas, Kinjal Nanda, Chandan Sen, Ayan Bhattacharjee, Momo ▲","Chhabi Biswas, a seemingly dull middle-aged photographer who has been a subject of mockery throughout his life, suddenly gets trapped in a world of darkness. When his true nature slowly comes to light in the form of secret tasks, he faces the wrath of greed and cruelty.",chhabi biswas seemingly dull middleaged photographer who has been subject mockery throughout his life suddenly gets trapped world darkness when his true nature slowly comes light form secret tasks he faces wrath greed cruelty,chhabi biswas seemingly dull middleaged,"chhabi,biswas,seemingly,dull,middleaged,photographer,who,has,been,subject,mockery,throughout,his,life,suddenly,gets,trapped,world,darkness,when,his,true,nature,slowly,comes,light,form,secret,tasks,he,faces,wrath,greed,cruelty","chhabi,biswas,seemingly,dull,middleaged,photographer,who,been,subject,mockery,throughout,life,suddenly,gets,trapped,world,darkness,true,nature,slowly,comes,light,form,secret,tasks,he,faces,wrath,greed,cruelty",13
Shows,Rumi (Hindi),Rumi,Original,Hindi,Bangladesh,,Yes,Thriller,,Thriller,,U/A 16+,4,167 mins,167,6.7,"Chanchal Chowdhury, Reekita Nondine Shimu, Abdun Noor Shajal, Afia Tabassum Borno, Shahadat Hossain, Deepa Khandakar","Rumi, a CIB officer, loses his sight and his job in a near-fatal accident. He starts having nightmares of strange events, one of which shockingly translates to reality in a gruesome murder. Now, the blind detective must decipher his nightmares to unravel the mystery behind the violent crime!",rumi cib officer loses his sight his job nearfatal accident he starts having nightmares strange events one which shockingly translates reality gruesome murder now blind detective must decipher his nightmares unravel mystery behind violent crime,rumi cib officer loses his,"rumi,cib,officer,loses,his,sight,his,job,nearfatal,accident,he,starts,having,nightmares,strange,events,one,which,shockingly,translates,reality,gruesome,murder,now,blind,detective,must,decipher,his,nightmares,unravel,mystery,behind,violent,crime","rumi,cib,officer,loses,sight,job,nearfatal,accident,he,starts,having,nightmares,strange,events,one,which,shockingly,translates,reality,gruesome,murder,now,blind,detective,must,decipher,nightmares,unravel,mystery,behind,violent,crime",16
Shows,Advocate Achinta Aich (Hindi),Advocate Achinta Aich,Original,Hindi,India,,Yes,Drama,Courtroom,Drama Courtroom,,U/A 13+,3,165 mins,165,6.8,"Riwtick Chakraborty, Saswata Chatterjee, Surangana Bandopadhyay, Dulal Lahiri, Loknath Dey, Alakananda Roy, Debraj Bhattacharya, Kheya Chattopadhyay","Following a shocking high-profile murder with several eyewitnesses, the only suspect in the seemingly open-and-shut case turns to Achinta Aich, a notary lawyer with few resources. As Achinta risks his all in a quest for justice, he uncovers a web of secrets and sins that hold the key to the truth.",following shocking highprofile murder several eyewitnesses only suspect seemingly openandshut case turns achinta aich notary lawyer few resources achinta risks his all quest justice he uncovers web secrets sins hold key truth,following shocking highprofile murder several,"following,shocking,highprofile,murder,several,eyewitnesses,only,suspect,seemingly,openandshut,case,turns,achinta,aich,notary,lawyer,few,resources,achinta,risks,his,all,quest,justice,he,uncovers,web,secrets,sins,hold,key,truth","following,shocking,highprofile,murder,several,eyewitnesses,only,suspect,seemingly,openandshut,case,turns,achinta,aich,notary,lawyer,few,resources,achinta,risks,all,quest,justice,he,uncovers,web,secrets,sins,hold,key,truth",13
Shows,Golam Mamun (Hindi),Golam Mamun,Original,Hindi,Bangladesh,,Yes,Thriller,,Thriller,,U/A 13+,3,209 mins,209,7.2,"Ziaul Faruq Apurba, Sabila Nur, Imtiaz Barshon, Nazmus Sakib, Fakhrul Bashar Masum, Sharlin Farzana","Mamun, the prime suspect in a double murder, faces off with a serial killer and the system to which he has dedicated his life, while the clock keeps ticking on his quest to prove his innocence.",mamun prime suspect double murder faces off serial killer system which he has dedicated his life while clock keeps ticking his quest prove his innocence,mamun prime suspect double murder,"mamun,prime,suspect,double,murder,faces,off,serial,killer,system,which,he,has,dedicated,his,life,while,clock,keeps,ticking,his,quest,prove,his,innocence","mamun,prime,suspect,double,murder,faces,off,serial,killer,system,which,he,dedicated,life,while,clock,keeps,ticking,quest,prove,innocence",13
Shows,Sandhya Ke Aangan Mein (Hindi),Boka Bakshote Bondi,Original,Hindi,India,,Yes,Drama,Psychological,Drama Psychological,,U/A 13+,3,132 mins,132,6.8,"Solanki Roy, Neel Bhattacharya, Shoumo Banerjee, Mousumi Saha, Alivia Sarkar, Riya Ganguly",An actress leaves her profession for a life away from the limelight. But her last day of work becomes a nightmare as she finds herself unsure where her scripted persona ends and her true self begins.,actress leaves her profession life away limelight but her last day work becomes nightmare she finds herself unsure where her scripted persona ends her true self begins,actress leaves her profession life,"actress,leaves,her,profession,life,away,limelight,but,her,last,day,work,becomes,nightmare,she,finds,herself,unsure,where,her,scripted,persona,ends,her,true,self,begins","actress,leaves,profession,life,away,limelight,but,last,day,work,becomes,nightmare,she,finds,herself,unsure,where,scripted,persona,ends,true,self,begins",13
Shows,Bijaya (Hindi),Bijoya,Original,Hindi,India,,Yes,Drama,Social,Drama Social,,U/A 16+,4,187 mins,187,7,"Swastika Mukherjee, Debdutta Raha, Shaheb Chattopadhyay, Bidipta Chakraborty, Raunak Dey Bhowmick, Jeet Sundar, Debi Saha","When Bijoya's son slips into a coma after suffering a suspicious fall at his college, the resolute mother pulls all stops to uncover a cycle of ragging and corruption and bring justice to her son.",when bijoyas son slips into coma after suffering suspicious fall his college resolute mother pulls all stops uncover cycle ragging corruption bring justice her son,when bijoyas son slips into,"when,bijoyas,son,slips,into,coma,after,suffering,suspicious,fall,his,college,resolute,mother,pulls,all,stops,uncover,cycle,ragging,corruption,bring,justice,her,son","bijoyas,son,slips,into,coma,after,suffering,suspicious,fall,college,resolute,mother,pulls,all,stops,uncover,cycle,ragging,corruption,bring,justice,son",16
Shows,Parineeta (Hindi),Parineeta,Original,Hindi,India,,Yes,Romantic,Drama,Romantic Drama,,U/A 13+,3,168 mins,168,7.5,"Debchandrima Singha Roy, Gaurav Chakrabarty, Arpan Ghoshal, Loknath Dey, Debdut Ghosh, Pushpita Mukherjee, Mimi Dutta","Lalita and Shekhar's chance encounter after several years stirs up bittersweet memories, forcing them to confront their fears and fury, misbelief and misery, and most of all their profound love for each other!",lalita shekhars chance encounter after several years stirs up bittersweet memories forcing them confront their fears fury misbelief misery most all their profound love each other,lalita shekhars chance encounter after,"lalita,shekhars,chance,encounter,after,several,years,stirs,up,bittersweet,memories,forcing,them,confront,their,fears,fury,misbelief,misery,most,all,their,profound,love,each,other","lalita,shekhars,chance,encounter,after,several,years,stirs,up,bittersweet,memories,forcing,them,confront,their,fears,fury,misbelief,misery,most,all,their,profound,love,each,other",13
Shows,Mahishasura Mardini (Hindi),Mohishashur Mordini,Original,Hindi,India,,Yes,Drama,Mythological,Drama Mythological,,A 18+,5,178 mins,178,8.2,"Rajnandini Paul, Rohaan Bhattacharjee, Shreya Mukherjee, Debanjan Chatterjee, Niladri Lahiri, Subhrajit Dutta, Debopriyo Mukherjee","In the mystical realm of gods and demons, Mahamaya, the divine feminine, emerges to restore balance, confronting ancient evils with her many forms and boundless power. From showcasing Sati's sacrifice to Shiv’s fury, this series celebrates the Aadishakti's power, showing that without her, life ceases to exist.",mystical realm gods demons mahamaya divine feminine emerges restore balance confronting ancient evils her many forms boundless power showcasing satis sacrifice shivs fury series celebrates aadishaktis power showing without her life ceases exist,mystical realm gods demons mahamaya,"mystical,realm,gods,demons,mahamaya,divine,feminine,emerges,restore,balance,confronting,ancient,evils,her,many,forms,boundless,power,showcasing,satis,sacrifice,shivs,fury,series,celebrates,aadishaktis,power,showing,without,her,life,ceases,exist","mystical,realm,gods,demons,mahamaya,divine,feminine,emerges,restore,balance,confronting,ancient,evils,many,forms,boundless,power,showcasing,satis,sacrifice,shivs,fury,series,celebrates,aadishaktis,power,showing,without,life,ceases,exist",18
Shows,Kaveri (Hindi),Kaberi,Original,Hindi,India,,Yes,Drama,Social,Drama Social,,U/A 16+,4,173 mins,173,6.9,"Paoli Dam, Sourav Chakraborty, Beas Dhar, Shankar Debnath, Prantik Banerjee, Chandan Sen","Kaberi, a severely oppressed woman on the run from her abusive husband, develops a special bond with Shampa, one of her students. When Shampa faces an evil conspiracy, Kaberi's quest to save her becomes the fight for her own existence.",kaberi severely oppressed woman run her abusive husband develops special bond shampa one her students when shampa faces evil conspiracy kaberis quest save her becomes fight her own existence,kaberi severely oppressed woman run,"kaberi,severely,oppressed,woman,run,her,abusive,husband,develops,special,bond,shampa,one,her,students,when,shampa,faces,evil,conspiracy,kaberis,quest,save,her,becomes,fight,her,own,existence","kaberi,severely,oppressed,woman,run,abusive,husband,develops,special,bond,shampa,one,students,shampa,faces,evil,conspiracy,kaberis,quest,save,becomes,fight,own,existence",16
Shows,Anjaan Saayein (Hindi),Nikosh Chhaya,Original,Hindi,India,,Yes,Horror,Mythological,Horror Mythological,,U/A 13+,3,120 mins,120,6.2,"Chiranjeet Chakrabarti, Surangana Bandopadhyay, Anujoy Chattopadhyay, Gaurav Chakrabarty, Anindita Bose, Arna Mukhopadhyay, Kanchan Mullick","Bhaduri Moshai, the renowned occultist, is drawn into a haunting mystery when an Aghori tantric surfaces around the blood moon, with sinister intentions which begin to harm people he holds dear.",bhaduri moshai renowned occultist drawn into haunting mystery when aghori tantric surfaces around blood moon sinister intentions which begin harm people he holds dear,bhaduri moshai renowned occultist drawn,"bhaduri,moshai,renowned,occultist,drawn,into,haunting,mystery,when,aghori,tantric,surfaces,around,blood,moon,sinister,intentions,which,begin,harm,people,he,holds,dear","bhaduri,moshai,renowned,occultist,drawn,into,haunting,mystery,aghori,tantric,surfaces,around,blood,moon,sinister,intentions,which,begin,harm,people,he,holds,dear",13
Shows,Rangila Kitab (Hindi),Rangila Kitab,Original,Hindi,Bangladesh,,Yes,Thriller,,Thriller,,U/A 16+,4,127,127,6.2,"Moyen Uddin, Pori Moni, Mostafizur Noor Imran",,,,,,16
Shows,Talma Ke Romeo Juliet (Hindi),Talmar Romeo Juliet,Original,Hindi,India,,Yes,Romantic,Drama,Romantic Drama,,U/A 16+,4,,202,,,,,,,,16
Movies,Habji Gabji,,Acquired,Bengali,India,03-01-2025,Yes,Drama,Family,Drama Family,2022,U,1,,124,,,,,,,,0
Movies,Tekka,,Acquired,Bengali,India,27-12-2024,Yes,Thriller,,Thriller,2024,U/A 13+,3,133,133,,"Dev, Swastika Mukherjee, Rukmini Maitra, Paran Bandopadhyay, Tota Roy Choudhury, Aryann Bhowmick, Sreeja Dutta, Loknath Dey","A desperate janitor takes a little girl hostage in a corporate building to get his job back, triggering a tense stand-off between him and the police. As stories in the media begin to sway public opinion, the plot thickens with escalating twists and unravelling secrets. ",desperate janitor takes little girl hostage corporate building get his job back triggering tense standoff between him police stories media begin sway public opinion plot thickens escalating twists unravelling secrets,desperate janitor takes little girl,"desperate,janitor,takes,little,girl,hostage,corporate,building,get,his,job,back,triggering,tense,standoff,between,him,police,stories,media,begin,sway,public,opinion,plot,thickens,escalating,twists,unravelling,secrets","desperate,janitor,takes,little,girl,hostage,corporate,building,get,job,back,triggering,tense,standoff,between,him,police,stories,media,begin,sway,public,opinion,plot,thickens,escalating,twists,unravelling,secrets",13
Movies,Kishmish,,Acquired,Bengali,India,29-11-2024,Yes,Romantic,Comedy,Romantic Comedy,2022,U,1,139,139,,"Dev, Rukmini Maitra, Kharaj Mukherjee, Anjana Basu, Kamaleshwar Mukherjee, June Malia","Tintin, an aspiring comic artist, and Rohini, an ambitious girl, fall in love at college. However, when they decide to get married, their parents' inability to let go of a heartwrenching past stands in the way of their happily ever after.",tintin aspiring comic artist rohini ambitious girl fall love college however when they decide get married their parents inability let go heartwrenching past stands way their happily ever after,tintin aspiring comic artist rohini,"tintin,aspiring,comic,artist,rohini,ambitious,girl,fall,love,college,however,when,they,decide,get,married,their,parents,inability,let,go,heartwrenching,past,stands,way,their,happily,ever,after","tintin,aspiring,comic,artist,rohini,ambitious,girl,fall,love,college,however,they,decide,get,married,their,parents,inability,let,go,heartwrenching,past,stands,way,their,happily,ever,after",0
Movies,Kolkatay Kohinoor,,Acquired,Bengali,India,22-11-2024,Yes,Thriller,Drama,Thriller Drama,2019,U,1,126,126,,"Soumitra Chatterjee, Sabyasachi Chakrabarty, Barun Chanda, Debdut Ghosh, Indrani Dutta",A team of historians undertake a dangerous treasure hunt to uncover the mysterious past of the Kohinoor diamond and discover its startling connection to the city of joy!,team historians undertake dangerous treasure hunt uncover mysterious past kohinoor diamond discover its startling connection city joy,team historians undertake dangerous treasure,"team,historians,undertake,dangerous,treasure,hunt,uncover,mysterious,past,kohinoor,diamond,discover,its,startling,connection,city,joy","team,historians,undertake,dangerous,treasure,hunt,uncover,mysterious,past,kohinoor,diamond,discover,startling,connection,city,joy",0
Movies,Toofan,,Acquired,Bengali,India,19-09-2024,Yes,Action,Thriller,Action Thriller,2024,U/A 16+,4,145,145,7.2,"Shakib Khan, Mimi Chakraborty, Chanchal Chowdhury, Masuma Rahman Nabila, Misa Sawdagar","Ghalib Bin Goni, a born killer, massacres his way to power and becomes Toofan, the biggest mafia don of Bangladesh, in this global Bengali blockbuster.",ghalib bin goni born killer massacres his way power becomes toofan biggest mafia don bangladesh global bengali blockbuster,ghalib bin goni born killer,"ghalib,bin,goni,born,killer,massacres,his,way,power,becomes,toofan,biggest,mafia,don,bangladesh,global,bengali,blockbuster","ghalib,bin,goni,born,killer,massacres,way,power,becomes,toofan,biggest,mafia,don,bangladesh,global,bengali,blockbuster",16
Movies,Pradhan,,Acquired,Bengali,India,09-08-2024,Yes,Drama,Social,Drama Social,2023,U/A 13+,3,160,160,5.8,"Dev, Paran Bandopadhyay, Mamata Shankar, Anirban Chakrabarti, Soham Chakraborty, Soumitrisha Kundu","Deepak Pradhan, a young officer in Dharmapur, faces corruption among his juniors. With disturbing past events resurfacing and pressure mounting, will he uphold his principles and fight for love, dignity, and honesty?",deepak pradhan young officer dharmapur faces corruption among his juniors disturbing past events resurfacing pressure mounting will he uphold his principles fight love dignity honesty,deepak pradhan young officer dharmapur,"deepak,pradhan,young,officer,dharmapur,faces,corruption,among,his,juniors,disturbing,past,events,resurfacing,pressure,mounting,will,he,uphold,his,principles,fight,love,dignity,honesty","deepak,pradhan,young,officer,dharmapur,faces,corruption,among,juniors,disturbing,past,events,resurfacing,pressure,mounting,he,uphold,principles,fight,love,dignity,honesty",13
Movies,Dharmajuddha,,Acquired,Bengali,India,19-07-2024,Yes,Drama,Political,Drama Political,2022,U/A 13+,3,109,109,6.9,"Swatilekha Sengupta, Ritwick Chakraborty, Subhashree Ganguly, Soham Chakraborty, Parno Mittra, Koushik Roy, Saptarshi Maulik","A riot erupts in the small town of Ismailpur, compelling four victims to take refuge in an elderly woman's home. As tensions flare among them, the night becomes an unforgettable and fateful ordeal.",riot erupts small town ismailpur compelling four victims take refuge elderly womans home tensions flare among them night becomes unforgettable fateful ordeal,riot erupts small town ismailpur,"riot,erupts,small,town,ismailpur,compelling,four,victims,take,refuge,elderly,womans,home,tensions,flare,among,them,night,becomes,unforgettable,fateful,ordeal","riot,erupts,small,town,ismailpur,compelling,four,victims,take,refuge,elderly,womans,home,tensions,flare,among,them,night,becomes,unforgettable,fateful,ordeal",13
Movies,Pariah,,Acquired,Bengali,India,12-07-2024,Yes,Action,Thriller,Action Thriller,2024,A 18+,5,135,135,6.8,"Vikram Chatterjee, Angana Roy, Sreelekha Mitra, Ambarish Bhattacharya, Soumya Mukherjee",A common man turns into a relentless vigilante when his puppy goes missing in the midst of society's cruel apathy for voiceless animals.,common man turns into relentless vigilante when his puppy goes missing midst societys cruel apathy voiceless animals,common man turns into relentless,"common,man,turns,into,relentless,vigilante,when,his,puppy,goes,missing,midst,societys,cruel,apathy,voiceless,animals","common,man,turns,into,relentless,vigilante,puppy,goes,missing,midst,societys,cruel,apathy,voiceless,animals",18
Movies,Rainbow Jelly,,Acquired,Bengali,India,28-06-2024,Yes,Drama,Fantasy,Drama Fantasy,2018,U,1,119,119,6.8,"Mahabrata Basu, Sreelekha Mitra, Kaushik Sen, Shantilal Mukherjee, Anumegha Banerjee","Ghoton, an autistic 12-year-old orphaned boy mistreated by his uncle, feels hopeful when a mysterious aunt promises to change his life with a magical recipe.",ghoton autistic 12yearold orphaned boy mistreated his uncle feels hopeful when mysterious aunt promises change his life magical recipe,ghoton autistic 12yearold orphaned boy,"ghoton,autistic,12yearold,orphaned,boy,mistreated,his,uncle,feels,hopeful,when,mysterious,aunt,promises,change,his,life,magical,recipe","ghoton,autistic,12yearold,orphaned,boy,mistreated,uncle,feels,hopeful,mysterious,aunt,promises,change,life,magical,recipe",0
Movies,Mayurakshi,,Acquired,Bengali,India,31-05-2024,Yes,Drama,,Drama,2017,U,1,102,102,7.1,"Prosenjit Chatterjee, Soumitra Chatterjee, Gargi Roychowdhury, Sudipta Chakraborty, Indrani Halder","A reunion between a retired professor, suffering from neurological problems, and his NRI son, who is going through an unsettling phase, changes their lives when several closed chapters are reopened.",reunion between retired professor suffering neurological problems his nri son who going through unsettling phase changes their lives when several closed chapters are reopened,reunion between retired professor suffering,"reunion,between,retired,professor,suffering,neurological,problems,his,nri,son,who,going,through,unsettling,phase,changes,their,lives,when,several,closed,chapters,are,reopened","reunion,between,retired,professor,suffering,neurological,problems,nri,son,who,going,through,unsettling,phase,changes,their,lives,several,closed,chapters,reopened",0
Movies,Chaalchitra Ekhon,,Acquired,Bengali,India,10-05-2024,Yes,Drama,Biography,Drama Biography,2024,U/A 13+,3,92,92,7.4,"Anjan Dutt, Sawon Chakraborty, Bidipta Chakraborty, Suprobhat Das, Subhasish Mukherjee","A tribute to auteur Mrinal Sen in his birth centenary year, the film traces Anjan Dutt's captivating journey with the celluloid maestro in 1981, marking the beginning of a unique mentor-protÈgÈ relationship.",tribute auteur mrinal sen his birth centenary year film traces anjan dutts captivating journey celluloid maestro 1981 marking beginning unique mentorprotègè relationship,tribute auteur mrinal sen his,"tribute,auteur,mrinal,sen,his,birth,centenary,year,film,traces,anjan,dutts,captivating,journey,celluloid,maestro,1981,marking,beginning,unique,mentorprotègè,relationship","tribute,auteur,mrinal,sen,birth,centenary,year,film,traces,anjan,dutts,captivating,journey,celluloid,maestro,1981,marking,beginning,unique,mentorprotègè,relationship",13
Movies,Shri Swapankumarer Badami Hyenar Kobole,,Acquired,Bengali,India,11-04-2024,Yes,Thriller,Action,Thriller Action,2024,U/A 13+,3,144,144,5.6,"Abir Chatterjee, Paran Bandopadhyay, Shruti Das, Gautam Halder, Pratik Dutta, Loknath Dey","Kolkata is in danger as Badami Hyena looms threat over the city. Dipak Chatterjee, a detective created by pulp-fiction writer Shri Swapankumar, is here to save the city.",kolkata danger badami hyena looms threat over city dipak chatterjee detective created pulpfiction writer shri swapankumar here save city,kolkata danger badami hyena looms,"kolkata,danger,badami,hyena,looms,threat,over,city,dipak,chatterjee,detective,created,pulpfiction,writer,shri,swapankumar,here,save,city","kolkata,danger,badami,hyena,looms,threat,over,city,dipak,chatterjee,detective,created,pulpfiction,writer,shri,swapankumar,save,city",13
Movies,Bogla Mama,,Acquired,Bengali,India,08-03-2024,Yes,Comedy,,Comedy,2023,U,1,145,145,6,"Kharaj Mukherjee, Riddhi Sen, Rajatava Dutta, Aparajita Adhya, Ditipriya Roy","Watch Bogla Mama full Bengali movie online in HD only on hoichoi. Bogla Mama Bengali movie starring Kharaj Mukherjee, Riddhi Sen streaming on hoichoi.",watch bogla mama full bengali movie online hd only hoichoi bogla mama bengali movie starring kharaj mukherjee riddhi sen streaming hoichoi,watch bogla mama full bengali,"watch,bogla,mama,full,bengali,movie,online,hd,only,hoichoi,bogla,mama,bengali,movie,starring,kharaj,mukherjee,riddhi,sen,streaming,hoichoi","watch,bogla,mama,full,bengali,movie,online,hd,only,hoichoi,bogla,mama,bengali,movie,starring,kharaj,mukherjee,riddhi,sen,streaming,hoichoi",0
Movies,Raktabeej,,Acquired,Bengali,India,18-02-2024,Yes,Thriller,Social,Thriller Social,2023,U/A 13+,3,140,140,7.4,"Victor Bannerjee, Abir Chatterjee, Mimi Chakraborty, Anashua Majumdar, Satyam Bhattacharya, Devlina Kumar","Watch Raktabeej full Bengali movie online in HD only on hoichoi. Raktabeej Bengali movie starring Abir Chatterjee, Mimi Chakraborty streaming on hoichoi.",watch raktabeej full bengali movie online hd only hoichoi raktabeej bengali movie starring abir chatterjee mimi chakraborty streaming hoichoi,watch raktabeej full bengali movie,"watch,raktabeej,full,bengali,movie,online,hd,only,hoichoi,raktabeej,bengali,movie,starring,abir,chatterjee,mimi,chakraborty,streaming,hoichoi","watch,raktabeej,full,bengali,movie,online,hd,only,hoichoi,raktabeej,bengali,movie,starring,abir,chatterjee,mimi,chakraborty,streaming,hoichoi",13
Movies,Mitthye Premer Gaan,,Acquired,Bengali,India,10-02-2024,Yes,Romantic,Drama,Romantic Drama,2023,U/A 13+,3,146,146,5.5,"Anirban Bhattacharya, Ishaa Saha, Arjun Chakrabarty, Soumya Mukherjee, Anusha Viswanathan",Watch Mitthye Premer Gaan full Bengali movie online in HD only on hoichoi. Mitthye Premer Gaan Bengali movie streaming on hoichoi.,watch mitthye premer gaan full bengali movie online hd only hoichoi mitthye premer gaan bengali movie streaming hoichoi,watch mitthye premer gaan full,"watch,mitthye,premer,gaan,full,bengali,movie,online,hd,only,hoichoi,mitthye,premer,gaan,bengali,movie,streaming,hoichoi","watch,mitthye,premer,gaan,full,bengali,movie,online,hd,only,hoichoi,mitthye,premer,gaan,bengali,movie,streaming,hoichoi",13
Movies,Aynabaji,,Acquired,Bengali,India,08-02-2024,Yes,Thriller,Crime,Thriller Crime,2016,U/A 13+,3,147,147,7.5,"Chanchal Chowdhury, Masuma Rahman Nabila, Partha Barua, Lutfur Rahman George, Brindaban Das",Watch Aynabaji full Bengali movie online in HD only on hoichoi. Aynabaji Bengali movie starring Bangladeshi actor Chanchal Chowdhury streaming on hoichoi.,watch aynabaji full bengali movie online hd only hoichoi aynabaji bengali movie starring bangladeshi actor chanchal chowdhury streaming hoichoi,watch aynabaji full bengali movie,"watch,aynabaji,full,bengali,movie,online,hd,only,hoichoi,aynabaji,bengali,movie,starring,bangladeshi,actor,chanchal,chowdhury,streaming,hoichoi","watch,aynabaji,full,bengali,movie,online,hd,only,hoichoi,aynabaji,bengali,movie,starring,bangladeshi,actor,chanchal,chowdhury,streaming,hoichoi",13
Movies,Dawshom Awbotaar,,Acquired,Bengali,India,02-02-2024,Yes,Thriller,Crime,Thriller Crime,2023,A 18+,5,152,152,5.8,"Prosenjit Chatterjee, Anirban Bhattacharya, Jisshu Sengupta, Jaya Ahsan",Watch Dawshom Awbotaar full Bengali movie online in HD only on hoichoi. Dawshom Awbotaar Bengali movie starring Prosenjit Chatterjee streaming on hoichoi.,watch dawshom awbotaar full bengali movie online hd only hoichoi dawshom awbotaar bengali movie starring prosenjit chatterjee streaming hoichoi,watch dawshom awbotaar full bengali,"watch,dawshom,awbotaar,full,bengali,movie,online,hd,only,hoichoi,dawshom,awbotaar,bengali,movie,starring,prosenjit,chatterjee,streaming,hoichoi","watch,dawshom,awbotaar,full,bengali,movie,online,hd,only,hoichoi,dawshom,awbotaar,bengali,movie,starring,prosenjit,chatterjee,streaming,hoichoi",18
Movies,C/O Sir,,Acquired,Bengali,India,17-11-2023,Yes,Thriller,,Thriller,2013,U,1,124,124,7.4,"Saswata Chatterjee, Raima Sen, Indraneil Sengupta, Sudipta Chakraborty, Sabyasachi Chakrabarty","Blind teacher Jayabrata faces threats in Kurseong. Relying on hearing, can he overcome danger looming over his property? Watch C/O Sir Bengali movie now.",blind teacher jayabrata faces threats kurseong relying hearing can he overcome danger looming over his property watch co sir bengali movie now,blind teacher jayabrata faces threats,"blind,teacher,jayabrata,faces,threats,kurseong,relying,hearing,can,he,overcome,danger,looming,over,his,property,watch,co,sir,bengali,movie,now","blind,teacher,jayabrata,faces,threats,kurseong,relying,hearing,he,overcome,danger,looming,over,property,watch,co,sir,bengali,movie,now",0
Movies,Podokkhep,,Acquired,Bengali,India,03-11-2023,Yes,Drama,,Drama,2006,U/A 7+,2,92,92,7.2,"Soumitra Chatterjee, Nandita Das, Sabitri Chatterjee, Tota Roy Choudhury","Retired bank employee Shashanka navigates personal conflicts, seeking harmony with his daughter. Their paths converge. Watch Podokkhep on hoichoi.",retired bank employee shashanka navigates personal conflicts seeking harmony his daughter their paths converge watch podokkhep hoichoi,retired bank employee shashanka navigates,"retired,bank,employee,shashanka,navigates,personal,conflicts,seeking,harmony,his,daughter,their,paths,converge,watch,podokkhep,hoichoi","retired,bank,employee,shashanka,navigates,personal,conflicts,seeking,harmony,daughter,their,paths,converge,watch,podokkhep,hoichoi",7
Movies,Peace Haven,,Acquired,Bengali,India,03-11-2023,Yes,Comedy,Drama,Comedy Drama,2016,U,1,73,73,6.3,"Soumitra Chatterjee, Paran Bandopadhyay, Arun Mukhopadhyay",Three septuagenarian friends venture to create their mortuary after a poignant funeral. Discovery of 'Peace Haven' morgue unfolds unforeseen twists.,three septuagenarian friends venture create their mortuary after poignant funeral discovery peace haven morgue unfolds unforeseen twists,three septuagenarian friends venture create,"three,septuagenarian,friends,venture,create,their,mortuary,after,poignant,funeral,discovery,peace,haven,morgue,unfolds,unforeseen,twists","three,septuagenarian,friends,venture,create,their,mortuary,after,poignant,funeral,discovery,peace,haven,morgue,unfolds,unforeseen,twists",0
Movies,Searching for Happiness,,Acquired,Bengali,India,03-11-2023,Yes,Drama,,Drama,2021,U,1,62,62,,"Sudipta Chakraborty, Arindam Ghosh, Shahida Neera","Shahida, a lost 4-year-old in Kolkata, encounters diverse souls seeking happiness. What does joy mean to a child adrift in these tumultuous streets?",shahida lost 4yearold kolkata encounters diverse souls seeking happiness what does joy mean child adrift these tumultuous streets,shahida lost 4yearold kolkata encounters,"shahida,lost,4yearold,kolkata,encounters,diverse,souls,seeking,happiness,what,does,joy,mean,child,adrift,these,tumultuous,streets","shahida,lost,4yearold,kolkata,encounters,diverse,souls,seeking,happiness,what,joy,mean,child,adrift,tumultuous,streets",0
Movies,"Shyamal Kaku, Corporation-er Bati, Ebong...",,Acquired,Bengali,India,03-11-2023,Yes,Drama,,Drama,2012,U,1,64,64,,"Shyamal Bhattacharya, Arindam Ghosh","Eighty-year-old retiree Shyamal Kaku, irked by day-lit street lights, takes a stand against wasteful electricity usage. His journey of change begins.",eightyyearold retiree shyamal kaku irked daylit street lights takes stand against wasteful electricity usage his journey change begins,eightyyearold retiree shyamal kaku irked,"eightyyearold,retiree,shyamal,kaku,irked,daylit,street,lights,takes,stand,against,wasteful,electricity,usage,his,journey,change,begins","eightyyearold,retiree,shyamal,kaku,irked,daylit,street,lights,takes,stand,against,wasteful,electricity,usage,journey,change,begins",0
Movies,Bilu Rakkhosh,,Acquired,Bengali,India,27-10-2023,Yes,Drama,Fantasy,Drama Fantasy,2017,A 18+,5,121,121,6.8,"Joy Sengupta, Koneenica Banerjee, Deboprasad Haldar","Watch Bilu Rakkhosh full Bengali movie online in HD only on hoichoi. Bilu Rakkhosh movie starring Joy Sengupta, Koneenica Banerjee, streaming on hoichoi.",watch bilu rakkhosh full bengali movie online hd only hoichoi bilu rakkhosh movie starring joy sengupta koneenica banerjee streaming hoichoi,watch bilu rakkhosh full bengali,"watch,bilu,rakkhosh,full,bengali,movie,online,hd,only,hoichoi,bilu,rakkhosh,movie,starring,joy,sengupta,koneenica,banerjee,streaming,hoichoi","watch,bilu,rakkhosh,full,bengali,movie,online,hd,only,hoichoi,bilu,rakkhosh,movie,starring,joy,sengupta,koneenica,banerjee,streaming,hoichoi",18
Movies,Kakhono Megh,,Acquired,Bengali,India,19-06-2023,Yes,Drama,Mystery,Drama Mystery,1968,U,1,118,118,7.5,"Uttam Kumar, Anjana Bhowmik, Kali Banerjee",Watch Kakhono Megh full Bengali movie online on hoichoi. Stream now Kakhono Megh bangla cinema only on hoichoi.,watch kakhono megh full bengali movie online hoichoi stream now kakhono megh bangla cinema only hoichoi,watch kakhono megh full bengali,"watch,kakhono,megh,full,bengali,movie,online,hoichoi,stream,now,kakhono,megh,bangla,cinema,only,hoichoi","watch,kakhono,megh,full,bengali,movie,online,hoichoi,stream,now,kakhono,megh,bangla,cinema,only,hoichoi",0
Movies,Barnali,,Acquired,Bengali,India,19-06-2023,Yes,Drama,,Drama,1963,U,1,95,95,8.1,"Soumitra Chatterjee, Sharmila Tagore, Pahari Sanyal",Watch Barnali full Bengali movie online on hoichoi. Stream now Barnali bangla cinema only on hoichoi.,watch barnali full bengali movie online hoichoi stream now barnali bangla cinema only hoichoi,watch barnali full bengali movie,"watch,barnali,full,bengali,movie,online,hoichoi,stream,now,barnali,bangla,cinema,only,hoichoi","watch,barnali,full,bengali,movie,online,hoichoi,stream,now,barnali,bangla,cinema,only,hoichoi",0
Movies,Cheeni 2,,Acquired,Bengali,India,13-10-2023,Yes,Drama,,Drama,2023,U/A 7+,2,123,123,6.3,"Madhumita Sarcar, Aparajita Adhya, Soumya Mukherjee, Lily Chakravarty, Pinky Banerjee",Watch Cheeni 2 full Bengali movie online in HD only on hoichoi. Cheeni 2 Bengali movie starring Aparajita Adhya and Madhumita Sarcar streaming on hoichoi.,watch cheeni 2 full bengali movie online hd only hoichoi cheeni 2 bengali movie starring aparajita adhya madhumita sarcar streaming hoichoi,watch cheeni 2 full bengali,"watch,cheeni,2,full,bengali,movie,online,hd,only,hoichoi,cheeni,2,bengali,movie,starring,aparajita,adhya,madhumita,sarcar,streaming,hoichoi","watch,cheeni,2,full,bengali,movie,online,hd,only,hoichoi,cheeni,2,bengali,movie,starring,aparajita,adhya,madhumita,sarcar,streaming,hoichoi",7
Movies,Shibpur,,Acquired,Bengali,India,22-09-2023,Yes,Thriller,Drama,Thriller Drama,2023,A 18+,5,125,125,5.5,"Swastika Mukherjee, Parambrata Chatterjee, Susmita Chatterjee, Rajatava Dutta, Kharaj Mukherjee",Watch Shibpur full Bengali movie online in HD only on hoichoi. Shibpur movie starring Swastika Mukherjee and Parambrata streaming only on hoichoi.,watch shibpur full bengali movie online hd only hoichoi shibpur movie starring swastika mukherjee parambrata streaming only hoichoi,watch shibpur full bengali movie,"watch,shibpur,full,bengali,movie,online,hd,only,hoichoi,shibpur,movie,starring,swastika,mukherjee,parambrata,streaming,only,hoichoi","watch,shibpur,full,bengali,movie,online,hd,only,hoichoi,shibpur,movie,starring,swastika,mukherjee,parambrata,streaming,only,hoichoi",18
Movies,Datta,,Acquired,Bengali,India,15-09-2023,Yes,Drama,Period,Drama Period,2023,U,1,134,134,4.9,"Rituparna Sengupta, Shaheb Chatterjee, Joy Sengupta, Biswajit Chakraborty, Devlina Kumar","Watch Datta full Bengali movie online on hoichoi. Stream now Datta, starring Rituparna Sengupta, exclusively on hoichoi.",watch datta full bengali movie online hoichoi stream now datta starring rituparna sengupta exclusively hoichoi,watch datta full bengali movie,"watch,datta,full,bengali,movie,online,hoichoi,stream,now,datta,starring,rituparna,sengupta,exclusively,hoichoi","watch,datta,full,bengali,movie,online,hoichoi,stream,now,datta,starring,rituparna,sengupta,exclusively,hoichoi",0
Movies,Silpi (1956),,Acquired,Bengali,India,19-06-2023,Yes,Romantic,,Romantic,1956,U,1,120,120,,"Uttam Kumar, Suchitra Sen","A tragic love story between Dhiman, who hails from a poor background, and Anjana, born with her father's fortune. As they decide to settle down together, the universe conspires against their union.  ",tragic love story between dhiman who hails poor background anjana born her fathers fortune they decide settle down together universe conspires against their union,tragic love story between dhiman,"tragic,love,story,between,dhiman,who,hails,poor,background,anjana,born,her,fathers,fortune,they,decide,settle,down,together,universe,conspires,against,their,union","tragic,love,story,between,dhiman,who,hails,poor,background,anjana,born,fathers,fortune,they,decide,settle,down,together,universe,conspires,against,their,union",0
Movies,Thana Thekey Aschi,,Acquired,Bengali,India,19-06-2023,Yes,Thriller,Mystery,Thriller Mystery,1965,U,1,98,98,7.1,"Uttam Kumar, Madhabi Mukherjee, Kamal Mitra",Datta,datta,datta,datta,datta,0
Movies,Sesh Anka (1963),,Acquired,Bengali,India,19-06-2023,Yes,Thriller,,Thriller,1963,U,1,126,126,,"Uttam Kumar, Sharmila Tagore, Bikash Roy","When the widower Sudhangsu is about to get married, a woman claiming to be his first wife tries to stop the wedding. However, Sudhangsu believes this woman is an imposter because he believes his wife has committed suicide. ",when widower sudhangsu about get married woman claiming his first wife tries stop wedding however sudhangsu believes woman imposter because he believes his wife has committed suicide,when widower sudhangsu about get,"when,widower,sudhangsu,about,get,married,woman,claiming,his,first,wife,tries,stop,wedding,however,sudhangsu,believes,woman,imposter,because,he,believes,his,wife,has,committed,suicide","widower,sudhangsu,about,get,married,woman,claiming,first,wife,tries,stop,wedding,however,sudhangsu,believes,woman,imposter,because,he,believes,wife,committed,suicide",0
Movies,Ami Aadu,,Acquired,Bengali,India,19-06-2023,Yes,Drama,,Drama,2011,U,1,117,117,7.5,"Deblina Chatterjee, Samadarshi Dutta, Rudranil Ghosh",Watch Ami Aadu full Bengali movie online on hoichoi. Stream now Ami Aadu bangla cinema only on hoichoi.,watch ami aadu full bengali movie online hoichoi stream now ami aadu bangla cinema only hoichoi,watch ami aadu full bengali,"watch,ami,aadu,full,bengali,movie,online,hoichoi,stream,now,ami,aadu,bangla,cinema,only,hoichoi","watch,ami,aadu,full,bengali,movie,online,hoichoi,stream,now,ami,aadu,bangla,cinema,only,hoichoi",0
Movies,Ebhabei Golpo Hok,,Acquired,Bengali,India,19-06-2023,Yes,Drama,,Drama,2020,U,1,113,113,7.5,"Joy Sengupta, Shantilal Mukherjee, Ananda Choudhury, Bibriti Chatterjee",Watch Ebhabei Golpo Hok full Bengali movie online on hoichoi. Stream now Ebhabei Golpo Hok bangla cinema only on hoichoi.,watch ebhabei golpo hok full bengali movie online hoichoi stream now ebhabei golpo hok bangla cinema only hoichoi,watch ebhabei golpo hok full,"watch,ebhabei,golpo,hok,full,bengali,movie,online,hoichoi,stream,now,ebhabei,golpo,hok,bangla,cinema,only,hoichoi","watch,ebhabei,golpo,hok,full,bengali,movie,online,hoichoi,stream,now,ebhabei,golpo,hok,bangla,cinema,only,hoichoi",0
Movies,Marjiana Abdullah,,Acquired,Bengali,India,19-06-2023,Yes,Romantic,Drama,Romantic Drama,1973,U,1,131,131,,"Mithu Mukherjee, Santosh Dutta, Rabi Ghosh",Watch Marjina Abdulla full Bengali movie online on hoichoi. Stream now Marjina Abdulla bangla cinema only on hoichoi.,watch marjina abdulla full bengali movie online hoichoi stream now marjina abdulla bangla cinema only hoichoi,watch marjina abdulla full bengali,"watch,marjina,abdulla,full,bengali,movie,online,hoichoi,stream,now,marjina,abdulla,bangla,cinema,only,hoichoi","watch,marjina,abdulla,full,bengali,movie,online,hoichoi,stream,now,marjina,abdulla,bangla,cinema,only,hoichoi",0
Movies,Chattogram Astragar Lunthan,,Acquired,Bengali,India,19-06-2023,Yes,Drama,Historical,Drama Historical,1980,U,1,128,128,,"Dipti Roy, Banani Choudhury, Aparna Devi, Kalpana Roy",Watch Chattagram Astragar Lunthan full Bengali movie online on hoichoi. Stream now Chattagram Astragar Lunthan bangla cinema only on hoichoi.,watch chattagram astragar lunthan full bengali movie online hoichoi stream now chattagram astragar lunthan bangla cinema only hoichoi,watch chattagram astragar lunthan full,"watch,chattagram,astragar,lunthan,full,bengali,movie,online,hoichoi,stream,now,chattagram,astragar,lunthan,bangla,cinema,only,hoichoi","watch,chattagram,astragar,lunthan,full,bengali,movie,online,hoichoi,stream,now,chattagram,astragar,lunthan,bangla,cinema,only,hoichoi",0
Movies,Bhombal Sardar,,Acquired,Bengali,India,19-06-2023,Yes,Drama,,Drama,1983,U,1,69,69,,"Haradhan Bandopadhyay, Kamu Mukherjee, Tapati Bhattacharjee",Watch Bhombal Sardar full Bengali movie online on hoichoi. Stream now Bhombal Sardar bangla cinema only on hoichoi.,watch bhombal sardar full bengali movie online hoichoi stream now bhombal sardar bangla cinema only hoichoi,watch bhombal sardar full bengali,"watch,bhombal,sardar,full,bengali,movie,online,hoichoi,stream,now,bhombal,sardar,bangla,cinema,only,hoichoi","watch,bhombal,sardar,full,bengali,movie,online,hoichoi,stream,now,bhombal,sardar,bangla,cinema,only,hoichoi",0
Movies,Shyamali,,Acquired,Bengali,India,19-06-2023,Yes,Drama,,Drama,1956,U,1,122,122,,"Uttam Kumar, Kaberi Bose, Anuva Gupta",Watch Shyamali full Bengali movie online on hoichoi. Stream now Shyamali bangla cinema only on hoichoi.,watch shyamali full bengali movie online hoichoi stream now shyamali bangla cinema only hoichoi,watch shyamali full bengali movie,"watch,shyamali,full,bengali,movie,online,hoichoi,stream,now,shyamali,bangla,cinema,only,hoichoi","watch,shyamali,full,bengali,movie,online,hoichoi,stream,now,shyamali,bangla,cinema,only,hoichoi",0
Movies,Neel Akasher Neeche,,Acquired,Bengali,India,19-06-2023,Yes,Drama,,Drama,1959,U,1,110,110,7.6,"Kali Banerjee, Manju Dey, Smriti Biswas",Watch Neel Akasher Neeche full Bengali movie online on hoichoi. Stream now Neel Akasher Neeche bangla cinema only on hoichoi.,watch neel akasher neeche full bengali movie online hoichoi stream now neel akasher neeche bangla cinema only hoichoi,watch neel akasher neeche full,"watch,neel,akasher,neeche,full,bengali,movie,online,hoichoi,stream,now,neel,akasher,neeche,bangla,cinema,only,hoichoi","watch,neel,akasher,neeche,full,bengali,movie,online,hoichoi,stream,now,neel,akasher,neeche,bangla,cinema,only,hoichoi",0
Movies,Bariwali,,Acquired,Bengali,India,31-08-2023,Yes,Drama,,Drama,2000,A 18+,5,144,144,7.6,"Kirron Kher, Roopa Ganguly, Chiranjeen Chakraborty, Sudipta Chakraborty",Watch Bariwali full Bengali movie online on hoichoi. Stream now Bariwali Bengali film only on hoichoi.,watch bariwali full bengali movie online hoichoi stream now bariwali bengali film only hoichoi,watch bariwali full bengali movie,"watch,bariwali,full,bengali,movie,online,hoichoi,stream,now,bariwali,bengali,film,only,hoichoi","watch,bariwali,full,bengali,movie,online,hoichoi,stream,now,bariwali,bengali,film,only,hoichoi",18
Movies,Bikaley Bhorer Phool,,Acquired,Bengali,India,19-06-2023,Yes,Romantic,Drama,Romantic Drama,2017,U,1,97,97,,"Uttam Kumar, Sumitra Mukherjee, Utpal Dutt",Watch Bikele Bhorer Phul full Bengali movie online on hoichoi. Stream now Bikele Bhorer Phul bangla cinema only on hoichoi.,watch bikele bhorer phul full bengali movie online hoichoi stream now bikele bhorer phul bangla cinema only hoichoi,watch bikele bhorer phul full,"watch,bikele,bhorer,phul,full,bengali,movie,online,hoichoi,stream,now,bikele,bhorer,phul,bangla,cinema,only,hoichoi","watch,bikele,bhorer,phul,full,bengali,movie,online,hoichoi,stream,now,bikele,bhorer,phul,bangla,cinema,only,hoichoi",0
Movies,Shunya Theke Shuru,,Acquired,Bengali,India,19-06-2023,Yes,Drama,,Drama,1993,U/A 7+,2,120,120,,"Dhritiman Chatterjee, Mamata Shankar, N. Viswanathan",Watch Sunya Theke Suru full Bengali movie online on hoichoi. Stream now Sunya Theke Suru bangla cinema only on hoichoi.,watch sunya theke suru full bengali movie online hoichoi stream now sunya theke suru bangla cinema only hoichoi,watch sunya theke suru full,"watch,sunya,theke,suru,full,bengali,movie,online,hoichoi,stream,now,sunya,theke,suru,bangla,cinema,only,hoichoi","watch,sunya,theke,suru,full,bengali,movie,online,hoichoi,stream,now,sunya,theke,suru,bangla,cinema,only,hoichoi",7
Movies,Biporjoy (2017),,Acquired,Bengali,India,19-06-2023,Yes,Thriller,Drama,Thriller Drama,2017,U/A 7+,2,121,121,,"Indraneil Sengupta, Barkha Sengupta, Victor Banerjee","Pratik, a young engineer, arrives in Suryanagar with a dam construction project to investigate his father's mysterious death. Soon he falls into the trap of some corrupt dealers, who get in the way of his work.",pratik young engineer arrives suryanagar dam construction project investigate his fathers mysterious death soon he falls into trap some corrupt dealers who get way his work,pratik young engineer arrives suryanagar,"pratik,young,engineer,arrives,suryanagar,dam,construction,project,investigate,his,fathers,mysterious,death,soon,he,falls,into,trap,some,corrupt,dealers,who,get,way,his,work","pratik,young,engineer,arrives,suryanagar,dam,construction,project,investigate,fathers,mysterious,death,soon,he,falls,into,trap,some,corrupt,dealers,who,get,way,work",7
Movies,Khancha,,Acquired,Bengali,India,19-06-2023,Yes,Drama,,Drama,2013,U,1,145,145,6,"Rituparna Sengupta, Ritwick Chakraborty, Parno Mittra",Watch Khancha full Bengali movie online on hoichoi. Stream now Khancha bangla cinema only on hoichoi.,watch khancha full bengali movie online hoichoi stream now khancha bangla cinema only hoichoi,watch khancha full bengali movie,"watch,khancha,full,bengali,movie,online,hoichoi,stream,now,khancha,bangla,cinema,only,hoichoi","watch,khancha,full,bengali,movie,online,hoichoi,stream,now,khancha,bangla,cinema,only,hoichoi",0
Movies,Nidhi Ram Sardar,,Acquired,Bengali,India,19-06-2023,Yes,Romantic,,Romantic,1976,U,1,114,114,5.5,"Uttam Kumar, Aparna Sen, Utpal Dutt",Watch Nidhi Ram Sardar full Bengali movie online on hoichoi. Stream now Nidhi Ram Sardar bangla cinema only on hoichoi.,watch nidhi ram sardar full bengali movie online hoichoi stream now nidhi ram sardar bangla cinema only hoichoi,watch nidhi ram sardar full,"watch,nidhi,ram,sardar,full,bengali,movie,online,hoichoi,stream,now,nidhi,ram,sardar,bangla,cinema,only,hoichoi","watch,nidhi,ram,sardar,full,bengali,movie,online,hoichoi,stream,now,nidhi,ram,sardar,bangla,cinema,only,hoichoi",0
Movies,Khaniker Atithi,,Acquired,Bengali,India,19-06-2023,Yes,Drama,,Drama,1959,U,1,112,112,7.2,"Ruma Guha Thakurta, Nirmal Kumar, Chhabi Biswas",Watch Khaniker Atithi full Bengali movie online on hoichoi. Stream now Khaniker Atithi bangla cinema only on hoichoi.,watch khaniker atithi full bengali movie online hoichoi stream now khaniker atithi bangla cinema only hoichoi,watch khaniker atithi full bengali,"watch,khaniker,atithi,full,bengali,movie,online,hoichoi,stream,now,khaniker,atithi,bangla,cinema,only,hoichoi","watch,khaniker,atithi,full,bengali,movie,online,hoichoi,stream,now,khaniker,atithi,bangla,cinema,only,hoichoi",0
Movies,Harmonium,,Acquired,Bengali,India,19-06-2023,Yes,Drama,,Drama,1976,U,1,111,111,7.5,"Chhaya Devi, Arati Bhattacharya, Santosh Dutta",Watch Harmonium full Bengali movie online on hoichoi. Stream now Harmonium bangla cinema only on hoichoi.,watch harmonium full bengali movie online hoichoi stream now harmonium bangla cinema only hoichoi,watch harmonium full bengali movie,"watch,harmonium,full,bengali,movie,online,hoichoi,stream,now,harmonium,bangla,cinema,only,hoichoi","watch,harmonium,full,bengali,movie,online,hoichoi,stream,now,harmonium,bangla,cinema,only,hoichoi",0
Movies,Grihayuddha,,Acquired,Bengali,India,19-06-2023,Yes,Drama,,Drama,1982,U,1,92,92,7.5,"Anjan Dutt, Mamata Shankar, Goutam Ghose",Watch Grihajuddha full Bengali movie online on hoichoi. Stream now Grihajuddha bangla cinema only on hoichoi.,watch grihajuddha full bengali movie online hoichoi stream now grihajuddha bangla cinema only hoichoi,watch grihajuddha full bengali movie,"watch,grihajuddha,full,bengali,movie,online,hoichoi,stream,now,grihajuddha,bangla,cinema,only,hoichoi","watch,grihajuddha,full,bengali,movie,online,hoichoi,stream,now,grihajuddha,bangla,cinema,only,hoichoi",0
Movies,Bohomaan,,Acquired,Bengali,India,19-06-2023,Yes,Drama,,Drama,2019,U/A 13+,3,102,102,6.2,"Soumitra Chatterjee, Aparna Sen, Bratya Basu, Arpita Chatterjee",Watch Bohomaan full Bengali movie online on hoichoi. Stream now Bohomaan bangla cinema only on hoichoi.,watch bohomaan full bengali movie online hoichoi stream now bohomaan bangla cinema only hoichoi,watch bohomaan full bengali movie,"watch,bohomaan,full,bengali,movie,online,hoichoi,stream,now,bohomaan,bangla,cinema,only,hoichoi","watch,bohomaan,full,bengali,movie,online,hoichoi,stream,now,bohomaan,bangla,cinema,only,hoichoi",13
Movies,Abar Bibaho Obhijaan,,Acquired,Bengali,India,21-07-2023,Yes,Comedy,,Comedy,2023,U,1,117,117,2.6,"Ankush Hazra, Rudranil Ghosh, Anirban Bhattacharya, Sohini Sarkar, Nusraat Faria, Priyanka Sarkar",Watch Abar Bibaho Obhijaan Full Bengali movie online on hoichoi. Stream now Abar Bibaho Obhijaan bangla movie only on hoichoi.,watch abar bibaho obhijaan full bengali movie online hoichoi stream now abar bibaho obhijaan bangla movie only hoichoi,watch abar bibaho obhijaan full,"watch,abar,bibaho,obhijaan,full,bengali,movie,online,hoichoi,stream,now,abar,bibaho,obhijaan,bangla,movie,only,hoichoi","watch,abar,bibaho,obhijaan,full,bengali,movie,online,hoichoi,stream,now,abar,bibaho,obhijaan,bangla,movie,only,hoichoi",0
Movies,The Eken: Ruddhaswas Rajasthan,,Acquired,Bengali,India,16-06-2023,Yes,Detective,Comedy,Detective Comedy,2023,U/A 7+,2,119,119,6.6,"Anirban Chakrabarti, Suhotra Mukhopadhyay, Somak Ghosh, Sandipta Sen, Rajatava Dutta, Rajesh Sharma",Watch The Eken Ruddhaswas Rajasthan full Bengali movie online on hoichoi. Stream The Eken Ruddhaswas Rajasthan Bengali movie in HD on hoichoi.,watch eken ruddhaswas rajasthan full bengali movie online hoichoi stream eken ruddhaswas rajasthan bengali movie hd hoichoi,watch eken ruddhaswas rajasthan full,"watch,eken,ruddhaswas,rajasthan,full,bengali,movie,online,hoichoi,stream,eken,ruddhaswas,rajasthan,bengali,movie,hd,hoichoi","watch,eken,ruddhaswas,rajasthan,full,bengali,movie,online,hoichoi,stream,eken,ruddhaswas,rajasthan,bengali,movie,hd,hoichoi",7
Movies,Bird of Dusk,,Acquired,Bengali,India,30-05-2023,Yes,Documentary,Biography,Documentary Biography,2018,U,1,101,101,7,"Ranjan Bose, Soumitra Chatterjee, Aparna Sen, Sharmila Tagore, Konkona Sen Sharma, Prosenjit Chatterjee, Jisshu Sengupta, Nandita Das, Arjun Rampal, Dorrothy Wenner, Kaushik Ganguly",Watch Bird of Dusk full documentary movie about Rituparno Ghosh online in HD on hoichoi. Sondher Pakhi Bird of Dusk streaming now only on hoichoi.,watch bird dusk full documentary movie about rituparno ghosh online hd hoichoi sondher pakhi bird dusk streaming now only hoichoi,watch bird dusk full documentary,"watch,bird,dusk,full,documentary,movie,about,rituparno,ghosh,online,hd,hoichoi,sondher,pakhi,bird,dusk,streaming,now,only,hoichoi","watch,bird,dusk,full,documentary,movie,about,rituparno,ghosh,online,hd,hoichoi,sondher,pakhi,bird,dusk,streaming,now,only,hoichoi",0
Movies,Jhilli,,Acquired,Bengali,India,05-05-2023,Yes,Drama,,Drama,2022,A 18+,5,94,94,7.5,"Aranya Gupta, Bitan Biswas, Sombhunath De, Sayandeep Guha, Sourav Nayak",Watch Jhilli full Bengali movie online on hoichoi. Stream Jhill Bengali movie in HD quality on the Bengali OTT platform hoichoi.,watch jhilli full bengali movie online hoichoi stream jhill bengali movie hd quality bengali ott platform hoichoi,watch jhilli full bengali movie,"watch,jhilli,full,bengali,movie,online,hoichoi,stream,jhill,bengali,movie,hd,quality,bengali,ott,platform,hoichoi","watch,jhilli,full,bengali,movie,online,hoichoi,stream,jhill,bengali,movie,hd,quality,bengali,ott,platform,hoichoi",18
Movies,Dilkhush,,Acquired,Bengali,India,17-02-2023,Yes,Romantic,Drama,Romantic Drama,2023,U/A 13+,3,132,132,6.7,"Madhumita Sarcar, Soham Majumdar, Kharaj Mukherjee, Aparajita Adhya, Paran Bandopadhyay, Anashua Majumdar, Aishwaria Sen, Ujan Chatterjee","Watch Dilkhush full Bengali movie online in HD on hoichoi. Directed by Rahool Mukherjee, Dilkhush movie is now streaming exclusively only on hoichoi.",watch dilkhush full bengali movie online hd hoichoi directed rahool mukherjee dilkhush movie now streaming exclusively only hoichoi,watch dilkhush full bengali movie,"watch,dilkhush,full,bengali,movie,online,hd,hoichoi,directed,rahool,mukherjee,dilkhush,movie,now,streaming,exclusively,only,hoichoi","watch,dilkhush,full,bengali,movie,online,hd,hoichoi,directed,rahool,mukherjee,dilkhush,movie,now,streaming,exclusively,only,hoichoi",13
Movies,Window Connection,,Acquired,Bengali,India,27-01-2023,Yes,Thriller,Psychological,Thriller Psychological,2014,A 18+,5,128,128,6.9,"Aryann Bhowmick, Tnusree Chakraborty, Rajat Ganguly",Watch Window Connection full Bengali movie online in HD quality on hoichoi. Download and stream Window Connection Bengali cinema only on hoichoi.,watch window connection full bengali movie online hd quality hoichoi download stream window connection bengali cinema only hoichoi,watch window connection full bengali,"watch,window,connection,full,bengali,movie,online,hd,quality,hoichoi,download,stream,window,connection,bengali,cinema,only,hoichoi","watch,window,connection,full,bengali,movie,online,hd,quality,hoichoi,download,stream,window,connection,bengali,cinema,only,hoichoi",18
Movies,Ballabhpurer Roopkotha,,Acquired,Bengali,India,12-01-2023,Yes,Horror,Comedy,Horror Comedy,2022,U,1,135,135,8,"Satyam Bhattacharya, Surangana Bandyopadhyay, Shyamal Chakraborty, Debraj Bhattacharya, Sandip Bhattacharya, Jhulan Bhattacharya",Watch Ballabhpurer Roopkotha full Bengali movie online in HD on hoichoi. Directed by Anirban Bhattacharya the movie is now streaming exclusively on hoichoi.,watch ballabhpurer roopkotha full bengali movie online hd hoichoi directed anirban bhattacharya movie now streaming exclusively hoichoi,watch ballabhpurer roopkotha full bengali,"watch,ballabhpurer,roopkotha,full,bengali,movie,online,hd,hoichoi,directed,anirban,bhattacharya,movie,now,streaming,exclusively,hoichoi","watch,ballabhpurer,roopkotha,full,bengali,movie,online,hd,hoichoi,directed,anirban,bhattacharya,movie,now,streaming,exclusively,hoichoi",0
Movies,Karnasubarner Guptodhon,,Acquired,Bengali,India,16-12-2022,Yes,Adventure,Mystery,Adventure Mystery,2022,U,1,125,125,6.1,"Abir Chatterjee, Ishaa Saha, Arjun Chakraborty, Rajatava Dutta, Saurav Das",Watch Karnasubarner Guptodhon full movie online on hoichoi. Stream Karnasubarner Guptodhon Bengali movie in HD quality on the Bengali OTT platform hoichoi.,watch karnasubarner guptodhon full movie online hoichoi stream karnasubarner guptodhon bengali movie hd quality bengali ott platform hoichoi,watch karnasubarner guptodhon full movie,"watch,karnasubarner,guptodhon,full,movie,online,hoichoi,stream,karnasubarner,guptodhon,bengali,movie,hd,quality,bengali,ott,platform,hoichoi","watch,karnasubarner,guptodhon,full,movie,online,hoichoi,stream,karnasubarner,guptodhon,bengali,movie,hd,quality,bengali,ott,platform,hoichoi",0
Movies,Byomkesh Hotyamancha,,Acquired,Bengali,India,14-10-2022,Yes,Detective,Mystery,Detective Mystery,2022,U/A 16+,4,126,126,5.6,"Abir Chatterjee, Sohini Sarkar, Paoli Dam, Suhotra Mukhopadhyay, Kinjal Nanda, Arna Mukhopadhyay",Watch Byomkesh Hotyamancha full movie online in HD on hoichoi. Byomkesh Hotyamancha (2022) Bengali movie starring Abir Chatterjee streaming now on hoichoi.,watch byomkesh hotyamancha full movie online hd hoichoi byomkesh hotyamancha 2022 bengali movie starring abir chatterjee streaming now hoichoi,watch byomkesh hotyamancha full movie,"watch,byomkesh,hotyamancha,full,movie,online,hd,hoichoi,byomkesh,hotyamancha,2022,bengali,movie,starring,abir,chatterjee,streaming,now,hoichoi","watch,byomkesh,hotyamancha,full,movie,online,hd,hoichoi,byomkesh,hotyamancha,2022,bengali,movie,starring,abir,chatterjee,streaming,now,hoichoi",16
Movies,Belashuru,,Acquired,Bengali,India,18-09-2022,Yes,Drama,Family,Drama Family,2022,U,1,139,139,,"Soumitra Chatterjee, Swatilekha Sengupta, Rituparna Sengupta, Shankar Chakraborty, Aparajita Adhya, Monami Ghosh","Biswanath and Arati were an ideal couple to everyone, till they decide to divorce. Was their marriage just a compromise? Watch the full movie on Hoichoi.",biswanath arati were ideal couple everyone till they decide divorce was their marriage just compromise watch full movie hoichoi,biswanath arati were ideal couple,"biswanath,arati,were,ideal,couple,everyone,till,they,decide,divorce,was,their,marriage,just,compromise,watch,full,movie,hoichoi","biswanath,arati,ideal,couple,everyone,till,they,decide,divorce,their,marriage,just,compromise,watch,full,movie,hoichoi",0
Movies,Pendulum,,Acquired,Bengali,India,14-09-2022,Yes,Thriller,Psychological,Thriller Psychological,2014,U/A 13+,3,131,131,6.5,"Radhika Apte, Samadarshi Dutta, Rajatabha Dutta, Rajesh Sharma",Watch Pendulum Bengali movie online on hoichoi. Stream Radhika Apte Bengali movie Pendulum directed by Soukarya Ghosal online only on hoichoi.,watch pendulum bengali movie online hoichoi stream radhika apte bengali movie pendulum directed soukarya ghosal online only hoichoi,watch pendulum bengali movie online,"watch,pendulum,bengali,movie,online,hoichoi,stream,radhika,apte,bengali,movie,pendulum,directed,soukarya,ghosal,online,only,hoichoi","watch,pendulum,bengali,movie,online,hoichoi,stream,radhika,apte,bengali,movie,pendulum,directed,soukarya,ghosal,online,only,hoichoi",13
Movies,Durga Sohay,,Acquired,Bengali,India,13-09-2022,Yes,Drama,,Drama,2017,U/A 13+,3,97,97,6.6,"Sohini Sarkar, Tnusree Chakraborty, Kaushik Sen, Indrasish Roy","Watch Durga Sohay Bengali movie online on hoichoi. Stream Durga Sohay Bengali movie directed by Arindam Sil, starring Sohini Sarkar only on hoichoi.",watch durga sohay bengali movie online hoichoi stream durga sohay bengali movie directed arindam sil starring sohini sarkar only hoichoi,watch durga sohay bengali movie,"watch,durga,sohay,bengali,movie,online,hoichoi,stream,durga,sohay,bengali,movie,directed,arindam,sil,starring,sohini,sarkar,only,hoichoi","watch,durga,sohay,bengali,movie,online,hoichoi,stream,durga,sohay,bengali,movie,directed,arindam,sil,starring,sohini,sarkar,only,hoichoi",13
Movies,Cross Connection 2,,Acquired,Bengali,India,12-09-2022,Yes,Romantic,Comedy,Romantic Comedy,2015,U,1,106,106,,"Ritwick Chakraborty, Tnusree Chakraborty, Shayan Munshi, Rimjhim Mitra",Watch Cross Connection 2 Bengali movie online on hoichoi. Stream Cross Connection 2 Bengali movie starring Ritwick Chakraborty only on hoichoi.,watch cross connection 2 bengali movie online hoichoi stream cross connection 2 bengali movie starring ritwick chakraborty only hoichoi,watch cross connection 2 bengali,"watch,cross,connection,2,bengali,movie,online,hoichoi,stream,cross,connection,2,bengali,movie,starring,ritwick,chakraborty,only,hoichoi","watch,cross,connection,2,bengali,movie,online,hoichoi,stream,cross,connection,2,bengali,movie,starring,ritwick,chakraborty,only,hoichoi",0
Movies,Punascha,,Acquired,Bengali,India,11-09-2022,Yes,Drama,,Drama,2014,U/A 7+,2,133,133,7.4,"Soumitra Chattopadhyay, Roopa Ganguly, Saayoni Ghosh",Watch Punascha Bengali movie online on hoichoi. Stream Bengali movie Punascha directed by Souvik Mitra only on hoichoi.,watch punascha bengali movie online hoichoi stream bengali movie punascha directed souvik mitra only hoichoi,watch punascha bengali movie online,"watch,punascha,bengali,movie,online,hoichoi,stream,bengali,movie,punascha,directed,souvik,mitra,only,hoichoi","watch,punascha,bengali,movie,online,hoichoi,stream,bengali,movie,punascha,directed,souvik,mitra,only,hoichoi",7
Movies,Glamour,,Acquired,Bengali,India,10-09-2022,Yes,Thriller,,Thriller,2014,U/A 16+,4,129,129,6.6,"Parambrata Chattopadhyay, Parno Mittra, Sabyasachi Chakrabarty","Watch Glamour Bengali movie online on hoichoi. Stream Glamour Bengali movie starring Parambrata Chattopadhyay, Parno Mittra only on hoichoi.",watch glamour bengali movie online hoichoi stream glamour bengali movie starring parambrata chattopadhyay parno mittra only hoichoi,watch glamour bengali movie online,"watch,glamour,bengali,movie,online,hoichoi,stream,glamour,bengali,movie,starring,parambrata,chattopadhyay,parno,mittra,only,hoichoi","watch,glamour,bengali,movie,online,hoichoi,stream,glamour,bengali,movie,starring,parambrata,chattopadhyay,parno,mittra,only,hoichoi",16
Movies,Kuler Achaar,,Acquired,Bengali,India,09-09-2022,Yes,Drama,Social,Drama Social,2022,U,1,114,114,6.2,"Madhumita Sarcar, Vikram Chatterjee, Indrani Haldar, Sujan Mukherjee","Watch Kuler Achaar Bengali movie online on hoichoi. Stream Kuler Achaar (2022) Bengali movie starring Madhumita Sarcar, Vikram Chatterjee only on hoichoi.",watch kuler achaar bengali movie online hoichoi stream kuler achaar 2022 bengali movie starring madhumita sarcar vikram chatterjee only hoichoi,watch kuler achaar bengali movie,"watch,kuler,achaar,bengali,movie,online,hoichoi,stream,kuler,achaar,2022,bengali,movie,starring,madhumita,sarcar,vikram,chatterjee,only,hoichoi","watch,kuler,achaar,bengali,movie,online,hoichoi,stream,kuler,achaar,2022,bengali,movie,starring,madhumita,sarcar,vikram,chatterjee,only,hoichoi",0
Movies,Korapaak,,Acquired,Bengali,India,08-09-2022,Yes,Romantic,,Romantic,2020,U,1,94,94,,"Saurav Das, Paayel Sarkar",Watch Korapaak Bengali movie online on hoichoi. Stream Korapaak Bengali movie starring Saurav Das and Paayel Sarkar only on hoichoi.,watch korapaak bengali movie online hoichoi stream korapaak bengali movie starring saurav das paayel sarkar only hoichoi,watch korapaak bengali movie online,"watch,korapaak,bengali,movie,online,hoichoi,stream,korapaak,bengali,movie,starring,saurav,das,paayel,sarkar,only,hoichoi","watch,korapaak,bengali,movie,online,hoichoi,stream,korapaak,bengali,movie,starring,saurav,das,paayel,sarkar,only,hoichoi",0
Movies,Mandobasar Galpo,,Acquired,Bengali,India,07-09-2022,Yes,Thriller,Psychological,Thriller Psychological,2017,U/A 13+,3,99,99,6,"Paoli Dam, Parambrata Chattopadhyay, Kaushik Sen, Indrasish Roy",Watch Mandobasar Galpo Bengali movie online on hoichoi. Stream Paoli Dam Bengali Movie Mandobasar Galpo directed by Tathagata Banerjee only on hoichoi.,watch mandobasar galpo bengali movie online hoichoi stream paoli dam bengali movie mandobasar galpo directed tathagata banerjee only hoichoi,watch mandobasar galpo bengali movie,"watch,mandobasar,galpo,bengali,movie,online,hoichoi,stream,paoli,dam,bengali,movie,mandobasar,galpo,directed,tathagata,banerjee,only,hoichoi","watch,mandobasar,galpo,bengali,movie,online,hoichoi,stream,paoli,dam,bengali,movie,mandobasar,galpo,directed,tathagata,banerjee,only,hoichoi",13
Movies,Babar Naam Gandhiji,,Acquired,Bengali,India,06-09-2022,Yes,Drama,,Drama,2015,U,1,106,106,6.9,"Parambrata Chattopadhyay, Saayoni Ghosh, Kaushik Sen",Watch Babar Naam Gandhiji Bengali movie online on hoichoi. Stream Babar Naam Gandhiji Bengali movie starring Parambrata Chattopadhyay only on hoichoi.,watch babar naam gandhiji bengali movie online hoichoi stream babar naam gandhiji bengali movie starring parambrata chattopadhyay only hoichoi,watch babar naam gandhiji bengali,"watch,babar,naam,gandhiji,bengali,movie,online,hoichoi,stream,babar,naam,gandhiji,bengali,movie,starring,parambrata,chattopadhyay,only,hoichoi","watch,babar,naam,gandhiji,bengali,movie,online,hoichoi,stream,babar,naam,gandhiji,bengali,movie,starring,parambrata,chattopadhyay,only,hoichoi",0
Movies,Jhumura,,Acquired,Bengali,India,05-09-2022,Yes,Drama,Musical,Drama Musical,2014,U,1,108,108,7.2,"Sohini Sarkar, Samadarshi Dutta",Watch Jhumura Bengali movie online on hoichoi. Stream Jhumura Bengali movie directed by Anindya Chatterjee only on hoichoi. Watch the complete movie today.,watch jhumura bengali movie online hoichoi stream jhumura bengali movie directed anindya chatterjee only hoichoi watch complete movie today,watch jhumura bengali movie online,"watch,jhumura,bengali,movie,online,hoichoi,stream,jhumura,bengali,movie,directed,anindya,chatterjee,only,hoichoi,watch,complete,movie,today","watch,jhumura,bengali,movie,online,hoichoi,stream,jhumura,bengali,movie,directed,anindya,chatterjee,only,hoichoi,watch,complete,movie,today",0
Movies,Ek Phali Rodh,,Acquired,Bengali,India,04-09-2022,Yes,Drama,,Drama,2014,U,1,106,106,6.6,"Dhritiman Chatterjee, Jisshu Sengupta, Ritwick Chakraborty, Aparajita Ghosh","Watch Ek Phali Rodh Bengali movie online on hoichoi. Stream Ek Phali Rodh Bengali movie starring Jisshu Sengupta, Ritwick Chakraborty only on hoichoi.",watch ek phali rodh bengali movie online hoichoi stream ek phali rodh bengali movie starring jisshu sengupta ritwick chakraborty only hoichoi,watch ek phali rodh bengali,"watch,ek,phali,rodh,bengali,movie,online,hoichoi,stream,ek,phali,rodh,bengali,movie,starring,jisshu,sengupta,ritwick,chakraborty,only,hoichoi","watch,ek,phali,rodh,bengali,movie,online,hoichoi,stream,ek,phali,rodh,bengali,movie,starring,jisshu,sengupta,ritwick,chakraborty,only,hoichoi",0
Movies,Anubrata Bhalo Acho?,,Acquired,Bengali,India,03-09-2022,Yes,Drama,,Drama,2014,U/A 16+,4,100,100,,"Ritwick Chakraborty, Swastika Mukherjee, Debleena Dutt",Watch Anubrata Bhalo Achho Bengali movie online on hoichoi. Stream Swastika Mukherjee Bengali movie Anubrata Bhalo Acho in HD quality only on hoichoi.,watch anubrata bhalo achho bengali movie online hoichoi stream swastika mukherjee bengali movie anubrata bhalo acho hd quality only hoichoi,watch anubrata bhalo achho bengali,"watch,anubrata,bhalo,achho,bengali,movie,online,hoichoi,stream,swastika,mukherjee,bengali,movie,anubrata,bhalo,acho,hd,quality,only,hoichoi","watch,anubrata,bhalo,achho,bengali,movie,online,hoichoi,stream,swastika,mukherjee,bengali,movie,anubrata,bhalo,acho,hd,quality,only,hoichoi",16
Movies,Happy Pill,,Acquired,Bengali,India,02-09-2022,Yes,Drama,,Drama,2018,U/A 7+,2,123,123,8.5,"Ritwick Chakraborty, Parno Mittra, Sohini Sarkar, Mir Afsar Ali","Watch Happy Pill Bengali movie online on hoichoi. Stream Happy Pill Bengali movie starring Ritwick Chakraborty, Parno Mittra, Sohini Sarkar only on hoichoi.",watch happy pill bengali movie online hoichoi stream happy pill bengali movie starring ritwick chakraborty parno mittra sohini sarkar only hoichoi,watch happy pill bengali movie,"watch,happy,pill,bengali,movie,online,hoichoi,stream,happy,pill,bengali,movie,starring,ritwick,chakraborty,parno,mittra,sohini,sarkar,only,hoichoi","watch,happy,pill,bengali,movie,online,hoichoi,stream,happy,pill,bengali,movie,starring,ritwick,chakraborty,parno,mittra,sohini,sarkar,only,hoichoi",7
Movies,Kangal Malsat,,Acquired,Bengali,India,01-09-2022,Yes,Comedy,Political,Comedy Political,2013,A 18+,5,108,108,7.3,"Kaushik Ganguly, Kabir Suman, Kamalika Banerjee, Jojo Mukherjee",Watch Kangal Malsat Bengali movie online on hoichoi. Stream Kangal Malsat Bengali movie starring Kaushik Ganguly only on hoichoi.,watch kangal malsat bengali movie online hoichoi stream kangal malsat bengali movie starring kaushik ganguly only hoichoi,watch kangal malsat bengali movie,"watch,kangal,malsat,bengali,movie,online,hoichoi,stream,kangal,malsat,bengali,movie,starring,kaushik,ganguly,only,hoichoi","watch,kangal,malsat,bengali,movie,online,hoichoi,stream,kangal,malsat,bengali,movie,starring,kaushik,ganguly,only,hoichoi",18
Movies,Tirandaj Shabor,,Acquired,Bengali,India,26-08-2022,Yes,Detective,Mystery,Detective Mystery,2022,A 18+,5,111,111,6.2,"Saswata Chatterjee, Subhrajit Datta, Nigel Akkara, Devlina Kumar, Chandan Sen",Watch Tirandaj Shabor Bengali movie online on hoichoi. Stream Tirandaj Shabor (2022) Bengali movie directed by Arindam Sil only on hoichoi.,watch tirandaj shabor bengali movie online hoichoi stream tirandaj shabor 2022 bengali movie directed arindam sil only hoichoi,watch tirandaj shabor bengali movie,"watch,tirandaj,shabor,bengali,movie,online,hoichoi,stream,tirandaj,shabor,2022,bengali,movie,directed,arindam,sil,only,hoichoi","watch,tirandaj,shabor,bengali,movie,online,hoichoi,stream,tirandaj,shabor,2022,bengali,movie,directed,arindam,sil,only,hoichoi",18
Movies,Shororipu 2 : Jotugriho,,Acquired,Bengali,India,21-08-2022,Yes,Thriller,Crime,Thriller Crime,2021,U/A 16+,4,126,126,,"Chiranjeet Chakraborty, Saswata Chatterjee, Arunima Ghosh, Darshana Banik, Rajesh Sharma",Watch Shororipu 2: Jotugriho Bengali movie online on hoichoi. Shororipu 2 Bengali movie directed by Ayan Chakraborty is now streaming only on hoichoi.,watch shororipu 2 jotugriho bengali movie online hoichoi shororipu 2 bengali movie directed ayan chakraborty now streaming only hoichoi,watch shororipu 2 jotugriho bengali,"watch,shororipu,2,jotugriho,bengali,movie,online,hoichoi,shororipu,2,bengali,movie,directed,ayan,chakraborty,now,streaming,only,hoichoi","watch,shororipu,2,jotugriho,bengali,movie,online,hoichoi,shororipu,2,bengali,movie,directed,ayan,chakraborty,now,streaming,only,hoichoi",16
Movies,X = Prem,,Acquired,Bengali,India,15-07-2022,Yes,Romantic,Drama,Romantic Drama,2022,A 18+,5,114,114,,"Anindya Sengupta, Shruti Das, Arjun Chakrabarty, Madhurima Basak",Watch X=Prem Bengali movie online on hoichoi. X=Prem (2022) romantic Bengali movie directed by Srijit Mukherji is now streaming only on hoichoi.,watch xprem bengali movie online hoichoi xprem 2022 romantic bengali movie directed srijit mukherji now streaming only hoichoi,watch xprem bengali movie online,"watch,xprem,bengali,movie,online,hoichoi,xprem,2022,romantic,bengali,movie,directed,srijit,mukherji,now,streaming,only,hoichoi","watch,xprem,bengali,movie,online,hoichoi,xprem,2022,romantic,bengali,movie,directed,srijit,mukherji,now,streaming,only,hoichoi",18
Movies,Tushagni,,Acquired,Bengali,India,09-07-2022,Yes,Thriller,Political,Thriller Political,2019,U/A 16+,4,112,112,6.4,"Amrita Chattopadhyay, Arjun Chakrabarty, Soma Chakraborty, Debesh Roy Chowdhury",Watch Tushagni Bengali movie online on hoichoi. Stream Bengali movie Tushagni directed by Rana Banerjee only on hoichoi.,watch tushagni bengali movie online hoichoi stream bengali movie tushagni directed rana banerjee only hoichoi,watch tushagni bengali movie online,"watch,tushagni,bengali,movie,online,hoichoi,stream,bengali,movie,tushagni,directed,rana,banerjee,only,hoichoi","watch,tushagni,bengali,movie,online,hoichoi,stream,bengali,movie,tushagni,directed,rana,banerjee,only,hoichoi",16
Movies,The Eken,,Acquired,Bengali,India,03-06-2022,Yes,Detective,Comedy,Detective Comedy,2022,U/A 7+,2,130,130,6.9,"Anirban Chakrabarti, Somak Ghosal, Suhotra Mukhopadhyay, Paayel Sarkar, Debasish Mondal",Watch The Eken Bengali movie online on hoichoi. Stream Bengali movie The Eken directed by Joydip Mukherjee only on hoichoi.,watch eken bengali movie online hoichoi stream bengali movie eken directed joydip mukherjee only hoichoi,watch eken bengali movie online,"watch,eken,bengali,movie,online,hoichoi,stream,bengali,movie,eken,directed,joydip,mukherjee,only,hoichoi","watch,eken,bengali,movie,online,hoichoi,stream,bengali,movie,eken,directed,joydip,mukherjee,only,hoichoi",7
Movies,Punashcha,,Acquired,Bengali,India,18-05-2022,Yes,Drama,,Drama,1961,U/A 7+,2,121,121,,"Soumitra Chatterjee, Pahari Sanyal, Kanika Majumdar","Difficulties erupt between a married couple when their relationship gets hit by societal pressures, norms, and deep-rooted patriarchy. Watch the national award-winning movie 'Punashcha' on hoichoi.",difficulties erupt between married couple when their relationship gets hit societal pressures norms deeprooted patriarchy watch national awardwinning movie punashcha hoichoi,difficulties erupt between married couple,"difficulties,erupt,between,married,couple,when,their,relationship,gets,hit,societal,pressures,norms,deeprooted,patriarchy,watch,national,awardwinning,movie,punashcha,hoichoi","difficulties,erupt,between,married,couple,their,relationship,gets,hit,societal,pressures,norms,deeprooted,patriarchy,watch,national,awardwinning,movie,punashcha,hoichoi",7
Movies,Bhagwan Sri Krishna Chaitanya,,Acquired,Bengali,India,17-05-2022,Yes,Devotional,Drama,Devotional Drama,1953,U,1,129,129,,"Suchitra Sen, Pahari Sanyal, Basanta Choudhury",Watch Bhagwan Shri Krishna Chaitanya Bengali movie online on hoichoi. Stream Bengali movie Bhagwan Shri Krishna Chaitanya directed by Debaki Bose only on hoichoi.,watch bhagwan shri krishna chaitanya bengali movie online hoichoi stream bengali movie bhagwan shri krishna chaitanya directed debaki bose only hoichoi,watch bhagwan shri krishna chaitanya,"watch,bhagwan,shri,krishna,chaitanya,bengali,movie,online,hoichoi,stream,bengali,movie,bhagwan,shri,krishna,chaitanya,directed,debaki,bose,only,hoichoi","watch,bhagwan,shri,krishna,chaitanya,bengali,movie,online,hoichoi,stream,bengali,movie,bhagwan,shri,krishna,chaitanya,directed,debaki,bose,only,hoichoi",0
Movies,Ek Tuku Chhoa Lage,,Acquired,Bengali,India,17-05-2022,Yes,Romantic,Comedy,Romantic Comedy,1977,U,1,125,125,6.8,"Azra, Biswajit Chatterjee, Kishore Kumar, Chandrima Bhaduri, Raka Bhaduri, Samar Chattopadhyay",Watch Ek Tuku Chhoa Lage Bengali movie online on hoichoi. Stream Bengali movie Ek Tuku Chhoa Lage directed by Kamal Majumdar only on hoichoi.,watch ek tuku chhoa lage bengali movie online hoichoi stream bengali movie ek tuku chhoa lage directed kamal majumdar only hoichoi,watch ek tuku chhoa lage,"watch,ek,tuku,chhoa,lage,bengali,movie,online,hoichoi,stream,bengali,movie,ek,tuku,chhoa,lage,directed,kamal,majumdar,only,hoichoi","watch,ek,tuku,chhoa,lage,bengali,movie,online,hoichoi,stream,bengali,movie,ek,tuku,chhoa,lage,directed,kamal,majumdar,only,hoichoi",0
Movies,Sunayani,,Acquired,Bengali,India,17-05-2022,Yes,Drama,,Drama,1979,U/A 13+,3,107,107,7.7,"Uttam Kumar, Shakuntala Barua, Subhendu Chattopadhyay",Watch Sunayani Bengali movie online on hoichoi. Stream Bengali movie Sunayani directed by Sukhen Das only on hoichoi.,watch sunayani bengali movie online hoichoi stream bengali movie sunayani directed sukhen das only hoichoi,watch sunayani bengali movie online,"watch,sunayani,bengali,movie,online,hoichoi,stream,bengali,movie,sunayani,directed,sukhen,das,only,hoichoi","watch,sunayani,bengali,movie,online,hoichoi,stream,bengali,movie,sunayani,directed,sukhen,das,only,hoichoi",13
Movies,Shuk Sari,,Acquired,Bengali,India,17-05-2022,Yes,Drama,,Drama,1969,U/A 13+,3,109,109,8.7,"Uttam Kumar, Anjana Bhowmik",Watch Shuk Sari Bengali movie online on hoichoi. Stream Bengali movie Sukh Sari directed by Sushil Majumdar only on hoichoi.,watch shuk sari bengali movie online hoichoi stream bengali movie sukh sari directed sushil majumdar only hoichoi,watch shuk sari bengali movie,"watch,shuk,sari,bengali,movie,online,hoichoi,stream,bengali,movie,sukh,sari,directed,sushil,majumdar,only,hoichoi","watch,shuk,sari,bengali,movie,online,hoichoi,stream,bengali,movie,sukh,sari,directed,sushil,majumdar,only,hoichoi",13
Movies,Hothat Nirar Jonyo,,Acquired,Bengali,India,16-05-2022,Yes,Drama,,Drama,2004,A 18+,5,97,97,,"Jaya Seal Ghosh, Bikram Ghosh, Arindam Sil",Watch Hothat Neerar Jonyo Bengali movie online on hoichoi. Stream Bengali movie Hothat Neerar Jonyo directed by Subrata Sen only on hoichoi.,watch hothat neerar jonyo bengali movie online hoichoi stream bengali movie hothat neerar jonyo directed subrata sen only hoichoi,watch hothat neerar jonyo bengali,"watch,hothat,neerar,jonyo,bengali,movie,online,hoichoi,stream,bengali,movie,hothat,neerar,jonyo,directed,subrata,sen,only,hoichoi","watch,hothat,neerar,jonyo,bengali,movie,online,hoichoi,stream,bengali,movie,hothat,neerar,jonyo,directed,subrata,sen,only,hoichoi",18
Movies,Chirodiner,,Acquired,Bengali,India,16-05-2022,Yes,Romantic,Drama,Romantic Drama,1969,U,1,126,126,,"Uttam Kumar, Supriya Choudhury, Gita Dey",Watch Chirodiner Bengali movie online on hoichoi. Stream Bengali movie Chirodiner directed by Agradoot only on hoichoi.,watch chirodiner bengali movie online hoichoi stream bengali movie chirodiner directed agradoot only hoichoi,watch chirodiner bengali movie online,"watch,chirodiner,bengali,movie,online,hoichoi,stream,bengali,movie,chirodiner,directed,agradoot,only,hoichoi","watch,chirodiner,bengali,movie,online,hoichoi,stream,bengali,movie,chirodiner,directed,agradoot,only,hoichoi",0
Movies,Amar Geeti,,Acquired,Bengali,India,16-05-2022,Yes,Drama,Musical,Drama Musical,1983,U/A 13+,3,111,111,5,"Soumitra Chatterjee, Sandhya Ray, Biswajit Chatterjee, Rabi Ghosh",Watch Amar Geeti Bengali movie online on hoichoi. Stream Bengali movie Amar Geeti directed by Tarun Majumdar only on hoichoi.,watch amar geeti bengali movie online hoichoi stream bengali movie amar geeti directed tarun majumdar only hoichoi,watch amar geeti bengali movie,"watch,amar,geeti,bengali,movie,online,hoichoi,stream,bengali,movie,amar,geeti,directed,tarun,majumdar,only,hoichoi","watch,amar,geeti,bengali,movie,online,hoichoi,stream,bengali,movie,amar,geeti,directed,tarun,majumdar,only,hoichoi",13
Movies,Nishipadma,,Acquired,Bengali,India,16-05-2022,Yes,Drama,,Drama,1970,U/A 13+,3,120,120,8.3,"Uttam Kumar, Sabitri Chatterjee, Anup Kumar",Watch Nishipadma Bengali movie online on hoichoi. Stream Bengali movie Nishipadma directed by Arabinda Mukhopadhyay only on hoichoi.,watch nishipadma bengali movie online hoichoi stream bengali movie nishipadma directed arabinda mukhopadhyay only hoichoi,watch nishipadma bengali movie online,"watch,nishipadma,bengali,movie,online,hoichoi,stream,bengali,movie,nishipadma,directed,arabinda,mukhopadhyay,only,hoichoi","watch,nishipadma,bengali,movie,online,hoichoi,stream,bengali,movie,nishipadma,directed,arabinda,mukhopadhyay,only,hoichoi",13
Movies,Akash Kusum,,Acquired,Bengali,India,16-05-2022,Yes,Drama,,Drama,1965,U/A 7+,2,105,105,,"Soumitra Chattopadhyay, Aparna Sen, Subhendu Chattopadhyay",Watch Akash Kusum Bengali movie online on hoichoi. Stream Bengali movie Akash Kusum directed by Mrinal Sen only on hoichoi.,watch akash kusum bengali movie online hoichoi stream bengali movie akash kusum directed mrinal sen only hoichoi,watch akash kusum bengali movie,"watch,akash,kusum,bengali,movie,online,hoichoi,stream,bengali,movie,akash,kusum,directed,mrinal,sen,only,hoichoi","watch,akash,kusum,bengali,movie,online,hoichoi,stream,bengali,movie,akash,kusum,directed,mrinal,sen,only,hoichoi",7
Movies,No Dorai,,Acquired,Bengali,India,05-05-2022,Yes,Drama,Sports,Drama Sports,2019,U/A 16+,4,143,143,,"Sunerah Binte Kamal, Sariful Razz, Sayed Babu, Wasim Sitar Liyakat",Watch No Dorai Bengali movie online on hoichoi. Stream Bengali movie No Dorai directed by Taneem Rahman Angshu only on hoichoi.,watch no dorai bengali movie online hoichoi stream bengali movie no dorai directed taneem rahman angshu only hoichoi,watch no dorai bengali movie,"watch,no,dorai,bengali,movie,online,hoichoi,stream,bengali,movie,no,dorai,directed,taneem,rahman,angshu,only,hoichoi","watch,no,dorai,bengali,movie,online,hoichoi,stream,bengali,movie,no,dorai,directed,taneem,rahman,angshu,only,hoichoi",16
Movies,Kakababur Protyaborton,,Acquired,Bengali,India,08-04-2022,Yes,Adventure,Mystery,Adventure Mystery,2022,U,1,121,121,4.2,"Prosenjit Chatterjee, Aryann Bhowmik, Anirban Chakrabarti",Watch Kakababur Protyaborton Bengali movie online on hoichoi. - Then description,watch kakababur protyaborton bengali movie online hoichoi then description,watch kakababur protyaborton bengali movie,"watch,kakababur,protyaborton,bengali,movie,online,hoichoi,then,description","watch,kakababur,protyaborton,bengali,movie,online,hoichoi,description",0
Movies,"Baba, Baby O",,Acquired,Bengali,India,27-03-2022,Yes,Drama,,Drama,2022,U,1,133,133,,"Jisshu Sengupta, Solanki Roy, Gourab Chatterjee, Mainak Banerjee",Watch Baba Baby O Bengali movie online.,watch baba baby o bengali movie online,watch baba baby o bengali,"watch,baba,baby,o,bengali,movie,online","watch,baba,baby,o,bengali,movie,online",0
Movies,Kishore Kumar Junior,,Acquired,Bengali,India,26-02-2022,Yes,Drama,Musical,Drama Musical,2018,U,1,142,142,5.7,"Prosenjit Chatterjee, Aparajita Adhya, Rwitobroto Mukherjee",Watch Kishore Kumar Junior Bengali movie online on hoichoi. Stream movie Kishore Kumar Junior starring Prosenjit Chatterjee only on hoichoi.,watch kishore kumar junior bengali movie online hoichoi stream movie kishore kumar junior starring prosenjit chatterjee only hoichoi,watch kishore kumar junior bengali,"watch,kishore,kumar,junior,bengali,movie,online,hoichoi,stream,movie,kishore,kumar,junior,starring,prosenjit,chatterjee,only,hoichoi","watch,kishore,kumar,junior,bengali,movie,online,hoichoi,stream,movie,kishore,kumar,junior,starring,prosenjit,chatterjee,only,hoichoi",0
Movies,Bony,,Acquired,Bengali,India,26-01-2022,Yes,Science Fiction,Thriller,Science Fiction Thriller,2021,U,1,112,112,,"Parambrata Chattopadhyay, Koel Mallick, Anjan Dutt, Kanchan Mullick","Watch Bony Bengali movie online on hoichoi. Stream Bony full movie starring Parambrata Chattopadhyay, Koel Mallick & Anjan Dutt only on hoichoi.",watch bony bengali movie online hoichoi stream bony full movie starring parambrata chattopadhyay koel mallick anjan dutt only hoichoi,watch bony bengali movie online,"watch,bony,bengali,movie,online,hoichoi,stream,bony,full,movie,starring,parambrata,chattopadhyay,koel,mallick,anjan,dutt,only,hoichoi","watch,bony,bengali,movie,online,hoichoi,stream,bony,full,movie,starring,parambrata,chattopadhyay,koel,mallick,anjan,dutt,only,hoichoi",0
Movies,Buro Sadhu,,Acquired,Bengali,India,21-01-2022,Yes,Drama,Psychological,Drama Psychological,2019,U/A 16+,4,89,89,7,"Ritwick Chakraborty, Ishaa Saha, Chiranjeet Chakraborty","Watch Buro Sadhu Bengali movie online on hoichoi. Enjoy the movie Buro Sadhu directed by VIK and starring Ritwick Chakraborty, Ishaa Saha, Chiranjeet.",watch buro sadhu bengali movie online hoichoi enjoy movie buro sadhu directed vik starring ritwick chakraborty ishaa saha chiranjeet,watch buro sadhu bengali movie,"watch,buro,sadhu,bengali,movie,online,hoichoi,enjoy,movie,buro,sadhu,directed,vik,starring,ritwick,chakraborty,ishaa,saha,chiranjeet","watch,buro,sadhu,bengali,movie,online,hoichoi,enjoy,movie,buro,sadhu,directed,vik,starring,ritwick,chakraborty,ishaa,saha,chiranjeet",16
Movies,Ekannoborti,,Acquired,Bengali,India,14-01-2022,Yes,Drama,Family,Drama Family,2022,U/A 13+,3,130,130,,"Aparajita Adhya, Sauraseni Maitra, Ananya Sen, Alokananda Roy","Watch Ekannoborti Bengali movie online on hoichoi. Enjoy the movie Ekannoborti directed by Mainak Bhaumik and experience the charm of familial bond, tradition, and second chances in Ekannoborti only on hoichoi.",watch ekannoborti bengali movie online hoichoi enjoy movie ekannoborti directed mainak bhaumik experience charm familial bond tradition second chances ekannoborti only hoichoi,watch ekannoborti bengali movie online,"watch,ekannoborti,bengali,movie,online,hoichoi,enjoy,movie,ekannoborti,directed,mainak,bhaumik,experience,charm,familial,bond,tradition,second,chances,ekannoborti,only,hoichoi","watch,ekannoborti,bengali,movie,online,hoichoi,enjoy,movie,ekannoborti,directed,mainak,bhaumik,experience,charm,familial,bond,tradition,second,chances,ekannoborti,only,hoichoi",13
Movies,Hobu Chandra Raja Gobu Chandra Mantri,,Acquired,Bengali,India,25-12-2021,Yes,Drama,Fantasy,Drama Fantasy,2021,U,1,119,119,,"Saswata Chatterjee, Kharaj Mukherjee, Arpita Chatterjee, Subhasish Mukherjee",Watch Hobu Chandra Raja Gobu Chandra Mantri full Bengali movie online on hoichoi.,watch hobu chandra raja gobu chandra mantri full bengali movie online hoichoi,watch hobu chandra raja gobu,"watch,hobu,chandra,raja,gobu,chandra,mantri,full,bengali,movie,online,hoichoi","watch,hobu,chandra,raja,gobu,chandra,mantri,full,bengali,movie,online,hoichoi",0
Movies,Golondaaj,,Acquired,Bengali,India,10-12-2021,Yes,Drama,Sports,Drama Sports,2021,U,1,147,147,7.3,"Dev, Ishaa Saha, Anirban Bhattacharya, Alex O'Nell","Watch Golondaaj Bengali movie online on hoichoi. Enjoy the movie directed by Dhrubo Banerjee and starring Dev, Ishaa Saha, Anirban Bhattacharya.",watch golondaaj bengali movie online hoichoi enjoy movie directed dhrubo banerjee starring dev ishaa saha anirban bhattacharya,watch golondaaj bengali movie online,"watch,golondaaj,bengali,movie,online,hoichoi,enjoy,movie,directed,dhrubo,banerjee,starring,dev,ishaa,saha,anirban,bhattacharya","watch,golondaaj,bengali,movie,online,hoichoi,enjoy,movie,directed,dhrubo,banerjee,starring,dev,ishaa,saha,anirban,bhattacharya",0
Movies,Sahaj Paather Gappo,,Acquired,Bengali,India,29-10-2021,Yes,Drama,,Drama,2016,U,1,81,81,8.3,"Samiul Alam, Nur Islam, Sneha Biswas",Watch Sahaj Paather Gappo Bengali movie online on hoichoi.,watch sahaj paather gappo bengali movie online hoichoi,watch sahaj paather gappo bengali,"watch,sahaj,paather,gappo,bengali,movie,online,hoichoi","watch,sahaj,paather,gappo,bengali,movie,online,hoichoi",0
Movies,Rawkto Rawhoshyo,,Acquired,Bengali,India,10-10-2021,Yes,Thriller,,Thriller,2020,U/A 7+,2,120,120,6.5,"Koel Mallick, Rwitobroto Mukherjee, Chandhan Roy Sanyal",Watch Rawkto Rawhoshyo Bengali movie online on hoichoi.,watch rawkto rawhoshyo bengali movie online hoichoi,watch rawkto rawhoshyo bengali movie,"watch,rawkto,rawhoshyo,bengali,movie,online,hoichoi","watch,rawkto,rawhoshyo,bengali,movie,online,hoichoi",7
Movies,Mukhosh (2021),,Acquired,Bengali,,17-09-2021,Yes,Thriller,Psychological,Thriller Psychological,2021,U/A 16+,4,114,114,,"Anirban Bhattacharya, Anirban Chakrabarti, Tota Roy Choudhury, Chhosh",A heinous serial killer is on the loose in Kolkata. The city police ropes in consulting criminologist Kingshuk to break open the case. Will they succeed in their pursuit of the masked killer?,heinous serial killer loose kolkata city police ropes consulting criminologist kingshuk break open case will they succeed their pursuit masked killer,heinous serial killer loose kolkata,"heinous,serial,killer,loose,kolkata,city,police,ropes,consulting,criminologist,kingshuk,break,open,case,will,they,succeed,their,pursuit,masked,killer","heinous,serial,killer,loose,kolkata,city,police,ropes,consulting,criminologist,kingshuk,break,open,case,they,succeed,their,pursuit,masked,killer",16
Movies,Borunbabur Bondhu,,Acquired,Bengali,India,10-09-2021,Yes,Drama,Family,Drama Family,2019,U/A 7+,2,122,122,7.7,"Soumitra Chatterjee, Paran Bandyopadhyay, Ritwick Chakraborty, Koushik Sen",Watch Borunbabur Bondhu Bengali movie online on hoichoi.,watch borunbabur bondhu bengali movie online hoichoi,watch borunbabur bondhu bengali movie,"watch,borunbabur,bondhu,bengali,movie,online,hoichoi","watch,borunbabur,bondhu,bengali,movie,online,hoichoi",7
Movies,Chaplin,,Acquired,Bengali,India,28-08-2021,Yes,Drama,,Drama,2011,U/A 7+,2,131,131,7.5,"Rudranil Ghosh, Soham Maitra",Watch Chaplin Bengali movie online on hoichoi.,watch chaplin bengali movie online hoichoi,watch chaplin bengali movie online,"watch,chaplin,bengali,movie,online,hoichoi","watch,chaplin,bengali,movie,online,hoichoi",7
Movies,Ekti Tarar Khonje,,Acquired,Bengali,India,21-08-2021,Yes,Drama,,Drama,2010,U/A 16+,4,138,138,6.3,"Shayan Munshi, Arpita Chatterjee, Dhritiman Chatterjee",Watch Ekti Tarar Khonje Bengali movie online on hoichoi.,watch ekti tarar khonje bengali movie online hoichoi,watch ekti tarar khonje bengali,"watch,ekti,tarar,khonje,bengali,movie,online,hoichoi","watch,ekti,tarar,khonje,bengali,movie,online,hoichoi",16
Movies,Hawa Bodol,,Acquired,Bengali,India,20-08-2021,Yes,Drama,Comedy,Drama Comedy,2013,A 18+,5,137,137,,"Parambrata Chattopadhyay, Rudranil Ghosh, Raima Sen",Watch Hawa Bodol Bengali movie online on hoichoi. --> THEN MOVIE DESC,watch hawa bodol bengali movie online hoichoi then movie desc,watch hawa bodol bengali movie,"watch,hawa,bodol,bengali,movie,online,hoichoi,then,movie,desc","watch,hawa,bodol,bengali,movie,online,hoichoi,movie,desc",18
Movies,Patalghor,,Acquired,Bengali,India,07-08-2021,Yes,Science Fiction,Adventure,Science Fiction Adventure,2003,U/A 7+,2,134,134,7.7,"Sourav Bandopadhyay, Soumitra Chatterjee, Ramaprasad Banik, Kharaj Mukherjee",Watch Patalghor Bengali movie online on hoichoi.,watch patalghor bengali movie online hoichoi,watch patalghor bengali movie online,"watch,patalghor,bengali,movie,online,hoichoi","watch,patalghor,bengali,movie,online,hoichoi",7
Movies,Dutta Vs Dutta,,Acquired,Bengali,India,06-08-2021,Yes,Drama,,Drama,2012,A 18+,5,116,116,6.6,"Ronodeep Bose, Anjan Dutt",Watch Dutta Vs Dutta Bengali movie online on hoichoi.,watch dutta vs dutta bengali movie online hoichoi,watch dutta vs dutta bengali,"watch,dutta,vs,dutta,bengali,movie,online,hoichoi","watch,dutta,vs,dutta,bengali,movie,online,hoichoi",18
Movies,Hiralal,,Acquired,Bengali,India,16-07-2021,Yes,Drama,Biography,Drama Biography,2018,U/A 7+,2,137,137,8,"Kinjal Nanda, Saswata Chatterjee, Kharaj Mukherjee, Anuska Chakraborty",Watch Hiralal Bengali movie online on hoichoi.,watch hiralal bengali movie online hoichoi,watch hiralal bengali movie online,"watch,hiralal,bengali,movie,online,hoichoi","watch,hiralal,bengali,movie,online,hoichoi",7
Movies,Pratidwandi,,Acquired,Bengali,India,02-07-2021,Yes,Thriller,,Thriller,2021,U/A 16+,4,109,109,,"Saswata Chatterjee, Rudranil Ghosh, Saurav Das, Saayoni Ghosh",Watch Pratidwandi Bengali movie online on hoichoi.,watch pratidwandi bengali movie online hoichoi,watch pratidwandi bengali movie online,"watch,pratidwandi,bengali,movie,online,hoichoi","watch,pratidwandi,bengali,movie,online,hoichoi",16
Movies,The Parcel,,Acquired,Bengali,India,11-06-2021,Yes,Drama,Psychological,Drama Psychological,2019,U/A 13+,3,125,125,7.9,"Rituparna Sengupta, Saswata Chatterjee, Anindya Chatterjee","Watch The Parcel Bengali movie online on hoichoi. What happens when you suddenly start receiving mysterious parcels containing seemingly ordinary gifts? 'The Parcel' is the story of Nandini and Souvik, whose blissful life gets stirred by parcels from an anonymous sender. Which dark secret threatens to unmask itself and turn everything upside down?",watch parcel bengali movie online hoichoi what happens when you suddenly start receiving mysterious parcels containing seemingly ordinary gifts parcel story nandini souvik whose blissful life gets stirred parcels anonymous sender which dark secret threatens unmask itself turn everything upside down,watch parcel bengali movie online,"watch,parcel,bengali,movie,online,hoichoi,what,happens,when,you,suddenly,start,receiving,mysterious,parcels,containing,seemingly,ordinary,gifts,parcel,story,nandini,souvik,whose,blissful,life,gets,stirred,parcels,anonymous,sender,which,dark,secret,threatens,unmask,itself,turn,everything,upside,down","watch,parcel,bengali,movie,online,hoichoi,what,happens,you,suddenly,start,receiving,mysterious,parcels,containing,seemingly,ordinary,gifts,parcel,story,nandini,souvik,whose,blissful,life,gets,stirred,parcels,anonymous,sender,which,dark,secret,threatens,unmask,itself,turn,everything,upside,down",13
Movies,Tarikh,,Acquired,Bengali,India,08-05-2021,Yes,Drama,,Drama,2019,U/A 16+,4,115,115,,"Saswata Chatterjee, Raima Sen, Ritwick Chakraborty","Anirban, an idealist professor, and Ira, a conservative hospitality professional, are happily married. However, something unusually strong seems to pull Ira towards Rudranshu, Anirban’s friend. Tarikh explores various facets of human existence – life, death, morals, immortality, unrequited love, sacrifices – through the lives of these three characters with contrasting views of the world and life.",anirban idealist professor ira conservative hospitality professional are happily married however something unusually strong seems pull ira towards rudranshu anirbans friend tarikh explores various facets human existence life death morals immortality unrequited love sacrifices through lives these three characters contrasting views world life,anirban idealist professor ira conservative,"anirban,idealist,professor,ira,conservative,hospitality,professional,are,happily,married,however,something,unusually,strong,seems,pull,ira,towards,rudranshu,anirbans,friend,tarikh,explores,various,facets,human,existence,life,death,morals,immortality,unrequited,love,sacrifices,through,lives,these,three,characters,contrasting,views,world,life","anirban,idealist,professor,ira,conservative,hospitality,professional,happily,married,however,something,unusually,strong,seems,pull,ira,towards,rudranshu,anirbans,friend,tarikh,explores,various,facets,human,existence,life,death,morals,immortality,unrequited,love,sacrifices,through,lives,three,characters,contrasting,views,world,life",16
Movies,Prem Tame,,Acquired,Bengali,India,02-04-2021,Yes,Romantic,Comedy,Romantic Comedy,2021,U/A 13+,3,128.2,128.2,,"Susmita Chatterjee, Shweta Mishra, Soumya Mukherjee",Watch Prem Tame Bengali movie online on hoichoi. A unique love story between three small town friends. But things change as it is the same love that makes them closer and drift apart. What happens when a dog comes into their equation?,watch prem tame bengali movie online hoichoi unique love story between three small town friends but things change same love makes them closer drift apart what happens when dog comes into their equation,watch prem tame bengali movie,"watch,prem,tame,bengali,movie,online,hoichoi,unique,love,story,between,three,small,town,friends,but,things,change,same,love,makes,them,closer,drift,apart,what,happens,when,dog,comes,into,their,equation","watch,prem,tame,bengali,movie,online,hoichoi,unique,love,story,between,three,small,town,friends,but,things,change,same,love,makes,them,closer,drift,apart,what,happens,dog,comes,into,their,equation",13
Movies,Hoichoi Unlimited,,Acquired,Bengali,India,27-02-2021,Yes,Comedy,,Comedy,2018,U/A 7+,2,134.7,134.7,,"Dev, Koushani Mukherjee, Puja Banerjee, Kharaj Mukherjee, Saswata Chatterjee",Four friends plan a "men only" trip to Uzbekistan. But can they ever flee from the close watch of their wives? Watch the full movie on Hoichoi.,four friends plan men only trip uzbekistan but can they ever flee close watch their wives watch full movie hoichoi,four friends plan men only,"four,friends,plan,men,only,trip,uzbekistan,but,can,they,ever,flee,close,watch,their,wives,watch,full,movie,hoichoi","four,friends,plan,men,only,trip,uzbekistan,but,they,ever,flee,close,watch,their,wives,watch,full,movie,hoichoi",7
Movies,Chaamp,,Acquired,Bengali,India,26-02-2021,Yes,Drama,,Drama,2017,U/A 13+ ,3,152,152,,"Dev, Rukmini Maitra, Chiranjeet Chakraborty","Shibaji, a star-boxer, faces a grave injury that ruins his boxing career. But will he be able to get his strengths together again and fight in the ultimate game of life?",shibaji starboxer faces grave injury ruins his boxing career but will he able get his strengths together again fight ultimate game life,shibaji starboxer faces grave injury,"shibaji,starboxer,faces,grave,injury,ruins,his,boxing,career,but,will,he,able,get,his,strengths,together,again,fight,ultimate,game,life","shibaji,starboxer,faces,grave,injury,ruins,boxing,career,but,he,able,get,strengths,together,again,fight,ultimate,game,life",13
Movies,Cockpit,,Acquired,Bengali,India,25-02-2021,Yes,Drama,,Drama,2017,U/A 13+ ,3,131.7,131.7,,"Dev, Rukmini Maitra, Koel Mallick","Inspired by true events, Cockpit narrates the story of a braveheart pilot who leads his flight from Mumbai to Kolkata through a turbulent storm.",inspired true events cockpit narrates story braveheart pilot who leads his flight mumbai kolkata through turbulent storm,inspired true events cockpit narrates,"inspired,true,events,cockpit,narrates,story,braveheart,pilot,who,leads,his,flight,mumbai,kolkata,through,turbulent,storm","inspired,true,events,cockpit,narrates,story,braveheart,pilot,who,leads,flight,mumbai,kolkata,through,turbulent,storm",13
Movies,Kabir,,Acquired,Bengali,India,24-02-2021,Yes,Action,Crime,Action Crime,2018,A 18+,5,108.3,108.3,,"Dev, Rukmini Maitra","Yasmin meets a charming photographer, Kabir, while traveling on a train. But Yasmin and Kabir are star-crossed in the battle between terrorism and love.",yasmin meets charming photographer kabir while traveling train but yasmin kabir are starcrossed battle between terrorism love,yasmin meets charming photographer kabir,"yasmin,meets,charming,photographer,kabir,while,traveling,train,but,yasmin,kabir,are,starcrossed,battle,between,terrorism,love","yasmin,meets,charming,photographer,kabir,while,traveling,train,but,yasmin,kabir,starcrossed,battle,between,terrorism,love",18
Movies,Manojder Adbhut Bari,,Acquired,Bengali,India,19-04-2020,Yes,Adventure,Comedy,Adventure Comedy,2018,U/A 7+,2,115,115,,"Soumitra Chatterjee, Abir Chatterjee, Ambarish Bhattacharya","A missing prince, an old picture - and a strange adventure... This classic is about three siblings in a crazy family. Watch this children's classic on hoichoi.",missing prince old picture strange adventure classic about three siblings crazy family watch childrens classic hoichoi,missing prince old picture strange,"missing,prince,old,picture,strange,adventure,classic,about,three,siblings,crazy,family,watch,childrens,classic,hoichoi","missing,prince,old,picture,strange,adventure,classic,about,three,siblings,crazy,family,watch,childrens,classic,hoichoi",7
Movies,Cheeni,,Acquired,Bengali,India,04-02-2021,Yes,Drama,,Drama,2020,U/A 7+,2,109.1,109.1,,"Madhumita Sarcar, Aparajita Adhya, Saurav Das","A mother-daughter's love story, with a twist! This family drama will take you on an emotional roller coaster ride, amidst unwanted revelations and surprising family secrets.",motherdaughters love story twist family drama will take you emotional roller coaster ride amidst unwanted revelations surprising family secrets,motherdaughters love story twist family,"motherdaughters,love,story,twist,family,drama,will,take,you,emotional,roller,coaster,ride,amidst,unwanted,revelations,surprising,family,secrets","motherdaughters,love,story,twist,family,drama,take,you,emotional,roller,coaster,ride,amidst,unwanted,revelations,surprising,family,secrets",7
Movies,Dracula Sir,,Acquired,Bengali,India,11-12-2020,Yes,Drama,Psychological,Drama Psychological,2020,U/A 16+ ,4,124.5,124.5,,"Anirban Bhattacharya, Mimi Chakraborty, Bidipta Chakraborty","Amal, a school teacher with a rare pair of sharp canines and Manjari, a naxal widow of the 70's Kolkata. Here's a love story that travels through the test of time.",amal school teacher rare pair sharp canines manjari naxal widow 70s kolkata heres love story travels through test time,amal school teacher rare pair,"amal,school,teacher,rare,pair,sharp,canines,manjari,naxal,widow,70s,kolkata,heres,love,story,travels,through,test,time","amal,school,teacher,rare,pair,sharp,canines,manjari,naxal,widow,70s,kolkata,heres,love,story,travels,through,test,time",16
Movies,Rajlokhi O Srikanto,,Acquired,Bengali,India,04-12-2020,Yes,Drama,,Drama,2019,U/A 16+ ,4,145.3,145.3,,"Ritwick Chakraborty, Rahul Banerjee, Aparajita Ghosh Das, Jyotika Jyoti, Sayan Ghosh","Srikanto - a nomad traveller meets his childhood love Rajlokhi, now incidentally a mistress to his travel companion Hukumchand. Watch the full movie on Hoichoi.",srikanto nomad traveller meets his childhood love rajlokhi now incidentally mistress his travel companion hukumchand watch full movie hoichoi,srikanto nomad traveller meets his,"srikanto,nomad,traveller,meets,his,childhood,love,rajlokhi,now,incidentally,mistress,his,travel,companion,hukumchand,watch,full,movie,hoichoi","srikanto,nomad,traveller,meets,childhood,love,rajlokhi,now,incidentally,mistress,travel,companion,hukumchand,watch,full,movie,hoichoi",16
Movies,Brombhodoityo,,Acquired,Bengali,India,11-09-2020,Yes,Horror,Mythological,Horror Mythological,2019,U/A 16+,4,84.4,84.4,,"Rudranil Ghosh, Sayooni Ghosh, Anindya Chatterjee",What happens when a folklore researcher ends up ordering a vintage demon from a mysterious website ? Watch the spine chilling tale of "Bromhodoityo".,what happens when folklore researcher ends up ordering vintage demon mysterious website watch spine chilling tale bromhodoityo,what happens when folklore researcher,"what,happens,when,folklore,researcher,ends,up,ordering,vintage,demon,mysterious,website,watch,spine,chilling,tale,bromhodoityo","what,happens,folklore,researcher,ends,up,ordering,vintage,demon,mysterious,website,watch,spine,chilling,tale,bromhodoityo",16
Movies,Sthaniya Sambaad,,Acquired,Bengali,India,29-08-2020,Yes,Drama,,Drama,2010,U/A 16+ ,4,105.6,105.6,,"Suman Mukhopadhyay, Anindya Banerjee, Anirban Dutta, Bratya Basu, Nayana Palit",A young bengali poet searches for love as his house gets demolished in the post - partition city of Kolkata.,young bengali poet searches love his house gets demolished post partition city kolkata,young bengali poet searches love,"young,bengali,poet,searches,love,his,house,gets,demolished,post,partition,city,kolkata","young,bengali,poet,searches,love,house,gets,demolished,post,partition,city,kolkata",16
Movies,Ajob Prem Ebong,,Acquired,Bengali,India,29-08-2020,Yes,Comedy,,Comedy,2011,U/A 13+ ,3,128.2,128.2,,"Paoli Dam, Rahul Banerjee, Sabyasachi Chakraborty, Biswajit Chakraborty, Mithu Chakraborty, Padmanabha Dasgupta, Shankar Ghoshal, Shamik Sinha, Chiranjeet Chakraborty, Paran Bandopadhyay, Ratna Ghoshal","When a bus belonging to a corrupt politician runs over Moyna's husband, she confronts the bus's conductor to seek justice. What happens when Moyna ends up falling for the conductor? Find out in the dark comedy, Ajob Prem Ebong. ",when bus belonging corrupt politician runs over moynas husband she confronts buss conductor seek justice what happens when moyna ends up falling conductor find out dark comedy ajob prem ebong,when bus belonging corrupt politician,"when,bus,belonging,corrupt,politician,runs,over,moynas,husband,she,confronts,buss,conductor,seek,justice,what,happens,when,moyna,ends,up,falling,conductor,find,out,dark,comedy,ajob,prem,ebong","bus,belonging,corrupt,politician,runs,over,moynas,husband,she,confronts,buss,conductor,seek,justice,what,happens,moyna,ends,up,falling,conductor,find,out,dark,comedy,ajob,prem,ebong",13
Movies,Abasheshe,,Acquired,Bengali,India,22-08-2020,Yes,Drama,,Drama,2012,U/A 7+,2,117.6,117.6,,"Ronjini Chakraborty, Roopa Ganguly, Ankur Khanna, Raima Sen, Deepankar De, Sumon Mukhopadhyay, Abhijeet Guha","Twenty -two years later, Soumya returns to Kolkata and learns about his mother through her diary. Watch this unforgettable rendition ""Abosheshe"".",twenty two years later soumya returns kolkata learns about his mother through her diary watch unforgettable rendition abosheshe,twenty two years later soumya,"twenty,two,years,later,soumya,returns,kolkata,learns,about,his,mother,through,her,diary,watch,unforgettable,rendition,abosheshe","twenty,two,years,later,soumya,returns,kolkata,learns,about,mother,through,diary,watch,unforgettable,rendition,abosheshe",7
Movies,Banshiwala,,Acquired,Bengali,India,21-08-2020,Yes,Drama,,Drama,2010,U/A 16+,4,100.1,100.1,,"Shayan Munshi, Paoli Dam, Indrani Halder, Kaushik Sen, Soumitra Chatterjee",Mridul returns to his ancestral house after suffering a huge loss in business. Watch the extravagant tale of homecoming "Banshiwala".,mridul returns his ancestral house after suffering huge loss business watch extravagant tale homecoming banshiwala,mridul returns his ancestral house,"mridul,returns,his,ancestral,house,after,suffering,huge,loss,business,watch,extravagant,tale,homecoming,banshiwala","mridul,returns,ancestral,house,after,suffering,huge,loss,business,watch,extravagant,tale,homecoming,banshiwala",16
Movies,Ekla Akash,,Acquired,Bengali,India,20-08-2020,Yes,Drama,,Drama,2012,U/A 16+,4,138.9,138.9,,"Parambrata Chatterjee, Parno Mittra, Goutam Ghose","This is a story of love, despair, and infidelity, revolving around a couple, struggling to cope with a troubled marriage and the tragedy of losing their only child.",story love despair infidelity revolving around couple struggling cope troubled marriage tragedy losing their only child,story love despair infidelity revolving,"story,love,despair,infidelity,revolving,around,couple,struggling,cope,troubled,marriage,tragedy,losing,their,only,child","story,love,despair,infidelity,revolving,around,couple,struggling,cope,troubled,marriage,tragedy,losing,their,only,child",16
Movies,Rang Milanti,,Acquired,Bengali,India,13-08-2020,Yes,Romantic,Comedy,Romantic Comedy,2011,U/A 13+ ,3,127,127,,"Ridhima Ghosh, Gourab Chatterjee, Gaurav Chakrabarty, indrasish Roy, Saswata Chatterjee",Four boys are in love with an enigmatic woman. The story unfolds around her decision to make a choice among them. Watch the full movie on Hoichoi.,four boys are love enigmatic woman story unfolds around her decision make choice among them watch full movie hoichoi,four boys are love enigmatic,"four,boys,are,love,enigmatic,woman,story,unfolds,around,her,decision,make,choice,among,them,watch,full,movie,hoichoi","four,boys,love,enigmatic,woman,story,unfolds,around,decision,make,choice,among,them,watch,full,movie,hoichoi",13
Movies,Namte Namte,,Acquired,Bengali,India,08-08-2020,Yes,Drama,Social,Drama Social,2013,U/A 16+ ,4,115.2,115.2,,"Saswata Chatterjee, Roopa Ganguly, Rajatabha Dutta, Bhaswar Chatterjee, Sanchita",What happens when a simple man decides to seek help from a criminal ? Watch the tale of the degeneration of a common man.,what happens when simple man decides seek help criminal watch tale degeneration common man,what happens when simple man,"what,happens,when,simple,man,decides,seek,help,criminal,watch,tale,degeneration,common,man","what,happens,simple,man,decides,seek,help,criminal,watch,tale,degeneration,common,man",16
Movies,Meghmallar,,Acquired,Bengali,India,07-08-2020,Yes,Drama,,Drama,2014,U/A 7+,2,92.4,92.4,,"Shahiduzzaman Selim, Aparna Ghosh, Marjan Hossain Zara, Jayanta Chattopadhyay, Mosharraf Karim, Mostafiz Shahin, Adnan Sobhan Evan","What happens when a chemistry teacher's mistaken identity throws him and his family into the pandemonium of the 1971 Bangladesh Liberation War ? Watch the tale of interplay between fear and courage, hope and despair in ""Meghmallar"".",what happens when chemistry teachers mistaken identity throws him his family into pandemonium 1971 bangladesh liberation war watch tale interplay between fear courage hope despair meghmallar,what happens when chemistry teachers,"what,happens,when,chemistry,teachers,mistaken,identity,throws,him,his,family,into,pandemonium,1971,bangladesh,liberation,war,watch,tale,interplay,between,fear,courage,hope,despair,meghmallar","what,happens,chemistry,teachers,mistaken,identity,throws,him,family,into,pandemonium,1971,bangladesh,liberation,war,watch,tale,interplay,between,fear,courage,hope,despair,meghmallar",7
Movies,Phoring,,Acquired,Bengali,India,06-08-2020,Yes,Drama,,Drama,2013,U/A 16+ ,4,127.1,127.1,,"Sohini Sarkar, Ritwick Chakraborty, Akash Adhikary, Shankar Debnath, Sourav Basak, Dwijen Bandopadhyay, Senjuti Roy Mukherji","An adolescent boy growing up in the foothills of North Bengal grows an infatuation for his teacher at school, who disappears. Watch the full movie on Hoichoi.",adolescent boy growing up foothills north bengal grows infatuation his teacher school who disappears watch full movie hoichoi,adolescent boy growing up foothills,"adolescent,boy,growing,up,foothills,north,bengal,grows,infatuation,his,teacher,school,who,disappears,watch,full,movie,hoichoi","adolescent,boy,growing,up,foothills,north,bengal,grows,infatuation,teacher,school,who,disappears,watch,full,movie,hoichoi",16
Movies,Krishnakanter Will,,Acquired,Bengali,India,01-08-2020,Yes,Drama,,Drama,2007,U/A 16+ ,4,138.1,138.1,,"Jeet, Swastika Mukherjee, Monali Thakur, Soumitra Chatterjee, Kunal Mittra, Tulika Basu","How far will a son go to get his own share of property ? Here is a tale that explores conspiracy, a father-son relationship in ""Krishnakanter Will"".",how far will son go get his own share property here tale explores conspiracy fatherson relationship krishnakanter will,how far will son go,"how,far,will,son,go,get,his,own,share,property,here,tale,explores,conspiracy,fatherson,relationship,krishnakanter,will","how,far,son,go,get,own,share,property,tale,explores,conspiracy,fatherson,relationship,krishnakanter",16
Movies,Swapnajaal,,Acquired,Bengali,India,31-07-2020,Yes,Romantic,,Romantic,2018,U/A 7+,2,140.5,140.5,,"Sushmita Roy, Surojit Bose, Trina Das","Set in the 90s, in the suburbs of Bangladesh, ""Swapnajal"" is a desperate love story of a young couple set against the backdrop of a communal riot.",set 90s suburbs bangladesh swapnajal desperate love story young couple set against backdrop communal riot,set 90s suburbs bangladesh swapnajal,"set,90s,suburbs,bangladesh,swapnajal,desperate,love,story,young,couple,set,against,backdrop,communal,riot","set,90s,suburbs,bangladesh,swapnajal,desperate,love,story,young,couple,set,against,backdrop,communal,riot",7
Movies,Anil Bagchir Ekdin,,Acquired,Bengali,India,25-07-2020,Yes,Drama,,Drama,2015,U/A 7+,2,120.3,120.3,,"Gazi Rakayet, Jyotika Jyoti, Misa Sawdagar, Aref Syed","A day in the life of Anil Bagchi, who tries to return to his village at the onset of the Liberation War in Bangladesh. Watch the full movie on Hoichoi.",day life anil bagchi who tries return his village onset liberation war bangladesh watch full movie hoichoi,day life anil bagchi who,"day,life,anil,bagchi,who,tries,return,his,village,onset,liberation,war,bangladesh,watch,full,movie,hoichoi","day,life,anil,bagchi,who,tries,return,village,onset,liberation,war,bangladesh,watch,full,movie,hoichoi",7
Movies,Nagarkirtan,,Acquired,Bengali,India,17-07-2020,Yes,Drama,,Drama,2017,A 18+,5,113.5,113.5,,"Riddhi Sen, Ritwick Chakraborty, Bidipta Chakraborty, Sujan Mukherjee, Indrashish Roy","Puti and Madhu, meet each other in a ghetto of eunuchs, and soon their love blossoms. What will be their destiny ? Watch another masterpiece by Kaushik Ganguly - ""Nagarkirtan"".",puti madhu meet each other ghetto eunuchs soon their love blossoms what will their destiny watch another masterpiece kaushik ganguly nagarkirtan,puti madhu meet each other,"puti,madhu,meet,each,other,ghetto,eunuchs,soon,their,love,blossoms,what,will,their,destiny,watch,another,masterpiece,kaushik,ganguly,nagarkirtan","puti,madhu,meet,each,other,ghetto,eunuchs,soon,their,love,blossoms,what,their,destiny,watch,another,masterpiece,kaushik,ganguly,nagarkirtan",18
Movies,Piprabidya,,Acquired,Bengali,India,19-06-2020,Yes,Drama,,Drama,2014,U/A 7+,2,91.5,91.5,,"Sheena Chohan, Noor Imran Mithu, G. Sumdany Don, Mukit Zakaria",The attraction of the big city - and a simple man's dreams. How many lives will be changed by the videos on a phone? Watch the dark comedy on hoichoi.,attraction big city simple mans dreams how many lives will changed videos phone watch dark comedy hoichoi,attraction big city simple mans,"attraction,big,city,simple,mans,dreams,how,many,lives,will,changed,videos,phone,watch,dark,comedy,hoichoi","attraction,big,city,simple,mans,dreams,how,many,lives,changed,videos,phone,watch,dark,comedy,hoichoi",7
Movies,Shantilal O Projapoti Rohoshyo,,Acquired,Bengali,India,06-06-2020,Yes,Thriller,Psychological,Thriller Psychological,2019,A 18+,5,101.7,101.7,,"Ritwick Chakraborty, Paoli Dam, Goutam Ghose, Akshay Kapoor, Alakananda Ray, Ambarish Bhattacharya, Chitrangada Chakraborty, Sanghasri Sinha","Shantilal, a jarred weather reporter, discovers a startling secret about famous actress Nandita who is about to join politics. Shantilal turns detective and tries to uncover the buried truth that may give him his biggest headline yet!",shantilal jarred weather reporter discovers startling secret about famous actress nandita who about join politics shantilal turns detective tries uncover buried truth may give him his biggest headline yet,shantilal jarred weather reporter discovers,"shantilal,jarred,weather,reporter,discovers,startling,secret,about,famous,actress,nandita,who,about,join,politics,shantilal,turns,detective,tries,uncover,buried,truth,may,give,him,his,biggest,headline,yet","shantilal,jarred,weather,reporter,discovers,startling,secret,about,famous,actress,nandita,who,about,join,politics,shantilal,turns,detective,tries,uncover,buried,truth,may,give,him,biggest,headline,yet",18
Movies,Television,,Acquired,Bengali,India,05-06-2020,Yes,Drama,,Drama,2012,U/A 7+,2,107.9,107.9,,"Kazi Shahir Huda Rumi, Chanchal Chowdhury, Nusrat Imrose Tisha, Mosharraf Karim, Mukit Zakaria, Shamim Shahed, Robena Reza Jui","A fight for the right to imagination, beyond restrictions. Can television open a new window for the people in a village? Watch Television on hoichoi.",fight right imagination beyond restrictions can television open new window people village watch television hoichoi,fight right imagination beyond restrictions,"fight,right,imagination,beyond,restrictions,can,television,open,new,window,people,village,watch,television,hoichoi","fight,right,imagination,beyond,restrictions,television,open,new,window,people,village,watch,television,hoichoi",7
Movies,Kedara,,Acquired,Bengali,India,01-05-2020,Yes,Drama,,Drama,2019,U/A 16+,4,111.5,111.5,,"Kaushik Ganguly, Rudranil Ghosh, Bidipta Chakraborty, Joydeep Kundu, Moushumi Sanyal Dasgupta, Indranil Roy",A despairing man fights against loneliness - with a dying art form. Can a chair open a door to a new world for him? Watch Indraadip Das Gupta's film on hoichoi.,despairing man fights against loneliness dying art form can chair open door new world him watch indraadip das guptas film hoichoi,despairing man fights against loneliness,"despairing,man,fights,against,loneliness,dying,art,form,can,chair,open,door,new,world,him,watch,indraadip,das,guptas,film,hoichoi","despairing,man,fights,against,loneliness,dying,art,form,chair,open,door,new,world,him,watch,indraadip,das,guptas,film,hoichoi",16
Movies,Kathbirali,,Acquired,Bengali,India,24-04-2020,Yes,Romantic,,Romantic,2020,U/A 7+,2,110.4,110.4,,"Orchita Sporshia, Asaduzzaman Abir, Sayed Zaman Shawon, Shahriar Ferdous Sazeeb, Hindol Roy, A K Azad Shetu, Tasnim","Hasu's life revolves around his childhood friend Anish and the love of his life Kajol. When he decides to settle down, life takes an unexpected turn where the people around him are at stake.",hasus life revolves around his childhood friend anish love his life kajol when he decides settle down life takes unexpected turn where people around him are stake,hasus life revolves around his,"hasus,life,revolves,around,his,childhood,friend,anish,love,his,life,kajol,when,he,decides,settle,down,life,takes,unexpected,turn,where,people,around,him,are,stake","hasus,life,revolves,around,childhood,friend,anish,love,life,kajol,he,decides,settle,down,life,takes,unexpected,turn,where,people,around,him,stake",7
Movies,Konttho,,Acquired,Bengali,India,05-04-2020,Yes,Drama,Social,Drama Social,2019,U,1,140.4,140.4,,"Shiboprasad Mukherjee, Paoli Dam, Jaya Ahsan","A famous radio presenter, Arjun's life falls apart after being diagnosed with laryngeal cancer and losing his voice. As he refuses to give up, Romila comes to the rescue to start his journey again.",famous radio presenter arjuns life falls apart after being diagnosed laryngeal cancer losing his voice he refuses give up romila comes rescue start his journey again,famous radio presenter arjuns life,"famous,radio,presenter,arjuns,life,falls,apart,after,being,diagnosed,laryngeal,cancer,losing,his,voice,he,refuses,give,up,romila,comes,rescue,start,his,journey,again","famous,radio,presenter,arjuns,life,falls,apart,after,being,diagnosed,laryngeal,cancer,losing,voice,he,refuses,give,up,romila,comes,rescue,start,journey,again",0
Movies,Robibaar,,Acquired,Bengali,India,14-04-2020,Yes,Drama,,Drama,2019,U/A 13+ ,3,112.5,112.5,,"Prosenjit Chatterjee, Jaya Ahsan","An estranged couple, a chance meeting, and a day of reflection. Will they face their old pains in a few hours? Watch the Prosenjit Chatterjee movie on hoichoi.",estranged couple chance meeting day reflection will they face their old pains few hours watch prosenjit chatterjee movie hoichoi,estranged couple chance meeting day,"estranged,couple,chance,meeting,day,reflection,will,they,face,their,old,pains,few,hours,watch,prosenjit,chatterjee,movie,hoichoi","estranged,couple,chance,meeting,day,reflection,they,face,their,old,pains,few,hours,watch,prosenjit,chatterjee,movie,hoichoi",13
Movies,Sraboner Dhara,,Acquired,Bengali,India,10-04-2020,Yes,Drama,,Drama,2020,U/A 7+,2,107.5,107.5,,"Soumitra Chatterjee, Parambrata Chatterjee, Gargi Roychowdhury, Basabdatta Chatterjee",A man lost in the darkness of his mind: who will hold his hand? The tale of an Alzheimer's patient and his caregivers. Watch the Soumitra Chatterjee movie on hoichoi.,man lost darkness his mind who will hold his hand tale alzheimers patient his caregivers watch soumitra chatterjee movie hoichoi,man lost darkness his mind,"man,lost,darkness,his,mind,who,will,hold,his,hand,tale,alzheimers,patient,his,caregivers,watch,soumitra,chatterjee,movie,hoichoi","man,lost,darkness,mind,who,hold,hand,tale,alzheimers,patient,caregivers,watch,soumitra,chatterjee,movie,hoichoi",7
Movies,Gotro,,Acquired,Bengali,India,25-12-2019,Yes,Drama,,Drama,2019,U/A 7+,2,138.1,138.1,7.5,"Anusua Majumder, Nigel Akara, Manali Manisha Dey, Kharaj Mukherjee","Watch Gotro Bengali movie online on hoichoi. Gotro explores the relationship beyond religious barriers, between an elderly woman and a former convict who arrives as a servant.",watch gotro bengali movie online hoichoi gotro explores relationship beyond religious barriers between elderly woman former convict who arrives servant,watch gotro bengali movie online,"watch,gotro,bengali,movie,online,hoichoi,gotro,explores,relationship,beyond,religious,barriers,between,elderly,woman,former,convict,who,arrives,servant","watch,gotro,bengali,movie,online,hoichoi,gotro,explores,relationship,beyond,religious,barriers,between,elderly,woman,former,convict,who,arrives,servant",7
Movies,Devi,,Acquired,Bengali,India,02-04-2020,Yes,Drama,,Drama,2017,A 18+,5,115.5,115.5,,"Paoli Dam, Shataf Figar, Rima Guhathakurta, Elena Kazan, Shubh, Rachel White","Devdas returns after 100 years, as a woman. This retelling of a classic is about a woman lost in darkness, for love. Watch  the Paoli Dam movie on hoichoi.",devdas returns after 100 years woman retelling classic about woman lost darkness love watch paoli dam movie hoichoi,devdas returns after 100 years,"devdas,returns,after,100,years,woman,retelling,classic,about,woman,lost,darkness,love,watch,paoli,dam,movie,hoichoi","devdas,returns,after,100,years,woman,retelling,classic,about,woman,lost,darkness,love,watch,paoli,dam,movie,hoichoi",18
Movies,Love Aaj Kal Porshu,,Acquired,Bengali,India,30-03-2020,Yes,Romantic,,Romantic,2020,U/A 16+,4,102.7,102.7,,"Arjun Chakraborty, Madhumita Sarcar, Paoli Dam, Anindita Bose, Anirban Chakrabarti, Avijit Guha","Love that remains the same - through time… A tale of two people who find each other - across ages, beyond faces. Watch this romantic movie by Pratim D Gupta on hoichoi.",love remains same through time tale two people who find each other across ages beyond faces watch romantic movie pratim d gupta hoichoi,love remains same through time,"love,remains,same,through,time,tale,two,people,who,find,each,other,across,ages,beyond,faces,watch,romantic,movie,pratim,d,gupta,hoichoi","love,remains,same,through,time,tale,two,people,who,find,each,other,across,ages,beyond,faces,watch,romantic,movie,pratim,d,gupta,hoichoi",16
Movies,Prof. Shanku O El Dorado,,Acquired,Bengali,India,21-03-2020,Yes,Science Fiction,Adventure,Science Fiction Adventure,2019,U/A 7+,2,91.7,91.7,,"Dhritiman Chatterji, Shubhashish Mukherjee, Uday Shankar Pal, Shubhrojit Dutta, Ratan Sarkhel, Roney Facchini, Ricardo Dantas, Eduardo Munniz, Jacqueline Mazarella, Fernando Coelho, Felipe Montanari, Meyerber Tapajos, Leonardo Milon de Oliveira, Augusto Cesar","Professor Shanku, a scientist, and Nakur Babu, a clairvoyant, visit São Paolo in search of the mythical city of El Dorado. The journey becomes troublesome with mysteries and Nakur's extraordinary power of seeing the future.",professor shanku scientist nakur babu clairvoyant visit são paolo search mythical city el dorado journey becomes troublesome mysteries nakurs extraordinary power seeing future,professor shanku scientist nakur babu,"professor,shanku,scientist,nakur,babu,clairvoyant,visit,são,paolo,search,mythical,city,el,dorado,journey,becomes,troublesome,mysteries,nakurs,extraordinary,power,seeing,future","professor,shanku,scientist,nakur,babu,clairvoyant,visit,são,paolo,search,mythical,city,el,dorado,journey,becomes,troublesome,mysteries,nakurs,extraordinary,power,seeing,future",7
Movies,Dwitiyo Purush,,Acquired,Bengali,India,20-03-2020,Yes,Thriller,Crime,Thriller Crime,2020,U/A 16+,4,126.7,126.7,,"Parambrata Chattopadhyay, Anirban Bhattacharya, Rwitobroto Bhattacharya, Gaurav Chakrabarty, Raima Sen, Abir Chatterjee, Riddhima Ghosh","A killer, released from prison is on a killing spree. Is he looking for revenge - or something more? Watch the thriller by Srijit Mukherji on hoichoi!",killer released prison killing spree he looking revenge or something more watch thriller srijit mukherji hoichoi,killer released prison killing spree,"killer,released,prison,killing,spree,he,looking,revenge,or,something,more,watch,thriller,srijit,mukherji,hoichoi","killer,released,prison,killing,spree,he,looking,revenge,or,something,more,watch,thriller,srijit,mukherji,hoichoi",16
Movies,Abby Sen,,Acquired,Bengali,India,28-02-2020,Yes,Science Fiction,Comedy,Science Fiction Comedy,2015,U/A 7+,2,127.2,127.2,,"Abir Chatterjee, Raima Sen, Chiranjeet Chakraborty, Arunima Ghosh, Bratya Basu, Priyanka Sarkar, Kanchan Mullick, Neel Mukherjee, Biswanath Basu, Bhaswar Chatterjee, Paran Bandopadhyay, Kharaj Mukherjee",This Bengali film is about a science enthusiast who gets a chance to time-travel. Can he find an easier life in the 80s? Watch this Abir Chatterjee film on hoichoi.,bengali film about science enthusiast who gets chance timetravel can he find easier life 80s watch abir chatterjee film hoichoi,bengali film about science enthusiast,"bengali,film,about,science,enthusiast,who,gets,chance,timetravel,can,he,find,easier,life,80s,watch,abir,chatterjee,film,hoichoi","bengali,film,about,science,enthusiast,who,gets,chance,timetravel,he,find,easier,life,80s,watch,abir,chatterjee,film,hoichoi",7
Movies,Ghawre Bairey Aaj,,Acquired,Bengali,India,15-02-2020,Yes,Drama,Political,Drama Political,2019,A 18+,5,133.5,133.5,,"Anirban Bhattacharya, Tuhina Das, Jisshu Sengupta","A modern retelling of Tagore's timeless tale, this story captures a love triangle amidst social unrest. Watch the Aparna Sen movie now on hoichoi.",modern retelling tagores timeless tale story captures love triangle amidst social unrest watch aparna sen movie now hoichoi,modern retelling tagores timeless tale,"modern,retelling,tagores,timeless,tale,story,captures,love,triangle,amidst,social,unrest,watch,aparna,sen,movie,now,hoichoi","modern,retelling,tagores,timeless,tale,story,captures,love,triangle,amidst,social,unrest,watch,aparna,sen,movie,now,hoichoi",18
Movies,Gumnaami (Hindi),,Acquired,Bengali,India,23-01-2020,Yes,Drama,Biography,Drama Biography,2019,U/A 7+,2,138.8,138.8,,"Prosenjit Chatterjee, Anirban Bhattacharya, Tanusree Chakraborty, Biplab Dasgupta, Shyamal Chakraborty, Surendra Rajan, Sanjay Gurbaxani, Akshay Kapoor, Satyam Bhattacharya, Shibashish Bandopadhyay, Prantik Banerjee",How did Netaji disappear? This Bengali film directed by the renowned director Srijit Mukherji based on the famous Mukherjee Commission hearings. Watch the most talked about Bengali film of 2019 only on hoichoi.,how did netaji disappear bengali film directed renowned director srijit mukherji based famous mukherjee commission hearings watch most talked about bengali film 2019 only hoichoi,how did netaji disappear bengali,"how,did,netaji,disappear,bengali,film,directed,renowned,director,srijit,mukherji,based,famous,mukherjee,commission,hearings,watch,most,talked,about,bengali,film,2019,only,hoichoi","how,netaji,disappear,bengali,film,directed,renowned,director,srijit,mukherji,based,famous,mukherjee,commission,hearings,watch,most,talked,about,bengali,film,2019,only,hoichoi",7
Movies,Shaheb Bibi Golaam,,Acquired,Bengali,India,17-01-2020,Yes,Thriller,Crime,Thriller Crime,2016,A 18+,5,119.5,119.5,,"Anjan Dutt, Swastika Mukherjee, Ritwick Chakraborty, Vikram Chatterjee, Parno Mittra","A Bengali thriller about a former cop, a troubled housewife, and a cab driver in love, fighting the odds of the society. Watch Shaheb Bibi Golaam on hoichoi!",bengali thriller about former cop troubled housewife cab driver love fighting odds society watch shaheb bibi golaam hoichoi,bengali thriller about former cop,"bengali,thriller,about,former,cop,troubled,housewife,cab,driver,love,fighting,odds,society,watch,shaheb,bibi,golaam,hoichoi","bengali,thriller,about,former,cop,troubled,housewife,cab,driver,love,fighting,odds,society,watch,shaheb,bibi,golaam,hoichoi",18
Movies,Gumnaami,,Acquired,Bengali,India,02-01-2020,Yes,Drama,Biography,Drama Biography,2019,U/A 7+,2,138.7,138.7,,"Prosenjit Chattopadhyay, Anirban Bhattacharya, Tonushree Chakraborty","How did Netaji disappear? This Bengali film raises the question, based on the Mukhejee Commission Hearings. Watch the Srijit Mukherji film on hoichoi.",how did netaji disappear bengali film raises question based mukhejee commission hearings watch srijit mukherji film hoichoi,how did netaji disappear bengali,"how,did,netaji,disappear,bengali,film,raises,question,based,mukhejee,commission,hearings,watch,srijit,mukherji,film,hoichoi","how,netaji,disappear,bengali,film,raises,question,based,mukhejee,commission,hearings,watch,srijit,mukherji,film,hoichoi",7
Movies,Bornoporichoy,,Acquired,Bengali,India,26-10-2019,Yes,Thriller,Psychological,Thriller Psychological,2019,U/A 16+,4,101.3,101.3,5.3,"Abir Chatterjee, Jisshu Sengupta, Priyanka Sarkar","Watch Bornoporichoy Bengali movie online on hoichoi. Dhanonjoy, a cop goes beyond everything to hunt down Arko, a serial killer, nearly ruining his life. Watch the neo noir crime thriller ""Bornoporichoy"".",watch bornoporichoy bengali movie online hoichoi dhanonjoy cop goes beyond everything hunt down arko serial killer nearly ruining his life watch neo noir crime thriller bornoporichoy,watch bornoporichoy bengali movie online,"watch,bornoporichoy,bengali,movie,online,hoichoi,dhanonjoy,cop,goes,beyond,everything,hunt,down,arko,serial,killer,nearly,ruining,his,life,watch,neo,noir,crime,thriller,bornoporichoy","watch,bornoporichoy,bengali,movie,online,hoichoi,dhanonjoy,cop,goes,beyond,everything,hunt,down,arko,serial,killer,nearly,ruining,life,watch,neo,noir,crime,thriller,bornoporichoy",16
Movies,Goyenda Junior,,Acquired,Bengali,India,25-10-2019,Yes,Thriller,Mystery,Thriller Mystery,2019,U/A 7+,2,117.4,117.4,6.1,"Rwitobroto Mukherjee, Shantilal Mukherjee, Anusha Vishwanathan, Debmallyo Gupta, Pushan Dasgupta, Prantik Banerjee, Krishnendu Adhikary","Watch Goyenda Junior Bengali movie online on hoichoi. Bikram, a teenage detective with keen obsevation skills helps Senior Police Officer Sanjay to investigate the perfect crime. Watch the bumpy and entertaining thriller ""Goyenda Junior"".",watch goyenda junior bengali movie online hoichoi bikram teenage detective keen obsevation skills helps senior police officer sanjay investigate perfect crime watch bumpy entertaining thriller goyenda junior,watch goyenda junior bengali movie,"watch,goyenda,junior,bengali,movie,online,hoichoi,bikram,teenage,detective,keen,obsevation,skills,helps,senior,police,officer,sanjay,investigate,perfect,crime,watch,bumpy,entertaining,thriller,goyenda,junior","watch,goyenda,junior,bengali,movie,online,hoichoi,bikram,teenage,detective,keen,obsevation,skills,helps,senior,police,officer,sanjay,investigate,perfect,crime,watch,bumpy,entertaining,thriller,goyenda,junior",7
Movies,Bibaho Obhijaan,,Acquired,Bengali,India,12-10-2019,Yes,Comedy,,Comedy,2019,U/A 16+,4,117.8,117.8,,"Ankush Hazra, Nusrat Faria, Rudranil Ghosh, Sohini Sarkar, Anirban Bhattacharya, Priyanka Sarkar","Watch Bibaho Obhijaan Bengali movie online on hoichoi. Rajat and Anupam, frustrated with their wives, flee from them but get entrapped in hilarious situations. Watch the pot boiling comedy ""Bibaho Obhijaan"".",watch bibaho obhijaan bengali movie online hoichoi rajat anupam frustrated their wives flee them but get entrapped hilarious situations watch pot boiling comedy bibaho obhijaan,watch bibaho obhijaan bengali movie,"watch,bibaho,obhijaan,bengali,movie,online,hoichoi,rajat,anupam,frustrated,their,wives,flee,them,but,get,entrapped,hilarious,situations,watch,pot,boiling,comedy,bibaho,obhijaan","watch,bibaho,obhijaan,bengali,movie,online,hoichoi,rajat,anupam,frustrated,their,wives,flee,them,but,get,entrapped,hilarious,situations,watch,pot,boiling,comedy,bibaho,obhijaan",16
Movies,Durgeshgorer Guptodhon,,Acquired,Bengali,India,01-09-2019,Yes,Adventure,Mystery,Adventure Mystery,2019,U/A 7+,2,130.4,130.4,6.7,"Abir Chatterjee, Arjun Chakrabarty, Ishaa Saha, Koushik Sen, Kharaj Mukherjee, Anindya Chatterjee, Lily Chakraborty, Arindam Sil","Watch Durgeshgorer Guptodhon Bengali movie online on hoichoi. Sona Da, along with Abir and Jhinuk, visits his student's ancestral mansion in Durgeshgor. Once there, the trio comes across a vital clue that could lead them to one of the greatest treasures.",watch durgeshgorer guptodhon bengali movie online hoichoi sona da along abir jhinuk visits his students ancestral mansion durgeshgor once there trio comes across vital clue could lead them one greatest treasures,watch durgeshgorer guptodhon bengali movie,"watch,durgeshgorer,guptodhon,bengali,movie,online,hoichoi,sona,da,along,abir,jhinuk,visits,his,students,ancestral,mansion,durgeshgor,once,there,trio,comes,across,vital,clue,could,lead,them,one,greatest,treasures","watch,durgeshgorer,guptodhon,bengali,movie,online,hoichoi,sona,da,along,abir,jhinuk,visits,students,ancestral,mansion,durgeshgor,once,trio,comes,across,vital,clue,lead,them,one,greatest,treasures",7
Movies,Ke Tumi Nandini,,Acquired,Bengali,India,27-08-2019,Yes,Romantic,Drama,Romantic Drama,2019,U/A 7+,2,135,135,5.7,"Bonny Sengupta, Rupsha Mukherjee, Saayoni Ghosh, Shankar Chakraborty, Saurav Das, Aparajita Auddy, Rudranil Ghosh, Gaurab Chatterjee, Sayantani Guhathakurta","Watch Ke Tumi Nandini Bengali movie online on hoichoi. Nandini, an aspiring medical student fall for Abir and tries to impress him. Will Abir reciprocate her feelings ?",watch ke tumi nandini bengali movie online hoichoi nandini aspiring medical student fall abir tries impress him will abir reciprocate her feelings,watch ke tumi nandini bengali,"watch,ke,tumi,nandini,bengali,movie,online,hoichoi,nandini,aspiring,medical,student,fall,abir,tries,impress,him,will,abir,reciprocate,her,feelings","watch,ke,tumi,nandini,bengali,movie,online,hoichoi,nandini,aspiring,medical,student,fall,abir,tries,impress,him,abir,reciprocate,feelings",7
Movies,Sweater,,Acquired,Bengali,India,22-08-2019,Yes,Drama,,Drama,2019,U/A 13+,3,114.8,114.8,,"Ishaa Saha, June Maliah, Sreelekha Mitra, Kharaj Mukherjee, Saurav Das, Anuradha Mukherjee, Farhan Imroze, Sidhu Ray","After several rejections, Tuku finally finds a match but with a catch. This alliance can go through only if Tuku can become an expert at knitting within a month. While learning the same, she befriends Shamyo. What course will Tuku's life take now?",after several rejections tuku finally finds match but catch alliance can go through only if tuku can become expert knitting within month while learning same she befriends shamyo what course will tukus life take now,after several rejections tuku finally,"after,several,rejections,tuku,finally,finds,match,but,catch,alliance,can,go,through,only,if,tuku,can,become,expert,knitting,within,month,while,learning,same,she,befriends,shamyo,what,course,will,tukus,life,take,now","after,several,rejections,tuku,finally,finds,match,but,catch,alliance,go,through,only,if,tuku,become,expert,knitting,within,month,while,learning,same,she,befriends,shamyo,what,course,tukus,life,take,now",13
Movies,Aami Ashbo Phirey,,Acquired,Bengali,India,18-07-2019,Yes,Drama,Musical,Drama Musical,2018,A 18+,5,120.2,120.2,,"Anjan Dutt, Swastika Mukherjee, Koushik Sen, Sauraseni Maitra, Anindya Chatterjee, Darshana Banik, Anjana Basu, Sumanta Mukherjee, Sudeshna Roy","Watch Aami Ashbo Phirey Bengali movie online on hoichoi. A songwriter virtually enters the life of four people who have been connected by an accident, leading their lives towards a better tomorrow. Watch the enigmatic film by Anjan Dutta ""Ami Asbo Phirey"".",watch aami ashbo phirey bengali movie online hoichoi songwriter virtually enters life four people who have been connected accident leading their lives towards better tomorrow watch enigmatic film anjan dutta ami asbo phirey,watch aami ashbo phirey bengali,"watch,aami,ashbo,phirey,bengali,movie,online,hoichoi,songwriter,virtually,enters,life,four,people,who,have,been,connected,accident,leading,their,lives,towards,better,tomorrow,watch,enigmatic,film,anjan,dutta,ami,asbo,phirey","watch,aami,ashbo,phirey,bengali,movie,online,hoichoi,songwriter,virtually,enters,life,four,people,who,been,connected,accident,leading,their,lives,towards,better,tomorrow,watch,enigmatic,film,anjan,dutta,ami,asbo,phirey",18
Movies,Guptodhoner Sandhane,,Acquired,Bengali,India,12-07-2019,Yes,Adventure,Mystery,Adventure Mystery,2018,U,1,131,131,6.8,"Abir Chatterjee, Arjun Chakrabarty, Ishaa Saha, Arindam Sil, Kamaleswar Mukherjee, Goutam Ghose, Rajatava Dutta",Watch Guptodhoner Sandhane Bengali movie online on hoichoi. Guptodhoner Sandhane explores the quest of Subarna Sen after he returns to India and sets out to find the treasure hidden by his maternal uncle.,watch guptodhoner sandhane bengali movie online hoichoi guptodhoner sandhane explores quest subarna sen after he returns india sets out find treasure hidden his maternal uncle,watch guptodhoner sandhane bengali movie,"watch,guptodhoner,sandhane,bengali,movie,online,hoichoi,guptodhoner,sandhane,explores,quest,subarna,sen,after,he,returns,india,sets,out,find,treasure,hidden,his,maternal,uncle","watch,guptodhoner,sandhane,bengali,movie,online,hoichoi,guptodhoner,sandhane,explores,quest,subarna,sen,after,he,returns,india,sets,out,find,treasure,hidden,maternal,uncle",0
Movies,Bhoot Chaturdashi,,Acquired,Bengali,India,07-07-2019,Yes,Horror,Drama,Horror Drama,2019,U/A 16+,4,98.3,98.3,3.4,"Aryann Bhowmik, Ena Saha, Soumendra Bhattacharya, Deepsheta Mitra","Watch Bhoot Chaturdashi Bengali movie online on hoichoi. As four friends go on a road trip to a haunted house, they fall under horrific circumstances on the day of ""Bhoot Chaturdashi"".",watch bhoot chaturdashi bengali movie online hoichoi four friends go road trip haunted house they fall under horrific circumstances day bhoot chaturdashi,watch bhoot chaturdashi bengali movie,"watch,bhoot,chaturdashi,bengali,movie,online,hoichoi,four,friends,go,road,trip,haunted,house,they,fall,under,horrific,circumstances,day,bhoot,chaturdashi","watch,bhoot,chaturdashi,bengali,movie,online,hoichoi,four,friends,go,road,trip,haunted,house,they,fall,under,horrific,circumstances,day,bhoot,chaturdashi",16
Movies,Iti Srikanto,,Acquired,Bengali,India,29-06-2019,Yes,Drama,,Drama,2004,U/A 16+,4,121.4,121.4,7.1,"Soha Ali Khan, Adil Hussain, Reema Sen, Pijush Ganguly, Aparajita Ghosh Das","Watch Iti Srikanto Bengali movie online on hoichoi. Inspired by the novel Srikanta, ""Iti Srikanto"" is the story of a man torn between two women: a courtesan and a Vaishnavite.",watch iti srikanto bengali movie online hoichoi inspired novel srikanta iti srikanto story man torn between two women courtesan vaishnavite,watch iti srikanto bengali movie,"watch,iti,srikanto,bengali,movie,online,hoichoi,inspired,novel,srikanta,iti,srikanto,story,man,torn,between,two,women,courtesan,vaishnavite","watch,iti,srikanto,bengali,movie,online,hoichoi,inspired,novel,srikanta,iti,srikanto,story,man,torn,between,two,women,courtesan,vaishnavite",16
Movies,Kharij,,Acquired,Bengali,India,29-06-2019,Yes,Drama,,Drama,1982,U/A 7+,2,90.6,90.6,,"Anjan Dutt, Mamata Shankar, Sreela Majumdar, Indranil Moitra, Dehapratim Das Gupta, Nilotpal Dey, Charuprakash Ghosh, Debatosh Ghosh, Gita Sen, Sunil Mukherjee","Watch Kharij Bengali movie online on hoichoi. Based on a novel by Ramapada Choudhury, directed by Mrinal Sen ""Kharij"" tells the tale of a young servant boy who is found dead due to medical negligence by his employers.",watch kharij bengali movie online hoichoi based novel ramapada choudhury directed mrinal sen kharij tells tale young servant boy who found dead due medical negligence his employers,watch kharij bengali movie online,"watch,kharij,bengali,movie,online,hoichoi,based,novel,ramapada,choudhury,directed,mrinal,sen,kharij,tells,tale,young,servant,boy,who,found,dead,due,medical,negligence,his,employers","watch,kharij,bengali,movie,online,hoichoi,based,novel,ramapada,choudhury,directed,mrinal,sen,kharij,tells,tale,young,servant,boy,who,found,dead,due,medical,negligence,employers",7
Movies,Vinci Da,,Acquired,Bengali,India,05-06-2019,Yes,Thriller,,Thriller,2019,A 18+,5,113.7,113.7,7.3,"Ritwick Chakraborty, Rudranil Ghosh, Anirban Bhattacharya, Sohini Sarkar",Watch Vinci Da Bengali movie online on hoichoi. Vinci Da revolves around a makeup artist's life turning upside down when a lawyer uses his art as a tool of crime. Watch one of the finest thrillers directed by "Srijit Mukherji".,watch vinci da bengali movie online hoichoi vinci da revolves around makeup artists life turning upside down when lawyer uses his art tool crime watch one finest thrillers directed srijit mukherji,watch vinci da bengali movie,"watch,vinci,da,bengali,movie,online,hoichoi,vinci,da,revolves,around,makeup,artists,life,turning,upside,down,when,lawyer,uses,his,art,tool,crime,watch,one,finest,thrillers,directed,srijit,mukherji","watch,vinci,da,bengali,movie,online,hoichoi,vinci,da,revolves,around,makeup,artists,life,turning,upside,down,lawyer,uses,art,tool,crime,watch,one,finest,thrillers,directed,srijit,mukherji",18
Movies,Kiriti O Kalo Bhromor,,Acquired,Bengali,India,31-05-2019,Yes,Detective,Mystery,Detective Mystery,2016,U/A 16+,4,127.5,127.5,5.8,"Indraneil Sengupta, Samadarshi Dutta, Arunima Ghosh, Kaushik Sen","Watch Kiriti O Kalo Bhromor Bengali movie online on hoichoi. Based on the novel by Nihar Ranjan Gupta, Kiriti investigates a murder on the request of the partner of the victim. Watch the enthralling discovery of a detective in ""Kiriti O Kalo Bhromor"".",watch kiriti o kalo bhromor bengali movie online hoichoi based novel nihar ranjan gupta kiriti investigates murder request partner victim watch enthralling discovery detective kiriti o kalo bhromor,watch kiriti o kalo bhromor,"watch,kiriti,o,kalo,bhromor,bengali,movie,online,hoichoi,based,novel,nihar,ranjan,gupta,kiriti,investigates,murder,request,partner,victim,watch,enthralling,discovery,detective,kiriti,o,kalo,bhromor","watch,kiriti,o,kalo,bhromor,bengali,movie,online,hoichoi,based,novel,nihar,ranjan,gupta,kiriti,investigates,murder,request,partner,victim,watch,enthralling,discovery,detective,kiriti,o,kalo,bhromor",16
Movies,Mon Jaane Na,,Acquired,Bengali,India,19-05-2019,Yes,Romantic,Drama,Romantic Drama,2019,U/A 16+,4,113,113,5.7,"Yash Dasgupta, Mimi Chakraborty, Shatf Figar, Rajdeep Gupta, Kusal Chakraborty",Watch Mon Jaane Na Bengali movie online on hoichoi. The life of a married couple turns dark as the wife goes missing. What happens when she returns?,watch mon jaane na bengali movie online hoichoi life married couple turns dark wife goes missing what happens when she returns,watch mon jaane na bengali,"watch,mon,jaane,na,bengali,movie,online,hoichoi,life,married,couple,turns,dark,wife,goes,missing,what,happens,when,she,returns","watch,mon,jaane,na,bengali,movie,online,hoichoi,life,married,couple,turns,dark,wife,goes,missing,what,happens,she,returns",16
Movies,Shah Jahan Regency,,Acquired,Bengali,India,10-05-2019,Yes,Drama,,Drama,2019,U/A 16+,4,153.7,153.7,6.6,"Parambharata Chattopadhyay, Abir Chatterjee, Anirban Bhattacharya, Swastika Mukherjee, Mamata Shankar, Kanchan Mullick, Sujoy Prasad, Rituparna Sengupta","Watch Shah Jahan Regency Bengali movie online on hoichoi. An adaptation of Shankarís novel Chowringhee,""Shah Jahan Regency"" explores the stories of different people in a hotel retold in a modern context.",watch shah jahan regency bengali movie online hoichoi adaptation shankarís novel chowringheeshah jahan regency explores stories different people hotel retold modern context,watch shah jahan regency bengali,"watch,shah,jahan,regency,bengali,movie,online,hoichoi,adaptation,shankarís,novel,chowringheeshah,jahan,regency,explores,stories,different,people,hotel,retold,modern,context","watch,shah,jahan,regency,bengali,movie,online,hoichoi,adaptation,shankarís,novel,chowringheeshah,jahan,regency,explores,stories,different,people,hotel,retold,modern,context",16
Movies,Villain,,Acquired,Bengali,India,26-04-2019,Yes,Thriller,,Thriller,2018,U/A 13+,3,132.6,132.6,5.2,"Ankush Hazra, Mimi Chakraborty, Rittika Sen, Subhadra Zayed, Mousumi Saha, Raja Dutta, Zoyed Ahmed, Arrayan","Watch Villain Bengali movie online on hoichoi. Two women who meet for the first time, have no clue that their boyfriends look like each other.",watch villain bengali movie online hoichoi two women who meet first time have no clue their boyfriends look like each other,watch villain bengali movie online,"watch,villain,bengali,movie,online,hoichoi,two,women,who,meet,first,time,have,no,clue,their,boyfriends,look,like,each,other","watch,villain,bengali,movie,online,hoichoi,two,women,who,meet,first,time,no,clue,their,boyfriends,look,like,each,other",13
Movies,Jaani Dyakha Hawbe,,Acquired,Bengali,India,26-04-2019,Yes,Romantic,Drama,Romantic Drama,2011,A 18+,5,103,103,5.5,"Parambrata Chatterjee, Payel Sarkar, Anjan Dutt, Roopa Ganguly, Mamata Shankar, Nirupama, Shibprasad Mukhopadhyay, Arijit Dutta, Arijit Roy","Watch Jaani Dyakha Hawbe Bengali movie online on hoichoi. Megh, a budding musician and Hiya, an aspiring model are madly in love with each other. Things start falling apart when HIya's success starts bothering Megh.",watch jaani dyakha hawbe bengali movie online hoichoi megh budding musician hiya aspiring model are madly love each other things start falling apart when hiyas success starts bothering megh,watch jaani dyakha hawbe bengali,"watch,jaani,dyakha,hawbe,bengali,movie,online,hoichoi,megh,budding,musician,hiya,aspiring,model,are,madly,love,each,other,things,start,falling,apart,when,hiyas,success,starts,bothering,megh","watch,jaani,dyakha,hawbe,bengali,movie,online,hoichoi,megh,budding,musician,hiya,aspiring,model,madly,love,each,other,things,start,falling,apart,hiyas,success,starts,bothering,megh",18
Movies,Bidaay byomkesh,,Acquired,Bengali,India,19-04-2019,Yes,Detective,Mystery,Detective Mystery,2018,U/A 13+,3,119.4,119.4,5.2,"Abir Chatterjee, Rahul Banerjee, Sohini Sarkar, Rupankar Bagchi, Bidipta Chakraborty, Sujoy Prasad Chatterjee, Joy Sengupta, Arindam Sil","Watch Bidaay byomkesh Bengali movie online on hoichoi. An aged Byomkesh is on a mission to seek the truth, to prove his son's innocence who is accused of murder. Watch another quest of the Satyanweshi in ""Bidaay Byomkesh"".",watch bidaay byomkesh bengali movie online hoichoi aged byomkesh mission seek truth prove his sons innocence who accused murder watch another quest satyanweshi bidaay byomkesh,watch bidaay byomkesh bengali movie,"watch,bidaay,byomkesh,bengali,movie,online,hoichoi,aged,byomkesh,mission,seek,truth,prove,his,sons,innocence,who,accused,murder,watch,another,quest,satyanweshi,bidaay,byomkesh","watch,bidaay,byomkesh,bengali,movie,online,hoichoi,aged,byomkesh,mission,seek,truth,prove,sons,innocence,who,accused,murder,watch,another,quest,satyanweshi,bidaay,byomkesh",13
Movies,Dashami,,Acquired,Bengali,India,19-04-2019,Yes,Drama,,Drama,2012,U/A 13+,3,131.2,131.2,,"Koel Mallick, Indraneil Sengupta, Locket Chatterjee, Pijush Ganguly, Arijit Dutta","Watch Dashami Bengali movie online on hoichoi. Tuli and Abhi get separated when Tuli leaves for USA. However, their friendship takes a different turn when she returns to Kolkata on Durga Puja.",watch dashami bengali movie online hoichoi tuli abhi get separated when tuli leaves usa however their friendship takes different turn when she returns kolkata durga puja,watch dashami bengali movie online,"watch,dashami,bengali,movie,online,hoichoi,tuli,abhi,get,separated,when,tuli,leaves,usa,however,their,friendship,takes,different,turn,when,she,returns,kolkata,durga,puja","watch,dashami,bengali,movie,online,hoichoi,tuli,abhi,get,separated,tuli,leaves,usa,however,their,friendship,takes,different,turn,she,returns,kolkata,durga,puja",13
Movies,Adventures of jojo,,Acquired,Bengali,India,14-04-2019,Yes,Adventure,Fantasy,Adventure Fantasy,2018,U/A 7+,2,120.8,120.8,6.1,"Jashojeet Banerjee, Samiul Alam, Padmanabha Dasgupta, Rudranil Ghosh","Watch Adventures of jojo Bengali movie online on hoichoi. Jojo, a twelve year old boy and his friend Shibu try to save a famed animal and the forest from poachers. Watch the quest of Jojo in ""Adventures of Jojo"".",watch adventures jojo bengali movie online hoichoi jojo twelve year old boy his friend shibu try save famed animal forest poachers watch quest jojo adventures jojo,watch adventures jojo bengali movie,"watch,adventures,jojo,bengali,movie,online,hoichoi,jojo,twelve,year,old,boy,his,friend,shibu,try,save,famed,animal,forest,poachers,watch,quest,jojo,adventures,jojo","watch,adventures,jojo,bengali,movie,online,hoichoi,jojo,twelve,year,old,boy,friend,shibu,try,save,famed,animal,forest,poachers,watch,quest,jojo,adventures,jojo",7
Movies,Naqaab,,Acquired,Bengali,India,04-04-2019,Yes,Horror,Comedy,Horror Comedy,2018,U/A 13+,3,159.1,159.1,6.8,"Shakib Khan, Nusrat Jahan, Sayantika Banerjee, Rudranil Ghosh, Sudip Mukherjee, Kharaj Mukherjee, Bharat Kaul, Supriyo Dutta, Rajatabha Dutta, Amit Hasan, Sadek Bachchu, Shiba Shanu","Watch Naqaab Bengali movie online on hoichoi. A thiefís power to talk to ghosts. Can he use this to his benefit, or does he land in trouble?Watch the supernaturnal action comedy ""Naqaab"".",watch naqaab bengali movie online hoichoi thiefís power talk ghosts can he use his benefit or does he land troublewatch supernaturnal action comedy naqaab,watch naqaab bengali movie online,"watch,naqaab,bengali,movie,online,hoichoi,thiefís,power,talk,ghosts,can,he,use,his,benefit,or,does,he,land,troublewatch,supernaturnal,action,comedy,naqaab","watch,naqaab,bengali,movie,online,hoichoi,thiefís,power,talk,ghosts,he,use,benefit,or,he,land,troublewatch,supernaturnal,action,comedy,naqaab",13
Movies,Aschhe Abar Shabor,,Acquired,Bengali,India,29-03-2019,Yes,Detective,Mystery,Detective Mystery,2018,A 18+,5,126,126,6.3,"Saswata Chatterjee, Subhrajeet Dutta, Gaurav Chakraborty, Indraneil Sengupta, Lolita Chatterjee, Anindya Chattopadhyay, Anjana Basu, Mir Afsar Ali, Diti Saha, Darshana Banik, Tuhina Das, Priyanka Mondal, Anamika Chakraborty, Arunima Ghosh","Watch Aschhe Abar Shabor Bengali movie online on hoichoi. In this Goenda movie, detective Shabor investigates two rape and murder cases and suspects that an app is behind the crimes. Arindam Sil brings back Detective Shobor with a bang.",watch aschhe abar shabor bengali movie online hoichoi goenda movie detective shabor investigates two rape murder cases suspects app behind crimes arindam sil brings back detective shobor bang,watch aschhe abar shabor bengali,"watch,aschhe,abar,shabor,bengali,movie,online,hoichoi,goenda,movie,detective,shabor,investigates,two,rape,murder,cases,suspects,app,behind,crimes,arindam,sil,brings,back,detective,shobor,bang","watch,aschhe,abar,shabor,bengali,movie,online,hoichoi,goenda,movie,detective,shabor,investigates,two,rape,murder,cases,suspects,app,behind,crimes,arindam,sil,brings,back,detective,shobor,bang",18
Movies,Finally Bhalobasha,,Acquired,Bengali,India,29-03-2019,Yes,Romantic,,Romantic,2019,U/A 16+,4,114.7,114.7,,"Anjan Dutt, Raima Sen, Arjun Chakrabarty, Anirban Bhattacharya, Sauraseni Maitra, Arindam Sil","Watch Finally Bhalobasha Bengali movie online on hoichoi. Finally Bhalobasha is an anthology of three stories, six characters with their lives linked to each other. This Anjan Dutt film beautifully captures and reflects the many dimensions of love and life.",watch finally bhalobasha bengali movie online hoichoi finally bhalobasha anthology three stories six characters their lives linked each other anjan dutt film beautifully captures reflects many dimensions love life,watch finally bhalobasha bengali movie,"watch,finally,bhalobasha,bengali,movie,online,hoichoi,finally,bhalobasha,anthology,three,stories,six,characters,their,lives,linked,each,other,anjan,dutt,film,beautifully,captures,reflects,many,dimensions,love,life","watch,finally,bhalobasha,bengali,movie,online,hoichoi,finally,bhalobasha,anthology,three,stories,six,characters,their,lives,linked,each,other,anjan,dutt,film,beautifully,captures,reflects,many,dimensions,love,life",16
Movies,Bhooter Bhabishyat,,Acquired,Bengali,India,22-03-2019,Yes,Horror,Comedy,Horror Comedy,2012,U/A 13+,3,119.2,119.2,,"Swastika Mukherjee, Paran Bandyopadhyay, Saswata Chatterjee, Parambrata Chattopadhyay, Samadarshi Dutta, Mumtaz Sorcar, Mir, Sumit Samaddar",Watch Bhooter Bhabishyat Bengali movie online on hoichoi. The experience of a filmmaker in a haunted house meets a film-buff who gives him a pot boiling story of a gang of ghosts. Is it just a story or are these ghosts around ? Watch the biggest comedy blockbuster of Bengali cinema "Bhooter Bhabishyat".,watch bhooter bhabishyat bengali movie online hoichoi experience filmmaker haunted house meets filmbuff who gives him pot boiling story gang ghosts just story or are these ghosts around watch biggest comedy blockbuster bengali cinema bhooter bhabishyat,watch bhooter bhabishyat bengali movie,"watch,bhooter,bhabishyat,bengali,movie,online,hoichoi,experience,filmmaker,haunted,house,meets,filmbuff,who,gives,him,pot,boiling,story,gang,ghosts,just,story,or,are,these,ghosts,around,watch,biggest,comedy,blockbuster,bengali,cinema,bhooter,bhabishyat","watch,bhooter,bhabishyat,bengali,movie,online,hoichoi,experience,filmmaker,haunted,house,meets,filmbuff,who,gives,him,pot,boiling,story,gang,ghosts,just,story,or,ghosts,around,watch,biggest,comedy,blockbuster,bengali,cinema,bhooter,bhabishyat",13
Movies,Hanuman.com,,Acquired,Bengali,India,09-03-2019,Yes,Drama,,Drama,2013,U/A 16+,4,124.5,124.5,5.4,"Prosenjit Chatterjee, Mousumi Bhattacharya, Rudranil Ghosh, Kaushik Sen, Saloni Pandey, Saskia, Gaurav Pandey",Watch Hanuman.com Bengali movie online on hoichoi. A simple teacher befriends a woman virtually on his newly installed computer. Things go wrong when he unexpectedly witnesses her murder. Watch the story of Ajaniputra in "Hanuman.com".,watch hanumancom bengali movie online hoichoi simple teacher befriends woman virtually his newly installed computer things go wrong when he unexpectedly witnesses her murder watch story ajaniputra hanumancom,watch hanumancom bengali movie online,"watch,hanumancom,bengali,movie,online,hoichoi,simple,teacher,befriends,woman,virtually,his,newly,installed,computer,things,go,wrong,when,he,unexpectedly,witnesses,her,murder,watch,story,ajaniputra,hanumancom","watch,hanumancom,bengali,movie,online,hoichoi,simple,teacher,befriends,woman,virtually,newly,installed,computer,things,go,wrong,he,unexpectedly,witnesses,murder,watch,story,ajaniputra,hanumancom",16
Movies,Madly Bangali,,Acquired,Bengali,India,02-03-2019,Yes,Drama,Musical,Drama Musical,2009,A 18+,5,129.9,129.9,7.1,"Anjan Dutt, Soumyak Kanti DeBiswas, Anubrata Basu, Tanaji Dasgupta, Sumeet Thakur, Roshni Bose, Anasuya Sengupta, Saswata Chatterjee, Siddhartha Chatterjee, Biswajit Chokraborty, Aparajita Adhya, Supriya Choudhury","Watch Madly Bangali Bengali movie online on hoichoi. Four young, ambitious music-lovers form a Bangla rock band. But what's in store for them? Watch the Anjan Dutta dramedy "" Madly Bangali"".",watch madly bangali bengali movie online hoichoi four young ambitious musiclovers form bangla rock band but whats store them watch anjan dutta dramedy madly bangali,watch madly bangali bengali movie,"watch,madly,bangali,bengali,movie,online,hoichoi,four,young,ambitious,musiclovers,form,bangla,rock,band,but,whats,store,them,watch,anjan,dutta,dramedy,madly,bangali","watch,madly,bangali,bengali,movie,online,hoichoi,four,young,ambitious,musiclovers,form,bangla,rock,band,but,whats,store,them,watch,anjan,dutta,dramedy,madly,bangali",18
Movies,Byomkesh Gowtro,,Acquired,Bengali,India,15-02-2019,Yes,Detective,Mystery,Detective Mystery,2018,U/A 16+,4,131.3,131.3,6.3,"Abir Chatterjee, Sohini Sarkar, Arjun Chakrabarty","Watch Byomkesh Gowtro Bengali movie online on hoichoi. Byomkesh Gotro revolves around Satyakam, who predicts his own death and seeks help from Byomkesh. After he is murdered, Byomkesh sets out on the quest to find the murderer.",watch byomkesh gowtro bengali movie online hoichoi byomkesh gotro revolves around satyakam who predicts his own death seeks help byomkesh after he murdered byomkesh sets out quest find murderer,watch byomkesh gowtro bengali movie,"watch,byomkesh,gowtro,bengali,movie,online,hoichoi,byomkesh,gotro,revolves,around,satyakam,who,predicts,his,own,death,seeks,help,byomkesh,after,he,murdered,byomkesh,sets,out,quest,find,murderer","watch,byomkesh,gowtro,bengali,movie,online,hoichoi,byomkesh,gotro,revolves,around,satyakam,who,predicts,own,death,seeks,help,byomkesh,after,he,murdered,byomkesh,sets,out,quest,find,murderer",16
Movies,Ek Je Chhilo Raja,,Acquired,Bengali,India,07-02-2019,Yes,Drama,,Drama,2018,U/A 16+,4,145.1,145.1,7.2,"Jisshu Sengupta, Jaya Ahsan, Anirban Bhattacharya, Rajnandini Paul","Watch Ek Je Chhilo Raja Bengali movie online on hoichoi. Based on the Bhawal case, ""Ek je chilo raja"" revolves around the story of a sanyasi, a possible impostor who claims to be the prince of Bhawal, was presumed dead a decade earlier.",watch ek je chhilo raja bengali movie online hoichoi based bhawal case ek je chilo raja revolves around story sanyasi possible impostor who claims prince bhawal was presumed dead decade earlier,watch ek je chhilo raja,"watch,ek,je,chhilo,raja,bengali,movie,online,hoichoi,based,bhawal,case,ek,je,chilo,raja,revolves,around,story,sanyasi,possible,impostor,who,claims,prince,bhawal,was,presumed,dead,decade,earlier","watch,ek,je,chhilo,raja,bengali,movie,online,hoichoi,based,bhawal,case,ek,je,chilo,raja,revolves,around,story,sanyasi,possible,impostor,who,claims,prince,bhawal,presumed,dead,decade,earlier",16
Movies,Bibaho Diaries,,Acquired,Bengali,India,26-01-2019,Yes,Comedy,,Comedy,2017,U/A 7+,2,125.7,125.7,,"Ritwick Chakraborty, Sohini Sarkar","Watch Bibaho Diaries Bengali movie online on hoichoi. Pratay and Royona, a young couple experience a different taste of life before and after their marriage. A hillarious romantic comedy that explores old age problems and new age solutions - ""Bibaho Diaries"".",watch bibaho diaries bengali movie online hoichoi pratay royona young couple experience different taste life before after their marriage hillarious romantic comedy explores old age problems new age solutions bibaho diaries,watch bibaho diaries bengali movie,"watch,bibaho,diaries,bengali,movie,online,hoichoi,pratay,royona,young,couple,experience,different,taste,life,before,after,their,marriage,hillarious,romantic,comedy,explores,old,age,problems,new,age,solutions,bibaho,diaries","watch,bibaho,diaries,bengali,movie,online,hoichoi,pratay,royona,young,couple,experience,different,taste,life,before,after,their,marriage,hillarious,romantic,comedy,explores,old,age,problems,new,age,solutions,bibaho,diaries",7
Movies,Nilacholey Kiriti,,Acquired,Bengali,India,26-01-2019,Yes,Detective,Mystery,Detective Mystery,2018,U/A 16+,4,110.4,110.4,,"Indraneil Sengupta, Rituparna Sengupta, Arunima Ghosh","While on his honeymoon with his wife, detective Kiriti comes across a murder laced with deceit and an unpredictable climax. Watch the full movie on Hoichoi.",while his honeymoon his wife detective kiriti comes across murder laced deceit unpredictable climax watch full movie hoichoi,while his honeymoon his wife,"while,his,honeymoon,his,wife,detective,kiriti,comes,across,murder,laced,deceit,unpredictable,climax,watch,full,movie,hoichoi","while,honeymoon,wife,detective,kiriti,comes,across,murder,laced,deceit,unpredictable,climax,watch,full,movie,hoichoi",16
Movies,Anupama,,Acquired,Bengali,India,25-01-2019,Yes,Drama,,Drama,1955,U,1,122.8,122.8,6.5,"Uttam Kumar, Sabitri Chatterjee, Bikash Roy","Watch Anupama Bengali movie online on hoichoi. Anupama is a classic tale of Abani, a young man dealing with poverty elopes with Sudha when her uncle forces her to marry a sick man.",watch anupama bengali movie online hoichoi anupama classic tale abani young man dealing poverty elopes sudha when her uncle forces her marry sick man,watch anupama bengali movie online,"watch,anupama,bengali,movie,online,hoichoi,anupama,classic,tale,abani,young,man,dealing,poverty,elopes,sudha,when,her,uncle,forces,her,marry,sick,man","watch,anupama,bengali,movie,online,hoichoi,anupama,classic,tale,abani,young,man,dealing,poverty,elopes,sudha,uncle,forces,marry,sick,man",0
Movies,Generation Aami,,Acquired,Bengali,India,07-01-2019,Yes,Drama,Family,Drama Family,2018,U/A 13+,3,119.3,119.3,,"Sauraseni Maitra, Rwitobroto Mukherjee, Aparajita Adhya, Shantilal Mukherjee","Watch Generation Aami Bengali movie online on hoichoi. Generation Ami revolves around teen cousins Apu and Durga, help each other with their struggles to cope with growing up.",watch generation aami bengali movie online hoichoi generation ami revolves around teen cousins apu durga help each other their struggles cope growing up,watch generation aami bengali movie,"watch,generation,aami,bengali,movie,online,hoichoi,generation,ami,revolves,around,teen,cousins,apu,durga,help,each,other,their,struggles,cope,growing,up","watch,generation,aami,bengali,movie,online,hoichoi,generation,ami,revolves,around,teen,cousins,apu,durga,help,each,other,their,struggles,cope,growing,up",13
Movies,Uttarayan,,Acquired,Bengali,India,06-01-2019,Yes,Drama,,Drama,1963,U,1,135.4,135.4,,"Sabitri Chatterjee, Supriya Choudhury, Uttam Kumar, Asha Devi",Watch Uttarayan Bengali movie online on hoichoi. Uttarayan is a classic tale of love within the war infested country. Can it triumph amidst the adversities of war?,watch uttarayan bengali movie online hoichoi uttarayan classic tale love within war infested country can triumph amidst adversities war,watch uttarayan bengali movie online,"watch,uttarayan,bengali,movie,online,hoichoi,uttarayan,classic,tale,love,within,war,infested,country,can,triumph,amidst,adversities,war","watch,uttarayan,bengali,movie,online,hoichoi,uttarayan,classic,tale,love,within,war,infested,country,triumph,amidst,adversities,war",0
Movies,Nil Nirjane,,Acquired,Bengali,India,04-01-2019,Yes,Romantic,,Romantic,2003,A 18+,5,106.3,106.3,5.4,"Moon Moon Sen, Raima Sen, June Malia, Rajatava Dutta","Watch Nil Nirjane Bengali movie online on hoichoi. An unwed mother and a widower visit a resort to spend their weekend with their respective children, unaware that their lives are about to change forever.",watch nil nirjane bengali movie online hoichoi unwed mother widower visit resort spend their weekend their respective children unaware their lives are about change forever,watch nil nirjane bengali movie,"watch,nil,nirjane,bengali,movie,online,hoichoi,unwed,mother,widower,visit,resort,spend,their,weekend,their,respective,children,unaware,their,lives,are,about,change,forever","watch,nil,nirjane,bengali,movie,online,hoichoi,unwed,mother,widower,visit,resort,spend,their,weekend,their,respective,children,unaware,their,lives,about,change,forever",18
Movies,Calcutta 71,,Acquired,Bengali,,02-01-2019,Yes,Drama,Social,Drama Social,1971,U/A 7+,2,116.6,116.6,,"Madhabi Mukherjee, Ranjit Mallick, Utpal Dutta","This is a series of stories from different periods representing the struggles of starvation, prostitution, smuggling, and colonial hangover against Bengal's economic destruction, famine, and unemployment. Watch the second instalment of Mrinal Sen's Calcutta Trilogy only on hoichoi.",series stories different periods representing struggles starvation prostitution smuggling colonial hangover against bengals economic destruction famine unemployment watch second instalment mrinal sens calcutta trilogy only hoichoi,series stories different periods representing,"series,stories,different,periods,representing,struggles,starvation,prostitution,smuggling,colonial,hangover,against,bengals,economic,destruction,famine,unemployment,watch,second,instalment,mrinal,sens,calcutta,trilogy,only,hoichoi","series,stories,different,periods,representing,struggles,starvation,prostitution,smuggling,colonial,hangover,against,bengals,economic,destruction,famine,unemployment,watch,second,instalment,mrinal,sens,calcutta,trilogy,only,hoichoi",7
Movies,Interview,,Acquired,Bengali,India,01-01-2019,Yes,Drama,,Drama,1971,U,1,80.2,80.2,,"Ranjit Mallick, Karuna Banerjee","Watch Interview Bengali movie online on hoichoi. A simple yet unique Mrinal Sen film, ""Interview"" is about a man who wants a Western suit for an interview but returns to his roots by choosing ethnic wear.",watch interview bengali movie online hoichoi simple yet unique mrinal sen film interview about man who wants western suit interview but returns his roots choosing ethnic wear,watch interview bengali movie online,"watch,interview,bengali,movie,online,hoichoi,simple,yet,unique,mrinal,sen,film,interview,about,man,who,wants,western,suit,interview,but,returns,his,roots,choosing,ethnic,wear","watch,interview,bengali,movie,online,hoichoi,simple,yet,unique,mrinal,sen,film,interview,about,man,who,wants,western,suit,interview,but,returns,roots,choosing,ethnic,wear",0
Movies,Uma,,Acquired,Bengali,India,20-12-2018,Yes,Drama,,Drama,2018,U/A 13+,3,147.3,147.3,7.1,"Jisshu Sengupta, Sara Sengupta, Srabanti Chatterjee, Anjan Dutt, Rudranil Ghosh, Anirban Bhattacharya","Watch Uma Bengali movie online on hoichoi. Inspired by the true story of Evan Leversage, Uma, a child suffering from terminal illness wishes to see Durga Puja. Her father, recreates an entire Durga Puja to fulfill his dying daughter's wish.",watch uma bengali movie online hoichoi inspired true story evan leversage uma child suffering terminal illness wishes see durga puja her father recreates entire durga puja fulfill his dying daughters wish,watch uma bengali movie online,"watch,uma,bengali,movie,online,hoichoi,inspired,true,story,evan,leversage,uma,child,suffering,terminal,illness,wishes,see,durga,puja,her,father,recreates,entire,durga,puja,fulfill,his,dying,daughters,wish","watch,uma,bengali,movie,online,hoichoi,inspired,true,story,evan,leversage,uma,child,suffering,terminal,illness,wishes,see,durga,puja,father,recreates,entire,durga,puja,fulfill,dying,daughters,wish",13
Movies,Take One,,Acquired,Bengali,India,16-12-2018,Yes,Drama,,Drama,2014,A 18+,5,97.7,97.7,4.8,Swastika Mukherjee,"Watch Take One Bengali movie online on hoichoi. An Indian Actress Doel Mitra, shoots to overnight infamity igniting the wrath of conservative indian society when a bold sex-scene from one of her foreign films is leaked on the internet",watch take one bengali movie online hoichoi indian actress doel mitra shoots overnight infamity igniting wrath conservative indian society when bold sexscene one her foreign films leaked internet,watch take one bengali movie,"watch,take,one,bengali,movie,online,hoichoi,indian,actress,doel,mitra,shoots,overnight,infamity,igniting,wrath,conservative,indian,society,when,bold,sexscene,one,her,foreign,films,leaked,internet","watch,take,one,bengali,movie,online,hoichoi,indian,actress,doel,mitra,shoots,overnight,infamity,igniting,wrath,conservative,indian,society,bold,sexscene,one,foreign,films,leaked,internet",18
Movies,Family Album,,Acquired,Bengali,India,16-12-2018,Yes,Romantic,Drama,Romantic Drama,2015,A 18+,5,110.9,110.9,6.3,"Swastika Mukherjee, Paoli Dam","Watch Family Album Bengali movie online on hoichoi. What happens when the dark secrets of a seemingly perfect family of four get revealed ? Watch ""Family Album"" - a hilarious, sad and eccentric concoction of the truth.",watch family album bengali movie online hoichoi what happens when dark secrets seemingly perfect family four get revealed watch family album hilarious sad eccentric concoction truth,watch family album bengali movie,"watch,family,album,bengali,movie,online,hoichoi,what,happens,when,dark,secrets,seemingly,perfect,family,four,get,revealed,watch,family,album,hilarious,sad,eccentric,concoction,truth","watch,family,album,bengali,movie,online,hoichoi,what,happens,dark,secrets,seemingly,perfect,family,four,get,revealed,watch,family,album,hilarious,sad,eccentric,concoction,truth",18
Movies,Rupkotha noy,,Acquired,Bengali,India,16-12-2018,Yes,Drama,,Drama,2013,U/A 13+,3,110.7,110.7,6.8,"Soumitra Chatterjee, Radhika Apte, Sohini Sarkar, Indraneil Sengupta, Koushik Sen, Rahul Banerjee, Gaurav Chakraborty","Watch Rupkotha noy Bengali movie online on hoichoi. Sisir, a 72 year old man, disassociated with his family, gets along with four strangers and finds solace in their company. Watch ""Rupkotha Noy"" one of Atanu Ghosh's best, with a stellar cast.",watch rupkotha noy bengali movie online hoichoi sisir 72 year old man disassociated his family gets along four strangers finds solace their company watch rupkotha noy one atanu ghoshs best stellar cast,watch rupkotha noy bengali movie,"watch,rupkotha,noy,bengali,movie,online,hoichoi,sisir,72,year,old,man,disassociated,his,family,gets,along,four,strangers,finds,solace,their,company,watch,rupkotha,noy,one,atanu,ghoshs,best,stellar,cast","watch,rupkotha,noy,bengali,movie,online,hoichoi,sisir,72,year,old,man,disassociated,family,gets,along,four,strangers,finds,solace,their,company,watch,rupkotha,noy,one,atanu,ghoshs,best,stellar,cast",13
Movies,Natoker Moto : Like a Play,,Acquired,Bengali,India,16-12-2018,Yes,Drama,,Drama,2015,U/A 16+,4,120.7,120.7,7.6,"Paoli Dam, Roopa Ganguly, Saswata Chatterjee, Bratya Basu, Rajatava Dutta",Watch Natoker Moto : Like a Play Bengali movie online on hoichoi. Natoker Moto explores an investigation of the sudden demise of an extremely reputed actress' death that dwelves into an ongoing search behind the causes of ceaseless conflicts that a female artist has to confront,watch natoker moto like play bengali movie online hoichoi natoker moto explores investigation sudden demise extremely reputed actress death dwelves into ongoing search behind causes ceaseless conflicts female artist has confront,watch natoker moto like play,"watch,natoker,moto,like,play,bengali,movie,online,hoichoi,natoker,moto,explores,investigation,sudden,demise,extremely,reputed,actress,death,dwelves,into,ongoing,search,behind,causes,ceaseless,conflicts,female,artist,has,confront","watch,natoker,moto,like,play,bengali,movie,online,hoichoi,natoker,moto,explores,investigation,sudden,demise,extremely,reputed,actress,death,dwelves,into,ongoing,search,behind,causes,ceaseless,conflicts,female,artist,confront",16
Movies,Fidaa,,Acquired,Bengali,India,12-12-2018,Yes,Romantic,,Romantic,2018,U/A 13+,3,146.5,146.5,4.9,"Yash Dasgupta, Sanjana, Anindya Chatterjee","Watch Fidaa Bengali movie online on hoichoi. Two people who are poles apart, struggle against misunderstandings in their war of ego. Watch ""Fidaa"" - the story of the modern day youth's perception about love.",watch fidaa bengali movie online hoichoi two people who are poles apart struggle against misunderstandings their war ego watch fidaa story modern day youths perception about love,watch fidaa bengali movie online,"watch,fidaa,bengali,movie,online,hoichoi,two,people,who,are,poles,apart,struggle,against,misunderstandings,their,war,ego,watch,fidaa,story,modern,day,youths,perception,about,love","watch,fidaa,bengali,movie,online,hoichoi,two,people,who,poles,apart,struggle,against,misunderstandings,their,war,ego,watch,fidaa,story,modern,day,youths,perception,about,love",13
Movies,Crisscross,,Acquired,Bengali,India,04-12-2018,Yes,Drama,Social,Drama Social,2018,U/A 16+,4,113.7,113.7,5.6,"Mimi Chakraborty, Nusrat Jahan, Priyanka Sarkar, Sohini Sarkar, Jaya Ahsan, Gaurav Chakrabarty","Watch Crisscross Bengali movie online on hoichoi. Based on a novel by Smaranjit Chakraborty, ""Crisscross"" explores separate tales of five interrelated women with completely contrasting behaviours and their men with illustrious antics, undergo crisis and introspection in the city of Kolkata.",watch crisscross bengali movie online hoichoi based novel smaranjit chakraborty crisscross explores separate tales five interrelated women completely contrasting behaviours their men illustrious antics undergo crisis introspection city kolkata,watch crisscross bengali movie online,"watch,crisscross,bengali,movie,online,hoichoi,based,novel,smaranjit,chakraborty,crisscross,explores,separate,tales,five,interrelated,women,completely,contrasting,behaviours,their,men,illustrious,antics,undergo,crisis,introspection,city,kolkata","watch,crisscross,bengali,movie,online,hoichoi,based,novel,smaranjit,chakraborty,crisscross,explores,separate,tales,five,interrelated,women,completely,contrasting,behaviours,their,men,illustrious,antics,undergo,crisis,introspection,city,kolkata",16
Movies,Dhananjoy,,Acquired,Bengali,India,26-10-2018,Yes,Drama,Courtroom,Drama Courtroom,2017,A 18+,5,149.4,149.4,7.9,"Anirban Bhattacharya, Mimi Chakraborty","Watch Dhananjoy Bengali movie online on hoichoi. Based on the conviction of Dhananjoy Chatterjee, accused for the gruesome murder of Hetal Parekh. Watch""Dhananjoy"" which brings forward a different side to the hyped issue.",watch dhananjoy bengali movie online hoichoi based conviction dhananjoy chatterjee accused gruesome murder hetal parekh watchdhananjoy which brings forward different side hyped issue,watch dhananjoy bengali movie online,"watch,dhananjoy,bengali,movie,online,hoichoi,based,conviction,dhananjoy,chatterjee,accused,gruesome,murder,hetal,parekh,watchdhananjoy,which,brings,forward,different,side,hyped,issue","watch,dhananjoy,bengali,movie,online,hoichoi,based,conviction,dhananjoy,chatterjee,accused,gruesome,murder,hetal,parekh,watchdhananjoy,which,brings,forward,different,side,hyped,issue",18
Movies,Aami Aar Amar Girlfriends,,Acquired,Bengali,India,31-08-2018,Yes,Drama,Comedy,Drama Comedy,2013,A 18+,5,120.8,120.8,,"Swastika Mukherjee, Raima Sen, Parno Mittra","Watch Aami Aar Amar Girlfriends Bengali movie online on hoichoi. An out of the box tale of about three women, who belong to different spheres of the society professionally, ""Ami aar amar Girlfriends"" showcases them having once in a lifetime trip and sharing their experiences",watch aami aar amar girlfriends bengali movie online hoichoi out box tale about three women who belong different spheres society professionally ami aar amar girlfriends showcases them having once lifetime trip sharing their experiences,watch aami aar amar girlfriends,"watch,aami,aar,amar,girlfriends,bengali,movie,online,hoichoi,out,box,tale,about,three,women,who,belong,different,spheres,society,professionally,ami,aar,amar,girlfriends,showcases,them,having,once,lifetime,trip,sharing,their,experiences","watch,aami,aar,amar,girlfriends,bengali,movie,online,hoichoi,out,box,tale,about,three,women,who,belong,different,spheres,society,professionally,ami,aar,amar,girlfriends,showcases,them,having,once,lifetime,trip,sharing,their,experiences",18
Movies,Total Dadagiri,,Acquired,Bengali,India,10-08-2018,Yes,Romantic,Action,Romantic Action,2018,U/A 13+,3,146.1,146.1,5.1,"Yash Dasgupta, Mimi Chakraborty, Rajatava Dutta","Watch Total Dadagiri Bengali movie online on hoichoi. Joy falls in love with Jonaki, an MBA student, but is disliked by her father because of his failures as a student. Will he be able to convince her father ?",watch total dadagiri bengali movie online hoichoi joy falls love jonaki mba student but disliked her father because his failures student will he able convince her father,watch total dadagiri bengali movie,"watch,total,dadagiri,bengali,movie,online,hoichoi,joy,falls,love,jonaki,mba,student,but,disliked,her,father,because,his,failures,student,will,he,able,convince,her,father","watch,total,dadagiri,bengali,movie,online,hoichoi,joy,falls,love,jonaki,mba,student,but,disliked,father,because,failures,student,he,able,convince,father",13
Movies,Noor Jahan,,Acquired,Bengali,India,10-08-2018,Yes,Romantic,Drama,Romantic Drama,2018,A 18+,5,142.2,142.2,8.4,"Adrit Roy, Puja Cherry Roy, Aparajita Aadhya",Watch Noor Jahan Bengali movie online on hoichoi. The film explores the love story of Noor and Jahan that gets threatened by the brutality of politics.,watch noor jahan bengali movie online hoichoi film explores love story noor jahan gets threatened brutality politics,watch noor jahan bengali movie,"watch,noor,jahan,bengali,movie,online,hoichoi,film,explores,love,story,noor,jahan,gets,threatened,brutality,politics","watch,noor,jahan,bengali,movie,online,hoichoi,film,explores,love,story,noor,jahan,gets,threatened,brutality,politics",18
Movies,Raja Rani Raji,,Acquired,Bengali,India,03-08-2018,Yes,Romantic,,Romantic,2018,U,1,140.4,140.4,6.6,"Bonny Sengupta, Rittika Sen, Yash","Watch Raja Rani Raji Bengali movie online on hoichoi. Raja Rani Raji revolves around a man who tries to prove his worth to the woman he loves, and her father. Will he succeed?",watch raja rani raji bengali movie online hoichoi raja rani raji revolves around man who tries prove his worth woman he loves her father will he succeed,watch raja rani raji bengali,"watch,raja,rani,raji,bengali,movie,online,hoichoi,raja,rani,raji,revolves,around,man,who,tries,prove,his,worth,woman,he,loves,her,father,will,he,succeed","watch,raja,rani,raji,bengali,movie,online,hoichoi,raja,rani,raji,revolves,around,man,who,tries,prove,worth,woman,he,loves,father,he,succeed",0
Movies,Amazon Obhijaan,,Acquired,Bengali,India,13-07-2018,Yes,Adventure,Fantasy,Adventure Fantasy,2017,U,1,139,139,4.7,"Dev, David James, Svetlana Gulkova","Watch Amazon Obhijaan Bengali movie online on hoichoi. Shankar sets out on another adventure, this time in search of the hidden city of El Dorado in Amazon. Watch ""Amazon Obhijaan"" a thrilling sequel to the blockbuster Chander Pahar.",watch amazon obhijaan bengali movie online hoichoi shankar sets out another adventure time search hidden city el dorado amazon watch amazon obhijaan thrilling sequel blockbuster chander pahar,watch amazon obhijaan bengali movie,"watch,amazon,obhijaan,bengali,movie,online,hoichoi,shankar,sets,out,another,adventure,time,search,hidden,city,el,dorado,amazon,watch,amazon,obhijaan,thrilling,sequel,blockbuster,chander,pahar","watch,amazon,obhijaan,bengali,movie,online,hoichoi,shankar,sets,out,another,adventure,time,search,hidden,city,el,dorado,amazon,watch,amazon,obhijaan,thrilling,sequel,blockbuster,chander,pahar",0
Movies,Aborto,,Acquired,Bengali,India,29-04-2018,Yes,Drama,,Drama,2013,U/A 13+,3,111.7,111.7,6,"Tota Roy Choudhury, Jaya Ahsan, Saswata Chatterjee, Abir Chatterjee, Ritwick Chakraborty","Watch Aborto Bengali movie online on hoichoi. Aborto revolves around Shyamal, an ambitious man who dreams to become the vice president of an MNC. While he competes to earn his place, he distances himself from his wife Charu.",watch aborto bengali movie online hoichoi aborto revolves around shyamal ambitious man who dreams become vice president mnc while he competes earn his place he distances himself his wife charu,watch aborto bengali movie online,"watch,aborto,bengali,movie,online,hoichoi,aborto,revolves,around,shyamal,ambitious,man,who,dreams,become,vice,president,mnc,while,he,competes,earn,his,place,he,distances,himself,his,wife,charu","watch,aborto,bengali,movie,online,hoichoi,aborto,revolves,around,shyamal,ambitious,man,who,dreams,become,vice,president,mnc,while,he,competes,earn,place,he,distances,himself,wife,charu",13
Movies,Bolo Dugga Maiki,,Acquired,Bengali,India,28-04-2018,Yes,Romantic,,Romantic,2017,U/A 16+,4,157.7,157.7,5.3,"Ankush Hazra, Nusrat Jahan","Watch Bolo Dugga Maiki Bengali movie online on hoichoi. Shamyo, surrounded by his own lies, changes when he meets a girl Uma, on a train. Watch one of the best comedies ""Bolo Dugga Maiki"".",watch bolo dugga maiki bengali movie online hoichoi shamyo surrounded his own lies changes when he meets girl uma train watch one best comedies bolo dugga maiki,watch bolo dugga maiki bengali,"watch,bolo,dugga,maiki,bengali,movie,online,hoichoi,shamyo,surrounded,his,own,lies,changes,when,he,meets,girl,uma,train,watch,one,best,comedies,bolo,dugga,maiki","watch,bolo,dugga,maiki,bengali,movie,online,hoichoi,shamyo,surrounded,own,lies,changes,he,meets,girl,uma,train,watch,one,best,comedies,bolo,dugga,maiki",16
Movies,Yeti Obhijaan,,Acquired,Bengali,India,27-04-2018,Yes,Adventure,Fantasy,Adventure Fantasy,2017,U/A 7+,2,125.4,125.4,4.3,"Prosenjit Chattopadhyay, Aryann Bhowmik",Watch Yeti Obhijaan Bengali movie online on hoichoi. Kakababu and Sontu travel to Gorokhshep Plateau and unravel the mystery behind the violent attacks of the legendary Yeti.,watch yeti obhijaan bengali movie online hoichoi kakababu sontu travel gorokhshep plateau unravel mystery behind violent attacks legendary yeti,watch yeti obhijaan bengali movie,"watch,yeti,obhijaan,bengali,movie,online,hoichoi,kakababu,sontu,travel,gorokhshep,plateau,unravel,mystery,behind,violent,attacks,legendary,yeti","watch,yeti,obhijaan,bengali,movie,online,hoichoi,kakababu,sontu,travel,gorokhshep,plateau,unravel,mystery,behind,violent,attacks,legendary,yeti",7
Movies,Bishorjon,,Acquired,Bengali,India,30-03-2018,Yes,Drama,,Drama,2017,U/A 16+,4,138,138,,"Jaya Ahsan, Abir Chatterjee, Kaushik Ganguly","Watch Bisorjon Bengali movie online on hoichoi. Bisorjon revolves around Padma, a widow who finds an injured man on the banks of a river in Bangladesh and brings him home, without knowing who he really is.",watch bisorjon bengali movie online hoichoi bisorjon revolves around padma widow who finds injured man banks river bangladesh brings him home without knowing who he really,watch bisorjon bengali movie online,"watch,bisorjon,bengali,movie,online,hoichoi,bisorjon,revolves,around,padma,widow,who,finds,injured,man,banks,river,bangladesh,brings,him,home,without,knowing,who,he,really","watch,bisorjon,bengali,movie,online,hoichoi,bisorjon,revolves,around,padma,widow,who,finds,injured,man,banks,river,bangladesh,brings,him,home,without,knowing,who,he,really",16
Movies,Shob Bhooturey,,Acquired,Bengali,India,23-03-2018,Yes,Horror,,Horror,2017,U/A 7+,2,113.5,113.5,5.2,"Abir Chatterjee, Sohini Sarkar, Ida Dasgupta","Watch Shob Bhooturey Bengali movie online on hoichoi. Aniket, along with his assistant Nandini travels to a village haunted by the spirits of children. Will Aniket be able to free the village from the curse of the ghosts ?",watch shob bhooturey bengali movie online hoichoi aniket along his assistant nandini travels village haunted spirits children will aniket able free village curse ghosts,watch shob bhooturey bengali movie,"watch,shob,bhooturey,bengali,movie,online,hoichoi,aniket,along,his,assistant,nandini,travels,village,haunted,spirits,children,will,aniket,able,free,village,curse,ghosts","watch,shob,bhooturey,bengali,movie,online,hoichoi,aniket,along,assistant,nandini,travels,village,haunted,spirits,children,aniket,able,free,village,curse,ghosts",7
Movies,Abohoman,,Acquired,Bengali,India,25-02-2018,Yes,Drama,,Drama,2010,U/A 13+,3,120.5,120.5,7.5,"Ananya Chatterjee, Mamata Shankar, Dipankar Dey, Jisshu Sengupta, Riya Sen","Watch Abohoman Bengali movie online on hoichoi. Abohoman revolves around a filmmaker who falls in love with Deepti, as she has a striking resemblence to his present wife when she was young.",watch abohoman bengali movie online hoichoi abohoman revolves around filmmaker who falls love deepti she has striking resemblence his present wife when she was young,watch abohoman bengali movie online,"watch,abohoman,bengali,movie,online,hoichoi,abohoman,revolves,around,filmmaker,who,falls,love,deepti,she,has,striking,resemblence,his,present,wife,when,she,was,young","watch,abohoman,bengali,movie,online,hoichoi,abohoman,revolves,around,filmmaker,who,falls,love,deepti,she,striking,resemblence,present,wife,she,young",13
Movies,Shob Charitro Kalponik,,Acquired,Bengali,India,26-01-2018,Yes,Drama,,Drama,2009,U/A 13+,3,97.8,97.8,6.9,"Bipasha Basu, Prosenjit Chattopadhyay, Jisshu Sengupta",Watch Shob Charitro Kalponik Bengali movie online on hoichoi. Shob Choritro Kalponik revolves around Radhika marries a famous poet Indranil Mitra. What happens when she finds that she barely knows her husband ?,watch shob charitro kalponik bengali movie online hoichoi shob choritro kalponik revolves around radhika marries famous poet indranil mitra what happens when she finds she barely knows her husband,watch shob charitro kalponik bengali,"watch,shob,charitro,kalponik,bengali,movie,online,hoichoi,shob,choritro,kalponik,revolves,around,radhika,marries,famous,poet,indranil,mitra,what,happens,when,she,finds,she,barely,knows,her,husband","watch,shob,charitro,kalponik,bengali,movie,online,hoichoi,shob,choritro,kalponik,revolves,around,radhika,marries,famous,poet,indranil,mitra,what,happens,she,finds,she,barely,knows,husband",13
Movies,Nimantran,,Acquired,Bengali,India,02-01-2018,Yes,Drama,,Drama,1971,U,1,82.3,82.3,8.7,"Anup Kumar, Jahar Roy, Sandhya Roy","Watch Nimantran Bengali movie online on hoichoi. Hiru who loves Kumudini, but is rejected by her father. Years later, Hiru returns to win Kumudini back even though he is married to someone else.",watch nimantran bengali movie online hoichoi hiru who loves kumudini but rejected her father years later hiru returns win kumudini back even though he married someone else,watch nimantran bengali movie online,"watch,nimantran,bengali,movie,online,hoichoi,hiru,who,loves,kumudini,but,rejected,her,father,years,later,hiru,returns,win,kumudini,back,even,though,he,married,someone,else","watch,nimantran,bengali,movie,online,hoichoi,hiru,who,loves,kumudini,but,rejected,father,years,later,hiru,returns,win,kumudini,back,even,though,he,married,someone,else",0
Movies,Bye Bye Bangkok,,Acquired,Bengali,,22-12-2017,Yes,Comedy,,Comedy,2011,U/A 16+,4,102.9,102.9,,"Swastika Mukherjee, Kanchan Mullick, Rudranil Ghosh","A dream trip to Bangkok led couples choosing the wrong ways to reach their destination, hiding it from their respective partners. Comically crafted with ingredients of laughter, the events follow only to end in a different flavor. Watch the full movie on Hoichoi.",dream trip bangkok led couples choosing wrong ways reach their destination hiding their respective partners comically crafted ingredients laughter events follow only end different flavor watch full movie hoichoi,dream trip bangkok led couples,"dream,trip,bangkok,led,couples,choosing,wrong,ways,reach,their,destination,hiding,their,respective,partners,comically,crafted,ingredients,laughter,events,follow,only,end,different,flavor,watch,full,movie,hoichoi","dream,trip,bangkok,led,couples,choosing,wrong,ways,reach,their,destination,hiding,their,respective,partners,comically,crafted,ingredients,laughter,events,follow,only,end,different,flavor,watch,full,movie,hoichoi",16
Movies,Adbhoot,,Acquired,Bengali,India,05-12-2017,Yes,Horror,Comedy,Horror Comedy,2013,U/A 13+,3,122.8,122.8,,"Soumitra Chatterjee, Paran Bandyopadhyay, Kharaj Mukherjee",Watch Adbhoot Bengali movie online on hoichoi. A Bengali film about a family in a 200-year old house. What happens when they sense strange happenings in the house? Watch the film online on hoichoi.,watch adbhoot bengali movie online hoichoi bengali film about family 200year old house what happens when they sense strange happenings house watch film online hoichoi,watch adbhoot bengali movie online,"watch,adbhoot,bengali,movie,online,hoichoi,bengali,film,about,family,200year,old,house,what,happens,when,they,sense,strange,happenings,house,watch,film,online,hoichoi","watch,adbhoot,bengali,movie,online,hoichoi,bengali,film,about,family,200year,old,house,what,happens,they,sense,strange,happenings,house,watch,film,online,hoichoi",13
Movies,Chupi Chupi Ashey,,Acquired,Bengali,India,05-12-2017,Yes,Detective,Mystery,Detective Mystery,1960,U/A 7+,2,146.3,146.3,6.9,"Chhabi Biswas, Robin Majumdar, Jahar Ganguly",Watch Chupi Chupi Ashey Bengali movie online on hoichoi. A Bengali film about a detective trying to stop a serial killer from committing a murder. Will he succeed? Watch the suspense thriller online on hoichoi.,watch chupi chupi ashey bengali movie online hoichoi bengali film about detective trying stop serial killer committing murder will he succeed watch suspense thriller online hoichoi,watch chupi chupi ashey bengali,"watch,chupi,chupi,ashey,bengali,movie,online,hoichoi,bengali,film,about,detective,trying,stop,serial,killer,committing,murder,will,he,succeed,watch,suspense,thriller,online,hoichoi","watch,chupi,chupi,ashey,bengali,movie,online,hoichoi,bengali,film,about,detective,trying,stop,serial,killer,committing,murder,he,succeed,watch,suspense,thriller,online,hoichoi",7
Movies,Apan Jan,,Acquired,Bengali,India,05-12-2017,Yes,Drama,,Drama,1968,U,1,146.3,146.3,8.3,"Swaroop Dutta, Samit Bhanja, Rabi Ghosh","Watch Apan Jan Bengali movie online on hoichoi. A Bengali film about a lonely widow who comes to Kolkata, where her relatives exploit her. Does she find her own people? Watch the Tapan Sinha film online on hoichoi.",watch apan jan bengali movie online hoichoi bengali film about lonely widow who comes kolkata where her relatives exploit her does she find her own people watch tapan sinha film online hoichoi,watch apan jan bengali movie,"watch,apan,jan,bengali,movie,online,hoichoi,bengali,film,about,lonely,widow,who,comes,kolkata,where,her,relatives,exploit,her,does,she,find,her,own,people,watch,tapan,sinha,film,online,hoichoi","watch,apan,jan,bengali,movie,online,hoichoi,bengali,film,about,lonely,widow,who,comes,kolkata,where,relatives,exploit,she,find,own,people,watch,tapan,sinha,film,online,hoichoi",0
Movies,Uttar Meleni,,Acquired,Bengali,India,05-12-2017,Yes,Romantic,,Romantic,1982,U,1,146.3,146.3,,"Ranjit Mallick, Dipankar Dey, Samit Bhanja",Watch Uttar Meleni Bengali movie online on hoichoi. A Bengali film about a modern womanís life-long struggles. Does society view a self-reliant woman in a positive light? Watch the Supriya Devi film on hoichoi.,watch uttar meleni bengali movie online hoichoi bengali film about modern womanís lifelong struggles does society view selfreliant woman positive light watch supriya devi film hoichoi,watch uttar meleni bengali movie,"watch,uttar,meleni,bengali,movie,online,hoichoi,bengali,film,about,modern,womanís,lifelong,struggles,does,society,view,selfreliant,woman,positive,light,watch,supriya,devi,film,hoichoi","watch,uttar,meleni,bengali,movie,online,hoichoi,bengali,film,about,modern,womanís,lifelong,struggles,society,view,selfreliant,woman,positive,light,watch,supriya,devi,film,hoichoi",0
Movies,Bidhatar Khela,,Acquired,Bengali,India,02-12-2017,Yes,Comedy,,Comedy,2001,U,1,147.1,147.1,,"Jisshu Sengupta, Ranjit Mallick, Manoj Mitra",Watch Bidhatar Khela Bengali movie online on hoichoi. A Bengali film about the story of struggles and sacrifices of a couple. What happens when they become homeless? Watch the film online on hoichoi.,watch bidhatar khela bengali movie online hoichoi bengali film about story struggles sacrifices couple what happens when they become homeless watch film online hoichoi,watch bidhatar khela bengali movie,"watch,bidhatar,khela,bengali,movie,online,hoichoi,bengali,film,about,story,struggles,sacrifices,couple,what,happens,when,they,become,homeless,watch,film,online,hoichoi","watch,bidhatar,khela,bengali,movie,online,hoichoi,bengali,film,about,story,struggles,sacrifices,couple,what,happens,they,become,homeless,watch,film,online,hoichoi",0
Movies,Rakhe Hari Mare Ke,,Acquired,Bengali,India,02-12-2017,Yes,Action,,Action,2003,U/A 7+,2,147.1,147.1,,"Prosenjit Chatterjee, Rachana Banerjee, Raima Sen",Watch Rakhe Hari Mare Ke Bengali movie online on hoichoi. A Bengali film about a man being falsely accused of a crime. What happens when he learns that he has a twin brother? Watch the film online on hoichoi.,watch rakhe hari mare ke bengali movie online hoichoi bengali film about man being falsely accused crime what happens when he learns he has twin brother watch film online hoichoi,watch rakhe hari mare ke,"watch,rakhe,hari,mare,ke,bengali,movie,online,hoichoi,bengali,film,about,man,being,falsely,accused,crime,what,happens,when,he,learns,he,has,twin,brother,watch,film,online,hoichoi","watch,rakhe,hari,mare,ke,bengali,movie,online,hoichoi,bengali,film,about,man,being,falsely,accused,crime,what,happens,he,learns,he,twin,brother,watch,film,online,hoichoi",7
Movies,Ami Je Ke Tomar,,Acquired,Bengali,India,01-12-2017,Yes,Drama,,Drama,2017,U/A 13+,3,137.7,137.7,4.7,"Ankush, Sayantika Banerjee, Nusrat Jahan","Watch Ami Je Ke Tomar Bengali movie online on hoichoi. A Bengali film about Aditya who loves his Esha, his employee. What happens when his friend, Prachi, falls for him? Watch the film online on hoichoi.",watch ami je ke tomar bengali movie online hoichoi bengali film about aditya who loves his esha his employee what happens when his friend prachi falls him watch film online hoichoi,watch ami je ke tomar,"watch,ami,je,ke,tomar,bengali,movie,online,hoichoi,bengali,film,about,aditya,who,loves,his,esha,his,employee,what,happens,when,his,friend,prachi,falls,him,watch,film,online,hoichoi","watch,ami,je,ke,tomar,bengali,movie,online,hoichoi,bengali,film,about,aditya,who,loves,esha,employee,what,happens,friend,prachi,falls,him,watch,film,online,hoichoi",13
Movies,Goopy Bagha Phire Elo,,Acquired,Bengali,India,23-11-2017,Yes,Comedy,,Comedy,1992,U,1,114.5,114.5,7.8,"Rabi Ghosh, Tapen Chatterjee, Ajit Bandyopadhyay",Watch Goopy Bagha Phire Elo Bengali movie online on hoichoi. The third film of the Goopy-Bagha trilogy as Goopy and Bagha go to the evil Brahmananda looking for a way to stay young! Watch the Satyajit Ray film online on hoichoi.,watch goopy bagha phire elo bengali movie online hoichoi third film goopybagha trilogy goopy bagha go evil brahmananda looking way stay young watch satyajit ray film online hoichoi,watch goopy bagha phire elo,"watch,goopy,bagha,phire,elo,bengali,movie,online,hoichoi,third,film,goopybagha,trilogy,goopy,bagha,go,evil,brahmananda,looking,way,stay,young,watch,satyajit,ray,film,online,hoichoi","watch,goopy,bagha,phire,elo,bengali,movie,online,hoichoi,third,film,goopybagha,trilogy,goopy,bagha,go,evil,brahmananda,looking,way,stay,young,watch,satyajit,ray,film,online,hoichoi",0
Movies,Chotushkone,,Acquired,Bengali,India,22-11-2017,Yes,Thriller,,Thriller,2014,U/A 16+,4,114.5,114.5,8.2,"Aparna Sen, Parambrata Chatterjee, Chiranjeet, Gautam Ghose","Watch Chotushkone Bengali movie online on hoichoi. A Srijit Mukherji thriller about four directors teaming up to make one film with four stories, all connected by death. Watch the Bengali movie online on hoichoi.",watch chotushkone bengali movie online hoichoi srijit mukherji thriller about four directors teaming up make one film four stories all connected death watch bengali movie online hoichoi,watch chotushkone bengali movie online,"watch,chotushkone,bengali,movie,online,hoichoi,srijit,mukherji,thriller,about,four,directors,teaming,up,make,one,film,four,stories,all,connected,death,watch,bengali,movie,online,hoichoi","watch,chotushkone,bengali,movie,online,hoichoi,srijit,mukherji,thriller,about,four,directors,teaming,up,make,one,film,four,stories,all,connected,death,watch,bengali,movie,online,hoichoi",16
Movies,Jaatishwar,,Acquired,Bengali,India,21-11-2017,Yes,Drama,Musical,Drama Musical,2014,U/A 7+,2,147.6,147.6,6.5,"Prosenjit Chatterjee, Jisshu Sengupta, Swastika Mukherjee, Srijit Mukherji","Watch Jaatishwar Bengali movie online on hoichoi. A film about a music student who gets curious about a Bengali poet Anthony Firingee. But, will music help him find love? Watch the Bengali movie online on hoichoi.",watch jaatishwar bengali movie online hoichoi film about music student who gets curious about bengali poet anthony firingee but will music help him find love watch bengali movie online hoichoi,watch jaatishwar bengali movie online,"watch,jaatishwar,bengali,movie,online,hoichoi,film,about,music,student,who,gets,curious,about,bengali,poet,anthony,firingee,but,will,music,help,him,find,love,watch,bengali,movie,online,hoichoi","watch,jaatishwar,bengali,movie,online,hoichoi,film,about,music,student,who,gets,curious,about,bengali,poet,anthony,firingee,but,music,help,him,find,love,watch,bengali,movie,online,hoichoi",7
Movies,Bhokter Maa,,Acquired,Bengali,India,08-11-2017,Yes,Devotional,,Devotional,1998,U,1,165.1,165.1,,"Manoj Das, Priyanvada Roy, Anu Choudhari",Watch Bhokter Maa Bengali movie online on hoichoi. A mythological film based on the Hindu legend of the war of the gods against the demons torturing the people on earth. Watch the Bengali film online on hoichoi.,watch bhokter maa bengali movie online hoichoi mythological film based hindu legend war gods against demons torturing people earth watch bengali film online hoichoi,watch bhokter maa bengali movie,"watch,bhokter,maa,bengali,movie,online,hoichoi,mythological,film,based,hindu,legend,war,gods,against,demons,torturing,people,earth,watch,bengali,film,online,hoichoi","watch,bhokter,maa,bengali,movie,online,hoichoi,mythological,film,based,hindu,legend,war,gods,against,demons,torturing,people,earth,watch,bengali,film,online,hoichoi",0
Movies,Ebar Shabor,,Acquired,Bengali,India,07-11-2017,Yes,Detective,Mystery,Detective Mystery,2015,U/A 16+,4,125.3,125.3,,"Saswata Chatterjee, Swastika Mukherjee, Abir Chatterjee","Watch Ebar Shobor Bengali movie online on hoichoi. The first film of Arindam Silís Goenda Shabor series, in which ACP Shabor investigates the death of a woman in a party. Watch the Saswata Chatterjee film on hoichoi.",watch ebar shobor bengali movie online hoichoi first film arindam silís goenda shabor series which acp shabor investigates death woman party watch saswata chatterjee film hoichoi,watch ebar shobor bengali movie,"watch,ebar,shobor,bengali,movie,online,hoichoi,first,film,arindam,silís,goenda,shabor,series,which,acp,shabor,investigates,death,woman,party,watch,saswata,chatterjee,film,hoichoi","watch,ebar,shobor,bengali,movie,online,hoichoi,first,film,arindam,silís,goenda,shabor,series,which,acp,shabor,investigates,death,woman,party,watch,saswata,chatterjee,film,hoichoi",16
Movies,Bunohaansh,,Acquired,Bengali,India,07-11-2017,Yes,Thriller,Psychological,Thriller Psychological,2014,U/A 16+,4,141.9,141.9,6.6,"Dev, Srabanti, Tnusree C",Watch Bunohaansh Bengali movie online on hoichoi. A Bengali film about a poor security guard who wants to earn some quick money. Will he get trapped in darkness? Watch the film starring Dev on hoichoi.,watch bunohaansh bengali movie online hoichoi bengali film about poor security guard who wants earn some quick money will he get trapped darkness watch film starring dev hoichoi,watch bunohaansh bengali movie online,"watch,bunohaansh,bengali,movie,online,hoichoi,bengali,film,about,poor,security,guard,who,wants,earn,some,quick,money,will,he,get,trapped,darkness,watch,film,starring,dev,hoichoi","watch,bunohaansh,bengali,movie,online,hoichoi,bengali,film,about,poor,security,guard,who,wants,earn,some,quick,money,he,get,trapped,darkness,watch,film,starring,dev,hoichoi",16
Movies,Dhanni Meye,,Acquired,Bengali,India,07-11-2017,Yes,Comedy,,Comedy,1971,U,1,132.2,132.2,6.8,"Uttam Kumar, Sabitri Chatterjee, Jaya Bachchan",Watch Dhanni Meye Bengali movie online on hoichoi. A romatic comedy around football narrating a young coupleís story of getting married because of a village tournament. Watch the bengali film online on hoichoi.,watch dhanni meye bengali movie online hoichoi romatic comedy around football narrating young coupleís story getting married because village tournament watch bengali film online hoichoi,watch dhanni meye bengali movie,"watch,dhanni,meye,bengali,movie,online,hoichoi,romatic,comedy,around,football,narrating,young,coupleís,story,getting,married,because,village,tournament,watch,bengali,film,online,hoichoi","watch,dhanni,meye,bengali,movie,online,hoichoi,romatic,comedy,around,football,narrating,young,coupleís,story,getting,married,because,village,tournament,watch,bengali,film,online,hoichoi",0
Movies,Gogoler Kirti,,Acquired,Bengali,India,07-11-2017,Yes,Drama,,Drama,2014,U/A 7+,2,119.7,119.7,6,"Ahijit Ghosh, Indraneil Sengupta, Vikram Chatterjee",Watch Gogoler Kirti Bengali movie online on hoichoi. A Bengali movie about child detective Gogol who finds a statue missing from his friendís mansion during Durga Puja. Watch the film online on hoichoi.,watch gogoler kirti bengali movie online hoichoi bengali movie about child detective gogol who finds statue missing his friendís mansion during durga puja watch film online hoichoi,watch gogoler kirti bengali movie,"watch,gogoler,kirti,bengali,movie,online,hoichoi,bengali,movie,about,child,detective,gogol,who,finds,statue,missing,his,friendís,mansion,during,durga,puja,watch,film,online,hoichoi","watch,gogoler,kirti,bengali,movie,online,hoichoi,bengali,movie,about,child,detective,gogol,who,finds,statue,missing,friendís,mansion,during,durga,puja,watch,film,online,hoichoi",7
Movies,Boudi.Com,,Acquired,Bengali,India,07-11-2017,Yes,Drama,,Drama,2015,U/A 7+,2,136.7,136.7,,"Rachana Banerjee, Saswata Chatterjee, Kanchan Mullick","Watch Boudi.Com Bengali movie online on hoichoi. A Bengali comedy about a womanís relationship with her four brothers-in-law, highlighting womenís role in society. Watch the film online on hoichoi.",watch boudicom bengali movie online hoichoi bengali comedy about womanís relationship her four brothersinlaw highlighting womenís role society watch film online hoichoi,watch boudicom bengali movie online,"watch,boudicom,bengali,movie,online,hoichoi,bengali,comedy,about,womanís,relationship,her,four,brothersinlaw,highlighting,womenís,role,society,watch,film,online,hoichoi","watch,boudicom,bengali,movie,online,hoichoi,bengali,comedy,about,womanís,relationship,four,brothersinlaw,highlighting,womenís,role,society,watch,film,online,hoichoi",7
Movies,Mon Churi,,Acquired,Bengali,India,07-11-2017,Yes,Comedy,,Comedy,2015,U/A 7+,2,122.4,122.4,6,"Saswata Chatterjee, Biswanath Basu, Kharaj Mukherjee","Watch Mon Churi Bengali movie online on hoichoi. A Bengali comedy film about two menís experiences of joining a school for thieves, and meeting an aspiring minister. Watch the film online on hoichoi.",watch mon churi bengali movie online hoichoi bengali comedy film about two menís experiences joining school thieves meeting aspiring minister watch film online hoichoi,watch mon churi bengali movie,"watch,mon,churi,bengali,movie,online,hoichoi,bengali,comedy,film,about,two,menís,experiences,joining,school,thieves,meeting,aspiring,minister,watch,film,online,hoichoi","watch,mon,churi,bengali,movie,online,hoichoi,bengali,comedy,film,about,two,menís,experiences,joining,school,thieves,meeting,aspiring,minister,watch,film,online,hoichoi",7
Movies,Half Serious,,Acquired,Bengali,India,07-11-2017,Yes,Comedy,,Comedy,2013,U/A 7+,2,121.8,121.8,,"Roopa Ganguly, Silajit Majumder, Ridhima Ghosh","Watch Half Serious Bengali movie online on hoichoi. A Bengali satire mocking situations like inequality and violence on women, through the story of a female filmmaker. Watch the film online on hoichoi.",watch half serious bengali movie online hoichoi bengali satire mocking situations like inequality violence women through story female filmmaker watch film online hoichoi,watch half serious bengali movie,"watch,half,serious,bengali,movie,online,hoichoi,bengali,satire,mocking,situations,like,inequality,violence,women,through,story,female,filmmaker,watch,film,online,hoichoi","watch,half,serious,bengali,movie,online,hoichoi,bengali,satire,mocking,situations,like,inequality,violence,women,through,story,female,filmmaker,watch,film,online,hoichoi",7
Movies,Banku Babu,,Acquired,Bengali,India,07-11-2017,Yes,Comedy,,Comedy,2014,U/A 7+,2,143.8,143.8,,"Saswata Chatterjee, Arjun Chakraborty, Laboni Sarkar","Watch Banku Babu Bengali movie online on hoichoi. A Bengali comedy about a 70-year old man who is forced by a black marketeer to sell his house, resulting in a fight. Watch the film online on hoichoi.",watch banku babu bengali movie online hoichoi bengali comedy about 70year old man who forced black marketeer sell his house resulting fight watch film online hoichoi,watch banku babu bengali movie,"watch,banku,babu,bengali,movie,online,hoichoi,bengali,comedy,about,70year,old,man,who,forced,black,marketeer,sell,his,house,resulting,fight,watch,film,online,hoichoi","watch,banku,babu,bengali,movie,online,hoichoi,bengali,comedy,about,70year,old,man,who,forced,black,marketeer,sell,house,resulting,fight,watch,film,online,hoichoi",7
Movies,Meghe Dhaka Tara (1960),,Acquired,Bengali,India,07-11-2017,Yes,Drama,Social,Drama Social,1960,U/A 13+,3,160,160,7.8,"Supriya Devi, Anil Chatterjee, Gita Ghatak, Ritwik Ghatak",Watch Meghe Dhaka Tara (1960) Bengali movie online on hoichoi. A Ritwik Ghatak masterpiece about a woman from a refugee family. Will her family appreciate her sacrifices? Watch the Bengali movie online on hoichoi.,watch meghe dhaka tara 1960 bengali movie online hoichoi ritwik ghatak masterpiece about woman refugee family will her family appreciate her sacrifices watch bengali movie online hoichoi,watch meghe dhaka tara 1960,"watch,meghe,dhaka,tara,1960,bengali,movie,online,hoichoi,ritwik,ghatak,masterpiece,about,woman,refugee,family,will,her,family,appreciate,her,sacrifices,watch,bengali,movie,online,hoichoi","watch,meghe,dhaka,tara,1960,bengali,movie,online,hoichoi,ritwik,ghatak,masterpiece,about,woman,refugee,family,family,appreciate,sacrifices,watch,bengali,movie,online,hoichoi",13
Movies,Rajlakshmi O Srikanta,,Acquired,Bengali,India,07-11-2017,Yes,Drama,,Drama,1958,U/A 7+,2,132.6,132.6,6.4,"Uttam Kumar, Suchitra Sen, Tulsi Chakraborty","Watch Rajlakshmi O Srikanta Bengali movie online on hoichoi. A Bengali film about Srikanta crossing paths with Pyaribai and discovers that she is his childhood love, Rajlakshmi. Watch the adaptation of the classic novel on hoichoi.",watch rajlakshmi o srikanta bengali movie online hoichoi bengali film about srikanta crossing paths pyaribai discovers she his childhood love rajlakshmi watch adaptation classic novel hoichoi,watch rajlakshmi o srikanta bengali,"watch,rajlakshmi,o,srikanta,bengali,movie,online,hoichoi,bengali,film,about,srikanta,crossing,paths,pyaribai,discovers,she,his,childhood,love,rajlakshmi,watch,adaptation,classic,novel,hoichoi","watch,rajlakshmi,o,srikanta,bengali,movie,online,hoichoi,bengali,film,about,srikanta,crossing,paths,pyaribai,discovers,she,childhood,love,rajlakshmi,watch,adaptation,classic,novel,hoichoi",7
Movies,Bagh Bondi Khela,,Acquired,Bengali,India,07-11-2017,Yes,Drama,,Drama,1975,U/A 7+,2,126.9,126.9,,"Uttam Kumar, Partha Mukherjee, Supriya Devi",Watch Bagh Bondi Khela Bengali movie online on hoichoi. A Bengali film about a troubled father-son relationship. Will Rajesh stand up against his fatherís illegal crimes? Watch the Uttam-Supriya film online on hoichoi.,watch bagh bondi khela bengali movie online hoichoi bengali film about troubled fatherson relationship will rajesh stand up against his fatherís illegal crimes watch uttamsupriya film online hoichoi,watch bagh bondi khela bengali,"watch,bagh,bondi,khela,bengali,movie,online,hoichoi,bengali,film,about,troubled,fatherson,relationship,will,rajesh,stand,up,against,his,fatherís,illegal,crimes,watch,uttamsupriya,film,online,hoichoi","watch,bagh,bondi,khela,bengali,movie,online,hoichoi,bengali,film,about,troubled,fatherson,relationship,rajesh,stand,up,against,fatherís,illegal,crimes,watch,uttamsupriya,film,online,hoichoi",7
Movies,Nagarik,,Acquired,Bengali,India,07-11-2017,Yes,Thriller,Mystery,Thriller Mystery,1977,U/A 7+,2,112.5,112.5,,"Satindra Bhattacharya, Prova Debi, Kali Banerjee, Ritwik Ghatak",Watch Nagarik Bengali movie online on hoichoi. A Bengali film about the dream of Ramu and Uma to build a happy life together. Will they beat all obstacles? Watch the film online on hoichoi.,watch nagarik bengali movie online hoichoi bengali film about dream ramu uma build happy life together will they beat all obstacles watch film online hoichoi,watch nagarik bengali movie online,"watch,nagarik,bengali,movie,online,hoichoi,bengali,film,about,dream,ramu,uma,build,happy,life,together,will,they,beat,all,obstacles,watch,film,online,hoichoi","watch,nagarik,bengali,movie,online,hoichoi,bengali,film,about,dream,ramu,uma,build,happy,life,together,they,beat,all,obstacles,watch,film,online,hoichoi",7
Movies,Barood,,Acquired,Bengali,India,07-11-2017,Yes,Action,Crime,Action Crime,2004,U/A 13+,3,142.2,142.2,8,"Mithun Chakraborty, Usha Sree, Rajatava Dutta",Watch Barood Bengali movie online on hoichoi. A Bengali action film about an honest cop who gets involved with corrupt politicians. Will he stand up for justice? Watch the film online on hoichoi.,watch barood bengali movie online hoichoi bengali action film about honest cop who gets involved corrupt politicians will he stand up justice watch film online hoichoi,watch barood bengali movie online,"watch,barood,bengali,movie,online,hoichoi,bengali,action,film,about,honest,cop,who,gets,involved,corrupt,politicians,will,he,stand,up,justice,watch,film,online,hoichoi","watch,barood,bengali,movie,online,hoichoi,bengali,action,film,about,honest,cop,who,gets,involved,corrupt,politicians,he,stand,up,justice,watch,film,online,hoichoi",13
Movies,Aghat,,Acquired,Bengali,India,07-11-2017,Yes,Drama,,Drama,2001,U/A 13+,3,159.2,159.2,,"Prosenjit Chatterjee, Rituparna Sengupta, Subhashish Mukherjee",Watch Aghat Bengali movie online on hoichoi. A Bengali film about the story of Subho who seeks revenge for the murder of his mother. How does his life turn out? Watch the film online on hoichoi.,watch aghat bengali movie online hoichoi bengali film about story subho who seeks revenge murder his mother how does his life turn out watch film online hoichoi,watch aghat bengali movie online,"watch,aghat,bengali,movie,online,hoichoi,bengali,film,about,story,subho,who,seeks,revenge,murder,his,mother,how,does,his,life,turn,out,watch,film,online,hoichoi","watch,aghat,bengali,movie,online,hoichoi,bengali,film,about,story,subho,who,seeks,revenge,murder,mother,how,life,turn,out,watch,film,online,hoichoi",13
Movies,Debdoot,,Acquired,Bengali,India,07-11-2017,Yes,Drama,,Drama,2005,U/A 7+,2,151,151,7.4,"Mithun Chakraborty, Sreelekha Mitra, Rajeshwari Datta","Watch Debdoot Bengali movie online on hoichoi. A Bengali film on sibling love, told through a truck driverís efforts to save his brothers from an evil businessman. Watch the film online on hoichoi.",watch debdoot bengali movie online hoichoi bengali film sibling love told through truck driverís efforts save his brothers evil businessman watch film online hoichoi,watch debdoot bengali movie online,"watch,debdoot,bengali,movie,online,hoichoi,bengali,film,sibling,love,told,through,truck,driverís,efforts,save,his,brothers,evil,businessman,watch,film,online,hoichoi","watch,debdoot,bengali,movie,online,hoichoi,bengali,film,sibling,love,told,through,truck,driverís,efforts,save,brothers,evil,businessman,watch,film,online,hoichoi",7
Movies,Sathi Aamar,,Acquired,Bengali,India,07-11-2017,Yes,Romantic,,Romantic,2005,U/A 7+,2,134.4,134.4,,"Prosenjit Chatterjee, Rachana Banerjee, Laboni Sarkar",Watch Sathi Aamar Bengali movie online on hoichoi. A Bengali film about a couple in love who are of different religious backgrounds. Will they succeed in staying together? Watch the Prosenjit Chatterjee film on hoichoi.,watch sathi aamar bengali movie online hoichoi bengali film about couple love who are different religious backgrounds will they succeed staying together watch prosenjit chatterjee film hoichoi,watch sathi aamar bengali movie,"watch,sathi,aamar,bengali,movie,online,hoichoi,bengali,film,about,couple,love,who,are,different,religious,backgrounds,will,they,succeed,staying,together,watch,prosenjit,chatterjee,film,hoichoi","watch,sathi,aamar,bengali,movie,online,hoichoi,bengali,film,about,couple,love,who,different,religious,backgrounds,they,succeed,staying,together,watch,prosenjit,chatterjee,film,hoichoi",7
Movies,Jomer Raja Dilo Bor,,Acquired,Bengali,India,01-11-2017,Yes,Romantic,,Romantic,2015,U/A 13+,3,139.4,139.4,5.2,"Abir Chatterjee, Paayel Sarkar, Rajatava Dutta","Watch Jomer Raja Dilo Bor Bengali movie online on hoichoi. A Bengali romcom that narrates how Ria finds Deb dead a day after their wedding, and tries to bring him back! Watch the Abir Chatterjee film online on hoichoi.",watch jomer raja dilo bor bengali movie online hoichoi bengali romcom narrates how ria finds deb dead day after their wedding tries bring him back watch abir chatterjee film online hoichoi,watch jomer raja dilo bor,"watch,jomer,raja,dilo,bor,bengali,movie,online,hoichoi,bengali,romcom,narrates,how,ria,finds,deb,dead,day,after,their,wedding,tries,bring,him,back,watch,abir,chatterjee,film,online,hoichoi","watch,jomer,raja,dilo,bor,bengali,movie,online,hoichoi,bengali,romcom,narrates,how,ria,finds,deb,dead,day,after,their,wedding,tries,bring,him,back,watch,abir,chatterjee,film,online,hoichoi",13
Movies,Khoj,,Acquired,Bengali,India,17-03-2022,Yes,Thriller,Crime,Thriller Crime,2017,U/A 16+,4,115.1,115.1,,"Vikram Chatterjee, Shataf Figar, Susmita Dey","Watch Khoj Bengali movie online on hoichoi. In this Bengali thriller movie, inspector Sayan looks for a doctorís missing wife, only to reveal some shocking secrets. Watch the Vikram Chatterjee film on hoichoi.",watch khoj bengali movie online hoichoi bengali thriller movie inspector sayan looks doctorís missing wife only reveal some shocking secrets watch vikram chatterjee film hoichoi,watch khoj bengali movie online,"watch,khoj,bengali,movie,online,hoichoi,bengali,thriller,movie,inspector,sayan,looks,doctorís,missing,wife,only,reveal,some,shocking,secrets,watch,vikram,chatterjee,film,hoichoi","watch,khoj,bengali,movie,online,hoichoi,bengali,thriller,movie,inspector,sayan,looks,doctorís,missing,wife,only,reveal,some,shocking,secrets,watch,vikram,chatterjee,film,hoichoi",16
Movies,One,,Acquired,Bengali,India,19-10-2017,Yes,Thriller,Action,Thriller Action,2017,U/A 16+,4,150.2,150.2,,"Prosenjit Chatterjee, Nusrat Jahan, Yash Dasgupta",Watch One Bengali movie online on hoichoi. A Bengali thriller about a police officer who suspects a business mogul of committing crimes. Will he uncover the truth? Watch the film online on hoichoi.,watch one bengali movie online hoichoi bengali thriller about police officer who suspects business mogul committing crimes will he uncover truth watch film online hoichoi,watch one bengali movie online,"watch,one,bengali,movie,online,hoichoi,bengali,thriller,about,police,officer,who,suspects,business,mogul,committing,crimes,will,he,uncover,truth,watch,film,online,hoichoi","watch,one,bengali,movie,online,hoichoi,bengali,thriller,about,police,officer,who,suspects,business,mogul,committing,crimes,he,uncover,truth,watch,film,online,hoichoi",16
Movies,Thammar Boyfriend,,Acquired,Bengali,India,19-10-2017,Yes,Comedy,,Comedy,2016,U/A 7+,2,118.3,118.3,6,"Abir Chatterjee, Sabitri Chatterjee, Arunima Ghosh",Watch Thammar Boyfriend Bengali movie online on hoichoi. A Bengali comedy about a seventy-five years old woman brings home her young boyfriend. How does her family react? Watch the film online on hoichoi.,watch thammar boyfriend bengali movie online hoichoi bengali comedy about seventyfive years old woman brings home her young boyfriend how does her family react watch film online hoichoi,watch thammar boyfriend bengali movie,"watch,thammar,boyfriend,bengali,movie,online,hoichoi,bengali,comedy,about,seventyfive,years,old,woman,brings,home,her,young,boyfriend,how,does,her,family,react,watch,film,online,hoichoi","watch,thammar,boyfriend,bengali,movie,online,hoichoi,bengali,comedy,about,seventyfive,years,old,woman,brings,home,young,boyfriend,how,family,react,watch,film,online,hoichoi",7
Movies,Tomake Chai (2017),,Acquired,Bengali,India,19-10-2017,Yes,Romantic,,Romantic,2017,U/A 13+,3,141,141,4.7,"Bonny, Koushani, Laboni Sarkar",Watch Tomake Chai (2017) Bengali movie online on hoichoi. A Bengali film about the love story of couple facing a life-changing incident on the wedding day. Will they survive? Watch the Bonny-Koushani film on hoichoi.,watch tomake chai 2017 bengali movie online hoichoi bengali film about love story couple facing lifechanging incident wedding day will they survive watch bonnykoushani film hoichoi,watch tomake chai 2017 bengali,"watch,tomake,chai,2017,bengali,movie,online,hoichoi,bengali,film,about,love,story,couple,facing,lifechanging,incident,wedding,day,will,they,survive,watch,bonnykoushani,film,hoichoi","watch,tomake,chai,2017,bengali,movie,online,hoichoi,bengali,film,about,love,story,couple,facing,lifechanging,incident,wedding,day,they,survive,watch,bonnykoushani,film,hoichoi",13
Movies,Gate 2 Gether,,Acquired,Bengali,India,19-10-2017,Yes,Drama,,Drama,2011,U/A 13+,3,118,118,,"Rahul Banerjee, Priyanka Sarkar, Saswata Chatterjee","Watch Gate 2 Gether Bengali movie online on hoichoi. A Bengali film about the love blooming between long lost friends Rik and Diya. But, Diya is already in a relationship. Watch the film online on hoichoi.",watch gate 2 gether bengali movie online hoichoi bengali film about love blooming between long lost friends rik diya but diya already relationship watch film online hoichoi,watch gate 2 gether bengali,"watch,gate,2,gether,bengali,movie,online,hoichoi,bengali,film,about,love,blooming,between,long,lost,friends,rik,diya,but,diya,already,relationship,watch,film,online,hoichoi","watch,gate,2,gether,bengali,movie,online,hoichoi,bengali,film,about,love,blooming,between,long,lost,friends,rik,diya,but,diya,already,relationship,watch,film,online,hoichoi",13
Movies,Titli,,Acquired,Bengali,India,17-10-2017,Yes,Drama,,Drama,2002,U/A 7+,2,103.8,103.8,7.6,"Aparna Sen, Mithun Chakraborty, Konkona Sen Sharma, Rituparno Ghosh","Watch Titli Bengali movie online on hoichoi. A Bengali film about a teenager, Titli, who meets her favourite superstar at an airport. Is he exactly how she imagined? Watch the Rituparno Ghosh film online on hoichoi.",watch titli bengali movie online hoichoi bengali film about teenager titli who meets her favourite superstar airport he exactly how she imagined watch rituparno ghosh film online hoichoi,watch titli bengali movie online,"watch,titli,bengali,movie,online,hoichoi,bengali,film,about,teenager,titli,who,meets,her,favourite,superstar,airport,he,exactly,how,she,imagined,watch,rituparno,ghosh,film,online,hoichoi","watch,titli,bengali,movie,online,hoichoi,bengali,film,about,teenager,titli,who,meets,favourite,superstar,airport,he,exactly,how,she,imagined,watch,rituparno,ghosh,film,online,hoichoi",7
Movies,Utsab,,Acquired,Bengali,India,17-10-2017,Yes,Drama,Family,Drama Family,2000,U/A 16+,4,116.7,116.7,,"Prosenjit Chatterjee, Rituparna Sengupta, Mamata Shankar, Madhabi Mukherjee",Watch Utsab Bengali movie online on hoichoi. A Bengali film about two sisters bringing the family together for Durga Puja. But is everyone in the mood to celebrate? Watch the film online on hoichoi.,watch utsab bengali movie online hoichoi bengali film about two sisters bringing family together durga puja but everyone mood celebrate watch film online hoichoi,watch utsab bengali movie online,"watch,utsab,bengali,movie,online,hoichoi,bengali,film,about,two,sisters,bringing,family,together,durga,puja,but,everyone,mood,celebrate,watch,film,online,hoichoi","watch,utsab,bengali,movie,online,hoichoi,bengali,film,about,two,sisters,bringing,family,together,durga,puja,but,everyone,mood,celebrate,watch,film,online,hoichoi",16
Movies,Hrid Majharey,,Acquired,Bengali,India,17-10-2017,Yes,Drama,Romantic,Drama Romantic,2014,U/A 13+,3,117.3,117.3,6.4,"Abir Chatterjee, Raima Sen, Arun Mukherjee",Watch Hrid Majharey Bengali movie online on hoichoi. A Bengali film about a college professor who is warned to stay away from love. Will love cause tragedies in his life? Watch the film online on hoichoi.,watch hrid majharey bengali movie online hoichoi bengali film about college professor who warned stay away love will love cause tragedies his life watch film online hoichoi,watch hrid majharey bengali movie,"watch,hrid,majharey,bengali,movie,online,hoichoi,bengali,film,about,college,professor,who,warned,stay,away,love,will,love,cause,tragedies,his,life,watch,film,online,hoichoi","watch,hrid,majharey,bengali,movie,online,hoichoi,bengali,film,about,college,professor,who,warned,stay,away,love,love,cause,tragedies,life,watch,film,online,hoichoi",13
Movies,Chowringhee,,Acquired,Bengali,India,17-10-2017,Yes,Drama,,Drama,1968,U/A 7+,2,159.2,159.2,7.7,"Uttam Kumar, Supriya Devi, Anjana Bhowmik, Utpal Dutt",Watch Chowringhee Bengali movie online on hoichoi. A Bengali film about an authorís account of the tragic lives of the people associated with a reputed hotel in Kolkata. Watch the classic film on hoichoi.,watch chowringhee bengali movie online hoichoi bengali film about authorís account tragic lives people associated reputed hotel kolkata watch classic film hoichoi,watch chowringhee bengali movie online,"watch,chowringhee,bengali,movie,online,hoichoi,bengali,film,about,authorís,account,tragic,lives,people,associated,reputed,hotel,kolkata,watch,classic,film,hoichoi","watch,chowringhee,bengali,movie,online,hoichoi,bengali,film,about,authorís,account,tragic,lives,people,associated,reputed,hotel,kolkata,watch,classic,film,hoichoi",7
Movies,Protarak,,Acquired,Bengali,India,17-10-2017,Yes,Action,,Action,2002,U/A 7+,2,145.8,145.8,,"Prosenjit Chatterjee, Dipankar Dey, Arpita Pal","Watch Protarak Bengali movie online on hoichoi. A Bengali film about a man going to the city for a real estate project. But, someone is planning to murder him. Watch the Prosenjit Chatterjee film online on hoichoi.",watch protarak bengali movie online hoichoi bengali film about man going city real estate project but someone planning murder him watch prosenjit chatterjee film online hoichoi,watch protarak bengali movie online,"watch,protarak,bengali,movie,online,hoichoi,bengali,film,about,man,going,city,real,estate,project,but,someone,planning,murder,him,watch,prosenjit,chatterjee,film,online,hoichoi","watch,protarak,bengali,movie,online,hoichoi,bengali,film,about,man,going,city,real,estate,project,but,someone,planning,murder,him,watch,prosenjit,chatterjee,film,online,hoichoi",7
Movies,Minister Fatakesto,,Acquired,Bengali,India,17-10-2017,Yes,Action,,Action,2007,U/A 7+,2,138,138,6.1,"Mithun Chakraborty, Koel, Soumitra Chatterjee","Watch Minister Fatakesto Bengali movie online on hoichoi. A Bengali movie about MLA-turned-home minister Fatakeshto who believes in doing good for people, despite all obstacles. Watch the Mithun Chakraborty hit on hoichoi.",watch minister fatakesto bengali movie online hoichoi bengali movie about mlaturnedhome minister fatakeshto who believes doing good people despite all obstacles watch mithun chakraborty hit hoichoi,watch minister fatakesto bengali movie,"watch,minister,fatakesto,bengali,movie,online,hoichoi,bengali,movie,about,mlaturnedhome,minister,fatakeshto,who,believes,doing,good,people,despite,all,obstacles,watch,mithun,chakraborty,hit,hoichoi","watch,minister,fatakesto,bengali,movie,online,hoichoi,bengali,movie,about,mlaturnedhome,minister,fatakeshto,who,believes,doing,good,people,despite,all,obstacles,watch,mithun,chakraborty,hit,hoichoi",7
Movies,Agnipath,,Acquired,Bengali,India,17-10-2017,Yes,Action,,Action,2005,U/A 13+,3,155.9,155.9,8.1,"Inder Kumar, Laboni Sarkar, Biplab Chatterjee",Watch Agnipath Bengali movie online on hoichoi. A Bengali film about three brothers who share a close bond. What happens when one of them gets killed? Watch the family drama online on hoichoi.,watch agnipath bengali movie online hoichoi bengali film about three brothers who share close bond what happens when one them gets killed watch family drama online hoichoi,watch agnipath bengali movie online,"watch,agnipath,bengali,movie,online,hoichoi,bengali,film,about,three,brothers,who,share,close,bond,what,happens,when,one,them,gets,killed,watch,family,drama,online,hoichoi","watch,agnipath,bengali,movie,online,hoichoi,bengali,film,about,three,brothers,who,share,close,bond,what,happens,one,them,gets,killed,watch,family,drama,online,hoichoi",13
Movies,Sita,,Acquired,Bengali,India,14-10-2017,Yes,Drama,Mythological,Drama Mythological,1980,U,1,135.1,135.1,,"Bipin Gupta, Nirmal Ghosh, Gita Dey","Watch Sita Bengali movie online on hoichoi. A Bengali mythological film based on the epic, Ramayana, focusing on the tragic life of Lord Ramaís wife, Sita Devi. Watch the full movie online on hoichoi.",watch sita bengali movie online hoichoi bengali mythological film based epic ramayana focusing tragic life lord ramaís wife sita devi watch full movie online hoichoi,watch sita bengali movie online,"watch,sita,bengali,movie,online,hoichoi,bengali,mythological,film,based,epic,ramayana,focusing,tragic,life,lord,ramaís,wife,sita,devi,watch,full,movie,online,hoichoi","watch,sita,bengali,movie,online,hoichoi,bengali,mythological,film,based,epic,ramayana,focusing,tragic,life,lord,ramaís,wife,sita,devi,watch,full,movie,online,hoichoi",0
Movies,Charmurti,,Acquired,Bengali,India,11-10-2017,Yes,Comedy,Drama,Comedy Drama,1978,U/A 7+,2,118.7,118.7,,"Chinmoy Roy, Rabi Ghosh, Satya Banerjee, Santosh Dutta",Watch Charmurti Bengali movie online on hoichoi. A Bangla comedy about Tenida and his friends investigating the mystery of a haunted house. A laugh riot like no other! Watch the film online on hoichoi.,watch charmurti bengali movie online hoichoi bangla comedy about tenida his friends investigating mystery haunted house laugh riot like no other watch film online hoichoi,watch charmurti bengali movie online,"watch,charmurti,bengali,movie,online,hoichoi,bangla,comedy,about,tenida,his,friends,investigating,mystery,haunted,house,laugh,riot,like,no,other,watch,film,online,hoichoi","watch,charmurti,bengali,movie,online,hoichoi,bangla,comedy,about,tenida,friends,investigating,mystery,haunted,house,laugh,riot,like,no,other,watch,film,online,hoichoi",7
Movies,Basanta Bilap,,Acquired,Bengali,India,11-10-2017,Yes,Romantic,Comedy,Romantic Comedy,1973,U,1,117.9,117.9,8,"Aparna Sen, Soumitra Chatterjee, Chinmoy Roy, Rabi Ghosh",Watch Basanta Bilap Bengali movie online on hoichoi. A Bengali romcom about a huge but hilarious rivalry between the men and women living in a hostel - until love strikes! Watch the full movie online on hoichoi.,watch basanta bilap bengali movie online hoichoi bengali romcom about huge but hilarious rivalry between men women living hostel until love strikes watch full movie online hoichoi,watch basanta bilap bengali movie,"watch,basanta,bilap,bengali,movie,online,hoichoi,bengali,romcom,about,huge,but,hilarious,rivalry,between,men,women,living,hostel,until,love,strikes,watch,full,movie,online,hoichoi","watch,basanta,bilap,bengali,movie,online,hoichoi,bengali,romcom,about,huge,but,hilarious,rivalry,between,men,women,living,hostel,until,love,strikes,watch,full,movie,online,hoichoi",0
Movies,Jhinder Bondi,,Acquired,Bengali,India,11-10-2017,Yes,Drama,,Drama,1968,U/A 7+,2,103.8,103.8,,"Uttam Kumar, Soumitra Chatterjee, Arundhati Devi",Watch Jhinder Bondi Bengali movie online on hoichoi. A Bengali film about the king of Jhind being replaced by a look-alike after the kingís evil brother makes him disappear. Watch the film online on hoichoi.,watch jhinder bondi bengali movie online hoichoi bengali film about king jhind being replaced lookalike after kingís evil brother makes him disappear watch film online hoichoi,watch jhinder bondi bengali movie,"watch,jhinder,bondi,bengali,movie,online,hoichoi,bengali,film,about,king,jhind,being,replaced,lookalike,after,kingís,evil,brother,makes,him,disappear,watch,film,online,hoichoi","watch,jhinder,bondi,bengali,movie,online,hoichoi,bengali,film,about,king,jhind,being,replaced,lookalike,after,kingís,evil,brother,makes,him,disappear,watch,film,online,hoichoi",7
Movies,Abhijan,,Acquired,Bengali,India,11-10-2017,Yes,Drama,,Drama,1962,U/A 7+,2,128.8,128.8,7.9,"Soumitra Chatterjee, Waheeda Rehman, Gyanesh Mukherjee, Rabi Ghosh",Watch Abhijan Bengali movie online on hoichoi. A Satyajit Ray film about a taxi driver who returns to his roots and gets involved in illegal activities. Watch the film online on hoichoi.,watch abhijan bengali movie online hoichoi satyajit ray film about taxi driver who returns his roots gets involved illegal activities watch film online hoichoi,watch abhijan bengali movie online,"watch,abhijan,bengali,movie,online,hoichoi,satyajit,ray,film,about,taxi,driver,who,returns,his,roots,gets,involved,illegal,activities,watch,film,online,hoichoi","watch,abhijan,bengali,movie,online,hoichoi,satyajit,ray,film,about,taxi,driver,who,returns,roots,gets,involved,illegal,activities,watch,film,online,hoichoi",7
Movies,Clerk,,Acquired,Bengali,India,11-10-2017,Yes,Thriller,Psychological,Thriller Psychological,2009,U/A 13+,3,84,84,,"Prosenjit Chatterjee, Anindita Bose, Debobroto Chakraborty","Watch Clerk Bengali movie online on hoichoi. A Bengali film about the complexies of human mind, telling the story of a shy man who changes his personality at night. Watch the movie online on hoichoi.",watch clerk bengali movie online hoichoi bengali film about complexies human mind telling story shy man who changes his personality night watch movie online hoichoi,watch clerk bengali movie online,"watch,clerk,bengali,movie,online,hoichoi,bengali,film,about,complexies,human,mind,telling,story,shy,man,who,changes,his,personality,night,watch,movie,online,hoichoi","watch,clerk,bengali,movie,online,hoichoi,bengali,film,about,complexies,human,mind,telling,story,shy,man,who,changes,personality,night,watch,movie,online,hoichoi",13
Movies,Kony,,Acquired,Bengali,India,11-10-2017,Yes,Drama,Sports,Drama Sports,1986,U,1,120.3,120.3,7.9,"Soumitra Chatterjee, Sreeparna Banerjee, Mousami Roy","Watch Kony Bengali movie online on hoichoi. An inspiring sports movie about a swimmer beating poverty and social obstacles, with the help of her coach. Do they win? Watch the Bengali film online on hoichoi.",watch kony bengali movie online hoichoi inspiring sports movie about swimmer beating poverty social obstacles help her coach do they win watch bengali film online hoichoi,watch kony bengali movie online,"watch,kony,bengali,movie,online,hoichoi,inspiring,sports,movie,about,swimmer,beating,poverty,social,obstacles,help,her,coach,do,they,win,watch,bengali,film,online,hoichoi","watch,kony,bengali,movie,online,hoichoi,inspiring,sports,movie,about,swimmer,beating,poverty,social,obstacles,help,coach,they,win,watch,bengali,film,online,hoichoi",0
Movies,Har Mana Har,,Acquired,Bengali,India,11-10-2017,Yes,Drama,,Drama,1972,U,1,129,129,,"Uttam Kumar, Suchitra Sen, Bikash Roy","Watch Har Mana Har Bengali movie online on hoichoi. A Bengali film about love, jealousy, and separation, as Protima tries to ruin the relationship of Binu and Nira. Watch the full film online on hoichoi.",watch har mana har bengali movie online hoichoi bengali film about love jealousy separation protima tries ruin relationship binu nira watch full film online hoichoi,watch har mana har bengali,"watch,har,mana,har,bengali,movie,online,hoichoi,bengali,film,about,love,jealousy,separation,protima,tries,ruin,relationship,binu,nira,watch,full,film,online,hoichoi","watch,har,mana,har,bengali,movie,online,hoichoi,bengali,film,about,love,jealousy,separation,protima,tries,ruin,relationship,binu,nira,watch,full,film,online,hoichoi",0
Movies,Dekha,,Acquired,Bengali,India,11-10-2017,Yes,Drama,,Drama,2001,U,1,122.9,122.9,4.6,"Soumitra Chatterjee, Indrani Halder, Roopa Ganguly, Debashree Roy, Paran Bandopadhyay","Watch Dekha Bengali movie online on hoichoi. A Bengali film about a lonely poet with no eyesight, living with his memories. Whatís in store for him? Watch the full movie online on hoichoi.",watch dekha bengali movie online hoichoi bengali film about lonely poet no eyesight living his memories whatís store him watch full movie online hoichoi,watch dekha bengali movie online,"watch,dekha,bengali,movie,online,hoichoi,bengali,film,about,lonely,poet,no,eyesight,living,his,memories,whatís,store,him,watch,full,movie,online,hoichoi","watch,dekha,bengali,movie,online,hoichoi,bengali,film,about,lonely,poet,no,eyesight,living,memories,whatís,store,him,watch,full,movie,online,hoichoi",0
Movies,Sabar Uparey,,Acquired,Bengali,,11-10-2017,Yes,Drama,,Drama,1955,U,1,150.2,150.2,,"Uttam Kumar, Suchitra Sen, Chhabi Biswas","Shankar has to save his father from murder charges. With Rita's help, he reopens the case only to confront a secret. What is it? Watch the full movie on Hoichoi.",shankar has save his father murder charges ritas help he reopens case only confront secret what watch full movie hoichoi,shankar has save his father,"shankar,has,save,his,father,murder,charges,ritas,help,he,reopens,case,only,confront,secret,what,watch,full,movie,hoichoi","shankar,save,father,murder,charges,ritas,help,he,reopens,case,only,confront,secret,what,watch,full,movie,hoichoi",0
Movies,Kuheli,,Acquired,Bengali,India,11-10-2017,Yes,Drama,,Drama,1971,U/A 7+,2,128,128,,"Biswajit Chartterjee, Sandhya Roy, Sumita Sanyal, Chhaya Debi, Rabi Ghosh",Watch Kuheli Bengali movie online on hoichoi. A Bangla film about a woman hired to look after a child in her motherís absence. She soon feels a scary presence. Watch the film online on hoichoi.,watch kuheli bengali movie online hoichoi bangla film about woman hired look after child her motherís absence she soon feels scary presence watch film online hoichoi,watch kuheli bengali movie online,"watch,kuheli,bengali,movie,online,hoichoi,bangla,film,about,woman,hired,look,after,child,her,motherís,absence,she,soon,feels,scary,presence,watch,film,online,hoichoi","watch,kuheli,bengali,movie,online,hoichoi,bangla,film,about,woman,hired,look,after,child,motherís,absence,she,soon,feels,scary,presence,watch,film,online,hoichoi",7
Movies,Pothey Holo Deri,,Acquired,Bengali,India,11-10-2017,Yes,Drama,,Drama,1957,U,1,126,126,7.8,"Uttam Kumar, Suchitra Sen, Chhabi Biswas",Watch Pothey Holo Deri Bengali movie online on hoichoi. A Bangla film about a doctor in love with a woman who helps his education. What happens when he returns for her? Watch the film online on hoichoi.,watch pothey holo deri bengali movie online hoichoi bangla film about doctor love woman who helps his education what happens when he returns her watch film online hoichoi,watch pothey holo deri bengali,"watch,pothey,holo,deri,bengali,movie,online,hoichoi,bangla,film,about,doctor,love,woman,who,helps,his,education,what,happens,when,he,returns,her,watch,film,online,hoichoi","watch,pothey,holo,deri,bengali,movie,online,hoichoi,bangla,film,about,doctor,love,woman,who,helps,education,what,happens,he,returns,watch,film,online,hoichoi",0
Movies,Bhanu Goenda Jahar Assistant,,Acquired,Bengali,India,11-10-2017,Yes,Comedy,,Comedy,1971,U,1,107.8,107.8,7.4,"Bhanu Bandyopadhyay, Jahar Roy, Subhendu Chatterjee","Watch Bhanu Goenda Jahar Assistant Bengali movie online on hoichoi. A Bengali comedy film about two detectives, Bhanu and Jahar, investigating the case of a girl who runs away from home! Watch the film online on hoichoi.",watch bhanu goenda jahar assistant bengali movie online hoichoi bengali comedy film about two detectives bhanu jahar investigating case girl who runs away home watch film online hoichoi,watch bhanu goenda jahar assistant,"watch,bhanu,goenda,jahar,assistant,bengali,movie,online,hoichoi,bengali,comedy,film,about,two,detectives,bhanu,jahar,investigating,case,girl,who,runs,away,home,watch,film,online,hoichoi","watch,bhanu,goenda,jahar,assistant,bengali,movie,online,hoichoi,bengali,comedy,film,about,two,detectives,bhanu,jahar,investigating,case,girl,who,runs,away,home,watch,film,online,hoichoi",0
Movies,Agni Pariksha,,Acquired,Bengali,India,11-10-2017,Yes,Drama,,Drama,1954,U,1,136.3,136.3,,"Uttam Kumar, Suchitra Sen, Anup Kumar","Watch Agni Pariksha Bengali movie online on hoichoi. A Bengali film about Tapasi, an educated girl who falls for Kiriti. But, will her past come in her way of finding love? Watch the Uttam-Suchitra film online on hoichoi.",watch agni pariksha bengali movie online hoichoi bengali film about tapasi educated girl who falls kiriti but will her past come her way finding love watch uttamsuchitra film online hoichoi,watch agni pariksha bengali movie,"watch,agni,pariksha,bengali,movie,online,hoichoi,bengali,film,about,tapasi,educated,girl,who,falls,kiriti,but,will,her,past,come,her,way,finding,love,watch,uttamsuchitra,film,online,hoichoi","watch,agni,pariksha,bengali,movie,online,hoichoi,bengali,film,about,tapasi,educated,girl,who,falls,kiriti,but,past,come,way,finding,love,watch,uttamsuchitra,film,online,hoichoi",0
Movies,Antony Firingee,,Acquired,Bengali,India,11-10-2017,Yes,Drama,Musical,Drama Musical,1967,U/A 7+,2,148.3,148.3,,"Uttam Kumar, Tanuja, Lolita Chatterjee","Watch Antony Firingee Bengali movie online on hoichoi. A film about the story of Hensman Anthony, a Bengali language poet and singer from Portugal, and his tragic love story. Watch the Uttam Kumar musical online on hoichoi.",watch antony firingee bengali movie online hoichoi film about story hensman anthony bengali language poet singer portugal his tragic love story watch uttam kumar musical online hoichoi,watch antony firingee bengali movie,"watch,antony,firingee,bengali,movie,online,hoichoi,film,about,story,hensman,anthony,bengali,language,poet,singer,portugal,his,tragic,love,story,watch,uttam,kumar,musical,online,hoichoi","watch,antony,firingee,bengali,movie,online,hoichoi,film,about,story,hensman,anthony,bengali,language,poet,singer,portugal,tragic,love,story,watch,uttam,kumar,musical,online,hoichoi",7
Movies,Sabyasachi,,Acquired,Bengali,India,11-10-2017,Yes,Drama,,Drama,1977,U/A 7+,2,146,146,6.2,"Uttam Kumar, Supriya Devi, Anil Chatterjee","Watch Sabyasachi Bengali movie online on hoichoi. A Bengali film about a talented and intelligent man named Sabyasachi, inspiring people to rise against the British rule. Watch the Uttam Kumar movie online on hoichoi.",watch sabyasachi bengali movie online hoichoi bengali film about talented intelligent man named sabyasachi inspiring people rise against british rule watch uttam kumar movie online hoichoi,watch sabyasachi bengali movie online,"watch,sabyasachi,bengali,movie,online,hoichoi,bengali,film,about,talented,intelligent,man,named,sabyasachi,inspiring,people,rise,against,british,rule,watch,uttam,kumar,movie,online,hoichoi","watch,sabyasachi,bengali,movie,online,hoichoi,bengali,film,about,talented,intelligent,man,named,sabyasachi,inspiring,people,rise,against,british,rule,watch,uttam,kumar,movie,online,hoichoi",7
Movies,Indrani,,Acquired,Bengali,India,11-10-2017,Yes,Drama,,Drama,1958,U,1,121.6,121.6,,"Uttam Kumar, Suchitra Sen, Tarun Kumar","Watch Indrani Bengali movie online on hoichoi. A Bengali film about Indrani who marries Sudarshan, an unemployed man for love. Will their differences push them apart? Watch the full movie online on hoichoi.",watch indrani bengali movie online hoichoi bengali film about indrani who marries sudarshan unemployed man love will their differences push them apart watch full movie online hoichoi,watch indrani bengali movie online,"watch,indrani,bengali,movie,online,hoichoi,bengali,film,about,indrani,who,marries,sudarshan,unemployed,man,love,will,their,differences,push,them,apart,watch,full,movie,online,hoichoi","watch,indrani,bengali,movie,online,hoichoi,bengali,film,about,indrani,who,marries,sudarshan,unemployed,man,love,their,differences,push,them,apart,watch,full,movie,online,hoichoi",0
Movies,Ek Je Chhilo Desh,,Acquired,Bengali,India,11-10-2017,Yes,Comedy,,Comedy,1977,U/A 7+,2,109.8,109.8,,"Dipankar Dey, Anil Chatterjee, Sumitra Mukherjee, Chhaya Devi",Watch Ek Je Chhilo Desh Bengali movie online on hoichoi. A Bengali film about a scientist who discovers a drug that reveals a personís dishonesty. Is his life in danger now? Watch the science fiction online on hoichoi.,watch ek je chhilo desh bengali movie online hoichoi bengali film about scientist who discovers drug reveals personís dishonesty his life danger now watch science fiction online hoichoi,watch ek je chhilo desh,"watch,ek,je,chhilo,desh,bengali,movie,online,hoichoi,bengali,film,about,scientist,who,discovers,drug,reveals,personís,dishonesty,his,life,danger,now,watch,science,fiction,online,hoichoi","watch,ek,je,chhilo,desh,bengali,movie,online,hoichoi,bengali,film,about,scientist,who,discovers,drug,reveals,personís,dishonesty,life,danger,now,watch,science,fiction,online,hoichoi",7
Movies,Shet Patharer Thala,,Acquired,Bengali,India,11-10-2017,Yes,Drama,,Drama,1992,U/A 7+,2,142.9,142.9,7.7,"Aparna Sen, Sabyasachi Chakraborty, Rituparna Sengupta","Watch Shet Patharer Thala Bengali movie online on hoichoi. A Bengali film based on Bani Basuís novel, about a widowís struggles. Will society accept it when she falls in love? Watch the Aparna Sen film online on hoichoi.",watch shet patharer thala bengali movie online hoichoi bengali film based bani basuís novel about widowís struggles will society accept when she falls love watch aparna sen film online hoichoi,watch shet patharer thala bengali,"watch,shet,patharer,thala,bengali,movie,online,hoichoi,bengali,film,based,bani,basuís,novel,about,widowís,struggles,will,society,accept,when,she,falls,love,watch,aparna,sen,film,online,hoichoi","watch,shet,patharer,thala,bengali,movie,online,hoichoi,bengali,film,based,bani,basuís,novel,about,widowís,struggles,society,accept,she,falls,love,watch,aparna,sen,film,online,hoichoi",7
Movies,Titas Ekti Nadir Naam,,Acquired,Bengali,India,11-10-2017,Yes,Drama,Social,Drama Social,1991,U/A 7+,2,148.9,148.9,7.2,"Prabir Mitra, Golam Mustafa, Rosy Samad",Watch Titas Ekti Nadir Naam Bengali movie online on hoichoi. A Ritwik Ghatak film about a woman whoís saved by a fisherman from being sacrificef. But whatís in her fate? Watch the Bengali movie online on hoichoi.,watch titas ekti nadir naam bengali movie online hoichoi ritwik ghatak film about woman whoís saved fisherman being sacrificef but whatís her fate watch bengali movie online hoichoi,watch titas ekti nadir naam,"watch,titas,ekti,nadir,naam,bengali,movie,online,hoichoi,ritwik,ghatak,film,about,woman,whoís,saved,fisherman,being,sacrificef,but,whatís,her,fate,watch,bengali,movie,online,hoichoi","watch,titas,ekti,nadir,naam,bengali,movie,online,hoichoi,ritwik,ghatak,film,about,woman,whoís,saved,fisherman,being,sacrificef,but,whatís,fate,watch,bengali,movie,online,hoichoi",7
Movies,Saheb Bibi Golam,,Acquired,Bengali,India,11-10-2017,Yes,Drama,,Drama,1956,U,1,149.9,149.9,8.5,"Uttam Kumar, Sumitra Mukherjee, Chhabi Biswas","Watch Saheb Bibi Golam Bengali movie online on hoichoi. A Bengali film based on Bimal Mitraís novel about a love triangle, as a young man falls for the wife of his landlord. Watch the film online on hoichoi.",watch saheb bibi golam bengali movie online hoichoi bengali film based bimal mitraís novel about love triangle young man falls wife his landlord watch film online hoichoi,watch saheb bibi golam bengali,"watch,saheb,bibi,golam,bengali,movie,online,hoichoi,bengali,film,based,bimal,mitraís,novel,about,love,triangle,young,man,falls,wife,his,landlord,watch,film,online,hoichoi","watch,saheb,bibi,golam,bengali,movie,online,hoichoi,bengali,film,based,bimal,mitraís,novel,about,love,triangle,young,man,falls,wife,landlord,watch,film,online,hoichoi",0
Movies,Ekdin Pratidin,,Acquired,Bengali,India,11-10-2017,Yes,Drama,,Drama,1980,U,1,86.9,86.9,,"Geeta Sen, Shreela Majumdar, Koushik Sen, Mamata Shankar",Watch Ekdin Pratidin Bengali movie online on hoichoi. A Mrinal film about societyís way of viewing women. What happens when Chinu fails to return home from work one night? Watch the Bengali film online on hoichoi.,watch ekdin pratidin bengali movie online hoichoi mrinal film about societyís way viewing women what happens when chinu fails return home work one night watch bengali film online hoichoi,watch ekdin pratidin bengali movie,"watch,ekdin,pratidin,bengali,movie,online,hoichoi,mrinal,film,about,societyís,way,viewing,women,what,happens,when,chinu,fails,return,home,work,one,night,watch,bengali,film,online,hoichoi","watch,ekdin,pratidin,bengali,movie,online,hoichoi,mrinal,film,about,societyís,way,viewing,women,what,happens,chinu,fails,return,home,work,one,night,watch,bengali,film,online,hoichoi",0
Movies,Baishey Shravana (1960),,Acquired,Bengali,India,11-10-2017,Yes,Drama,,Drama,1960,U/A 7+,2,135,135,7.3,"Madhabi Mukherjee, Gyanesh Mukherjee, Anup Kumar","Watch Baishey Shravana (1960) Bengali movie online on hoichoi. A Mrinal Sen film set in a village, portraying the pains of poverty, famine, and joblessness, before World War II. Watch the Bengali film online on hoichoi.",watch baishey shravana 1960 bengali movie online hoichoi mrinal sen film set village portraying pains poverty famine joblessness before world war ii watch bengali film online hoichoi,watch baishey shravana 1960 bengali,"watch,baishey,shravana,1960,bengali,movie,online,hoichoi,mrinal,sen,film,set,village,portraying,pains,poverty,famine,joblessness,before,world,war,ii,watch,bengali,film,online,hoichoi","watch,baishey,shravana,1960,bengali,movie,online,hoichoi,mrinal,sen,film,set,village,portraying,pains,poverty,famine,joblessness,before,world,war,ii,watch,bengali,film,online,hoichoi",7
Movies,Palatak,,Acquired,Bengali,India,11-10-2017,Yes,Drama,,Drama,1963,U,1,133.4,133.4,8.2,"Anup Kumar, Sandhya Roy, Rabi Ghosh",Watch Palatak Bengali movie online on hoichoi. A Bengali film about an adventurous man who leaves for a trip alone. He leaves behind his wife has some news to share. Watch the film online on hoichoi.,watch palatak bengali movie online hoichoi bengali film about adventurous man who leaves trip alone he leaves behind his wife has some news share watch film online hoichoi,watch palatak bengali movie online,"watch,palatak,bengali,movie,online,hoichoi,bengali,film,about,adventurous,man,who,leaves,trip,alone,he,leaves,behind,his,wife,has,some,news,share,watch,film,online,hoichoi","watch,palatak,bengali,movie,online,hoichoi,bengali,film,about,adventurous,man,who,leaves,trip,alone,he,leaves,behind,wife,some,news,share,watch,film,online,hoichoi",0
Movies,Jukti Takko Aar Gappo,,Acquired,Bengali,India,11-10-2017,Yes,Drama,,Drama,1977,U/A 7+,2,113.8,113.8,7,"Ritwik Ghatak, Utpal Dutt, Shaoli Mitra","Watch Jukti Takko Aar Gappo Bengali movie online on hoichoi. A Ritwik Ghatak film about an alcoholic man, forced to leave the house, who meets some strange people in the villages. Watch the film online on hoichoi.",watch jukti takko aar gappo bengali movie online hoichoi ritwik ghatak film about alcoholic man forced leave house who meets some strange people villages watch film online hoichoi,watch jukti takko aar gappo,"watch,jukti,takko,aar,gappo,bengali,movie,online,hoichoi,ritwik,ghatak,film,about,alcoholic,man,forced,leave,house,who,meets,some,strange,people,villages,watch,film,online,hoichoi","watch,jukti,takko,aar,gappo,bengali,movie,online,hoichoi,ritwik,ghatak,film,about,alcoholic,man,forced,leave,house,who,meets,some,strange,people,villages,watch,film,online,hoichoi",7
Movies,Brojobuli,,Acquired,Bengali,India,11-10-2017,Yes,Comedy,,Comedy,1979,U,1,110.2,110.2,7.3,"Uttam Kumar, Sabitri Chatterjee, Rabi Ghosh",Watch Brojobuli Bengali movie online on hoichoi. A Bengali film about an office clerk whose stories of persona experiences which attract everyone. But are these real? Watch the Uttam Kumar film online on hoichoi.,watch brojobuli bengali movie online hoichoi bengali film about office clerk whose stories persona experiences which attract everyone but are these real watch uttam kumar film online hoichoi,watch brojobuli bengali movie online,"watch,brojobuli,bengali,movie,online,hoichoi,bengali,film,about,office,clerk,whose,stories,persona,experiences,which,attract,everyone,but,are,these,real,watch,uttam,kumar,film,online,hoichoi","watch,brojobuli,bengali,movie,online,hoichoi,bengali,film,about,office,clerk,whose,stories,persona,experiences,which,attract,everyone,but,real,watch,uttam,kumar,film,online,hoichoi",0
Movies,Ghatkali,,Acquired,Bengali,India,11-10-2017,Yes,Comedy,,Comedy,1979,U,1,118,118,,"Partho Mukherjee, Rabi Ghosh, Anup Kumar",Watch Ghatkali Bengali movie online on hoichoi. A Bengali film about a man uninterested in marriage who meets a woman and instantly hates her. How does fate unite them? Watch the film online on hoichoi.,watch ghatkali bengali movie online hoichoi bengali film about man uninterested marriage who meets woman instantly hates her how does fate unite them watch film online hoichoi,watch ghatkali bengali movie online,"watch,ghatkali,bengali,movie,online,hoichoi,bengali,film,about,man,uninterested,marriage,who,meets,woman,instantly,hates,her,how,does,fate,unite,them,watch,film,online,hoichoi","watch,ghatkali,bengali,movie,online,hoichoi,bengali,film,about,man,uninterested,marriage,who,meets,woman,instantly,hates,how,fate,unite,them,watch,film,online,hoichoi",0
Movies,Chorus,,Acquired,Bengali,India,11-10-2017,Yes,Drama,,Drama,1974,U,1,112.1,112.1,,"Utpal Dutta, Ajit Bandopadhyay, Shekhar Chatterjee",Watch Chorus Bengali movie online on hoichoi. A Bengali film about an organisation offering jobs. What happens when the number of applicants is more than the jobs? Watch the film online on hoichoi.,watch chorus bengali movie online hoichoi bengali film about organisation offering jobs what happens when number applicants more than jobs watch film online hoichoi,watch chorus bengali movie online,"watch,chorus,bengali,movie,online,hoichoi,bengali,film,about,organisation,offering,jobs,what,happens,when,number,applicants,more,than,jobs,watch,film,online,hoichoi","watch,chorus,bengali,movie,online,hoichoi,bengali,film,about,organisation,offering,jobs,what,happens,number,applicants,more,than,jobs,watch,film,online,hoichoi",0
Movies,Troyee,,Acquired,Bengali,India,11-10-2017,Yes,Drama,,Drama,1982,U/A 7+,2,105.4,105.4,6.7,"Mithun Chakraborty, Debashree Roy, Soumitra Bannerjee",Watch Troyee Bengali movie online on hoichoi. A Bengali film about a love triangle that develops between three friends. Will love complicate a beautiful friendship? Watch the film online on hoichoi.,watch troyee bengali movie online hoichoi bengali film about love triangle develops between three friends will love complicate beautiful friendship watch film online hoichoi,watch troyee bengali movie online,"watch,troyee,bengali,movie,online,hoichoi,bengali,film,about,love,triangle,develops,between,three,friends,will,love,complicate,beautiful,friendship,watch,film,online,hoichoi","watch,troyee,bengali,movie,online,hoichoi,bengali,film,about,love,triangle,develops,between,three,friends,love,complicate,beautiful,friendship,watch,film,online,hoichoi",7
Movies,Warrish,,Acquired,Bengali,India,11-10-2017,Yes,Drama,,Drama,2003,U/A 7+,2,134.6,134.6,,"Sabyasachi Chakraborty, Debashree Roy, Churni Ganguly",Watch Warrish Bengali movie online on hoichoi. A Bengali film about a man caught between his married life and his one-time fling with a former lover who is now dying. Watch the full movie online on hoichoi.,watch warrish bengali movie online hoichoi bengali film about man caught between his married life his onetime fling former lover who now dying watch full movie online hoichoi,watch warrish bengali movie online,"watch,warrish,bengali,movie,online,hoichoi,bengali,film,about,man,caught,between,his,married,life,his,onetime,fling,former,lover,who,now,dying,watch,full,movie,online,hoichoi","watch,warrish,bengali,movie,online,hoichoi,bengali,film,about,man,caught,between,married,life,onetime,fling,former,lover,who,now,dying,watch,full,movie,online,hoichoi",7
Movies,Guru Dakshina,,Acquired,Bengali,India,11-10-2017,Yes,Romantic,,Romantic,1987,U/A 7+,2,146.6,146.6,8.4,"Tapas Paul, Satabdi Roy, Soumitra Banerjee","Watch Guru Dakshina Bengali movie online on hoichoi. A film noted for Bappi Lahiriís music, about a singer finding success in the city. But, will love change his life? Watch the Bengali hit online on hoichoi.",watch guru dakshina bengali movie online hoichoi film noted bappi lahiriís music about singer finding success city but will love change his life watch bengali hit online hoichoi,watch guru dakshina bengali movie,"watch,guru,dakshina,bengali,movie,online,hoichoi,film,noted,bappi,lahiriís,music,about,singer,finding,success,city,but,will,love,change,his,life,watch,bengali,hit,online,hoichoi","watch,guru,dakshina,bengali,movie,online,hoichoi,film,noted,bappi,lahiriís,music,about,singer,finding,success,city,but,love,change,life,watch,bengali,hit,online,hoichoi",7
Movies,Deep Jele Jaai,,Acquired,Bengali,India,11-10-2017,Yes,Drama,,Drama,1959,U/A 7+,2,120.8,120.8,,"Suchitra Sen, Anil Chatterjee, Tulsi Chakraborty",Watch Deep Jele Jaai Bengali movie online on hoichoi. A Bengali film about a nurse falling for her patient. What happens when he fails to recognise her after his recovery? Watch the film online on hoichoi.,watch deep jele jaai bengali movie online hoichoi bengali film about nurse falling her patient what happens when he fails recognise her after his recovery watch film online hoichoi,watch deep jele jaai bengali,"watch,deep,jele,jaai,bengali,movie,online,hoichoi,bengali,film,about,nurse,falling,her,patient,what,happens,when,he,fails,recognise,her,after,his,recovery,watch,film,online,hoichoi","watch,deep,jele,jaai,bengali,movie,online,hoichoi,bengali,film,about,nurse,falling,patient,what,happens,he,fails,recognise,after,recovery,watch,film,online,hoichoi",7
Movies,Baghini,,Acquired,Bengali,India,11-10-2017,Yes,Drama,,Drama,1968,U,1,143.6,143.6,8.4,"Soumitra Chatterjee, Sandhya Roy, Bikash Roy",Watch Baghini Bengali movie online on hoichoi. A Bengali film about Dugga joining Chiranjibís liquor business and falls in love. But can he mend his ways for her. Watch the Sandhya Roy film online on hoichoi.,watch baghini bengali movie online hoichoi bengali film about dugga joining chiranjibís liquor business falls love but can he mend his ways her watch sandhya roy film online hoichoi,watch baghini bengali movie online,"watch,baghini,bengali,movie,online,hoichoi,bengali,film,about,dugga,joining,chiranjibís,liquor,business,falls,love,but,can,he,mend,his,ways,her,watch,sandhya,roy,film,online,hoichoi","watch,baghini,bengali,movie,online,hoichoi,bengali,film,about,dugga,joining,chiranjibís,liquor,business,falls,love,but,he,mend,ways,watch,sandhya,roy,film,online,hoichoi",0
Movies,Dui Prithibi (1980),,Acquired,Bengali,India,11-10-2017,Yes,Drama,,Drama,1980,U,1,150,150,7.1,"Uttam Kumar, Supriya Debi, Victor Banerjee",Watch Dui Prithibi (1980) Bengali movie online on hoichoi. A Bengali film about three siblings. Mrinal doubts his brotherís activities when he suddenly becomes a rich businessman. Watch the film online on hoichoi.,watch dui prithibi 1980 bengali movie online hoichoi bengali film about three siblings mrinal doubts his brotherís activities when he suddenly becomes rich businessman watch film online hoichoi,watch dui prithibi 1980 bengali,"watch,dui,prithibi,1980,bengali,movie,online,hoichoi,bengali,film,about,three,siblings,mrinal,doubts,his,brotherís,activities,when,he,suddenly,becomes,rich,businessman,watch,film,online,hoichoi","watch,dui,prithibi,1980,bengali,movie,online,hoichoi,bengali,film,about,three,siblings,mrinal,doubts,brotherís,activities,he,suddenly,becomes,rich,businessman,watch,film,online,hoichoi",0
Movies,Padma Nadir Majhi,,Acquired,Bengali,India,11-10-2017,Yes,Drama,,Drama,1993,U,1,131.5,131.5,8.2,"Utpal Dutt, Rabi Ghosh, Bimal Deb",Watch Padma Nadir Majhi Bengali movie online on hoichoi. A film about a Bengali Muslim boatman who wants to create a safe home for both Hinus and Muslims on a delta island. Watch the film online on hoichoi.,watch padma nadir majhi bengali movie online hoichoi film about bengali muslim boatman who wants create safe home both hinus muslims delta island watch film online hoichoi,watch padma nadir majhi bengali,"watch,padma,nadir,majhi,bengali,movie,online,hoichoi,film,about,bengali,muslim,boatman,who,wants,create,safe,home,both,hinus,muslims,delta,island,watch,film,online,hoichoi","watch,padma,nadir,majhi,bengali,movie,online,hoichoi,film,about,bengali,muslim,boatman,who,wants,create,safe,home,both,hinus,muslims,delta,island,watch,film,online,hoichoi",0
Movies,Rajkumari,,Acquired,Bengali,India,11-10-2017,Yes,Drama,,Drama,1970,U,1,125.3,125.3,8.1,"Uttam Kumar, Tanuja, Pahari Sanyal","Watch Rajkumari Bengali movie online on hoichoi. A Bengali romance about a girl brought up in strict discipline, who finds joy and love in the music of a man. Watch the Tanuja-Uttam Kumar film online on hoichoi.",watch rajkumari bengali movie online hoichoi bengali romance about girl brought up strict discipline who finds joy love music man watch tanujauttam kumar film online hoichoi,watch rajkumari bengali movie online,"watch,rajkumari,bengali,movie,online,hoichoi,bengali,romance,about,girl,brought,up,strict,discipline,who,finds,joy,love,music,man,watch,tanujauttam,kumar,film,online,hoichoi","watch,rajkumari,bengali,movie,online,hoichoi,bengali,romance,about,girl,brought,up,strict,discipline,who,finds,joy,love,music,man,watch,tanujauttam,kumar,film,online,hoichoi",0
Movies,Personal Assistant,,Acquired,Bengali,India,11-10-2017,Yes,Comedy,,Comedy,1959,U,1,120.7,120.7,,"Bhanu Bandyopadhyay, Tarun Kumar, Moni Srimani",Watch Personal Assistant Bengali movie online on hoichoi. A Bengali comedy film about an unemployed man trying to get a job in a company that only hires women. Will he succeed? Watch the film online on hoichoi.,watch personal assistant bengali movie online hoichoi bengali comedy film about unemployed man trying get job company only hires women will he succeed watch film online hoichoi,watch personal assistant bengali movie,"watch,personal,assistant,bengali,movie,online,hoichoi,bengali,comedy,film,about,unemployed,man,trying,get,job,company,only,hires,women,will,he,succeed,watch,film,online,hoichoi","watch,personal,assistant,bengali,movie,online,hoichoi,bengali,comedy,film,about,unemployed,man,trying,get,job,company,only,hires,women,he,succeed,watch,film,online,hoichoi",0
Movies,Bipasha,,Acquired,Bengali,India,11-10-2017,Yes,Drama,,Drama,1962,U,1,119.3,119.3,7.7,"Uttam Kumar, Suchitra Sen, Kamal Mitra",Watch Bipasha Bengali movie online on hoichoi. A Bengali film about Bipasha who loves Dibyendu. What happens when he goes looking for his parents? Watch the Uttam-Suchitra film online on hoichoi.,watch bipasha bengali movie online hoichoi bengali film about bipasha who loves dibyendu what happens when he goes looking his parents watch uttamsuchitra film online hoichoi,watch bipasha bengali movie online,"watch,bipasha,bengali,movie,online,hoichoi,bengali,film,about,bipasha,who,loves,dibyendu,what,happens,when,he,goes,looking,his,parents,watch,uttamsuchitra,film,online,hoichoi","watch,bipasha,bengali,movie,online,hoichoi,bengali,film,about,bipasha,who,loves,dibyendu,what,happens,he,goes,looking,parents,watch,uttamsuchitra,film,online,hoichoi",0
Movies,Bhalobasa Bhalobasa,,Acquired,Bengali,India,11-10-2017,Yes,Drama,,Drama,1985,U/A 7+,2,139.3,139.3,6.8,"Tapas Paul, Utpal Dutt, Santu Mukherjee",Watch Bhalobasa Bhalobasa Bengali movie online on hoichoi. A Bengali film about the love story of Keya and Arup. What happens when Keyaís father wants her to marry someone else? Watch the film online on hoichoi.,watch bhalobasa bhalobasa bengali movie online hoichoi bengali film about love story keya arup what happens when keyaís father wants her marry someone else watch film online hoichoi,watch bhalobasa bhalobasa bengali movie,"watch,bhalobasa,bhalobasa,bengali,movie,online,hoichoi,bengali,film,about,love,story,keya,arup,what,happens,when,keyaís,father,wants,her,marry,someone,else,watch,film,online,hoichoi","watch,bhalobasa,bhalobasa,bengali,movie,online,hoichoi,bengali,film,about,love,story,keya,arup,what,happens,keyaís,father,wants,marry,someone,else,watch,film,online,hoichoi",7
Movies,Hangsharaj,,Acquired,Bengali,India,11-10-2017,Yes,Drama,,Drama,1976,U,1,116.4,116.4,,"Master Arindam, Sanjib Dasgupta, Subir Ghosh",Watch Hangsharaj Bengali movie online on hoichoi. A Bengali film about a young Baul singer from a village who wants to sing on the radio. Will his dreams come true? Watch the film online on hoichoi.,watch hangsharaj bengali movie online hoichoi bengali film about young baul singer village who wants sing radio will his dreams come true watch film online hoichoi,watch hangsharaj bengali movie online,"watch,hangsharaj,bengali,movie,online,hoichoi,bengali,film,about,young,baul,singer,village,who,wants,sing,radio,will,his,dreams,come,true,watch,film,online,hoichoi","watch,hangsharaj,bengali,movie,online,hoichoi,bengali,film,about,young,baul,singer,village,who,wants,sing,radio,dreams,come,true,watch,film,online,hoichoi",0
Movies,Lal Pathar,,Acquired,Bengali,India,11-10-2017,Yes,Drama,,Drama,1964,U/A 7+,2,131.3,131.3,,"Uttam Kumar, Supriya Devi, Nirmal Kumar",Watch Lal Pathar Bengali movie online on hoichoi. A Bengali film about Kumar saving Sunita and bringing her home. What happens when he falls for her melodious voice? Watch the film online on hoichoi.,watch lal pathar bengali movie online hoichoi bengali film about kumar saving sunita bringing her home what happens when he falls her melodious voice watch film online hoichoi,watch lal pathar bengali movie,"watch,lal,pathar,bengali,movie,online,hoichoi,bengali,film,about,kumar,saving,sunita,bringing,her,home,what,happens,when,he,falls,her,melodious,voice,watch,film,online,hoichoi","watch,lal,pathar,bengali,movie,online,hoichoi,bengali,film,about,kumar,saving,sunita,bringing,home,what,happens,he,falls,melodious,voice,watch,film,online,hoichoi",7
Movies,Dhanraj Tamang,,Acquired,Bengali,India,11-10-2017,Yes,Drama,,Drama,1978,U/A 13+,3,108.7,108.7,7,"Uttam Kumar, Utpal Dutt, Dilip Roy",Watch Dhanraj Tamang Bengali movie online on hoichoi. A Bengali film about a tea-estate labourer who saves a woman from abuse. Can he save his own wife from his evil boss? Watch the Uttam Kumar film online on hoichoi.,watch dhanraj tamang bengali movie online hoichoi bengali film about teaestate labourer who saves woman abuse can he save his own wife his evil boss watch uttam kumar film online hoichoi,watch dhanraj tamang bengali movie,"watch,dhanraj,tamang,bengali,movie,online,hoichoi,bengali,film,about,teaestate,labourer,who,saves,woman,abuse,can,he,save,his,own,wife,his,evil,boss,watch,uttam,kumar,film,online,hoichoi","watch,dhanraj,tamang,bengali,movie,online,hoichoi,bengali,film,about,teaestate,labourer,who,saves,woman,abuse,he,save,own,wife,evil,boss,watch,uttam,kumar,film,online,hoichoi",13
Movies,Prithibi Amare Chay,,Acquired,Bengali,India,11-10-2017,Yes,Drama,,Drama,1957,U,1,151.3,151.3,6.6,"Uttam Kumar, Mala Sinha, Sandhyarani",Watch Prithibi Amare Chay Bengali movie online on hoichoi. A Bengali film about the love story of Tapash and Rina who have to fight against all odds. Will their love win? Watch the film online on hoichoi.,watch prithibi amare chay bengali movie online hoichoi bengali film about love story tapash rina who have fight against all odds will their love win watch film online hoichoi,watch prithibi amare chay bengali,"watch,prithibi,amare,chay,bengali,movie,online,hoichoi,bengali,film,about,love,story,tapash,rina,who,have,fight,against,all,odds,will,their,love,win,watch,film,online,hoichoi","watch,prithibi,amare,chay,bengali,movie,online,hoichoi,bengali,film,about,love,story,tapash,rina,who,fight,against,all,odds,their,love,win,watch,film,online,hoichoi",0
Movies,Abhoyer Biye,,Acquired,Bengali,India,11-10-2017,Yes,Drama,,Drama,1957,U,1,127.7,127.7,6.6,"Uttam Kumar, Sabitri Chatterjee, Chhabi Biswas",Watch Abhoyer Biye Bengali movie online on hoichoi. A Bengali film about a man named Abhoy who is ridiculed for his poverty and upbringing by the woman he is engaged to. Watch the Uttam-Sabitri film online on hoichoi.,watch abhoyer biye bengali movie online hoichoi bengali film about man named abhoy who ridiculed his poverty upbringing woman he engaged watch uttamsabitri film online hoichoi,watch abhoyer biye bengali movie,"watch,abhoyer,biye,bengali,movie,online,hoichoi,bengali,film,about,man,named,abhoy,who,ridiculed,his,poverty,upbringing,woman,he,engaged,watch,uttamsabitri,film,online,hoichoi","watch,abhoyer,biye,bengali,movie,online,hoichoi,bengali,film,about,man,named,abhoy,who,ridiculed,poverty,upbringing,woman,he,engaged,watch,uttamsabitri,film,online,hoichoi",0
Movies,Mon Niye,,Acquired,Bengali,India,11-10-2017,Yes,Romantic,,Romantic,1969,U,1,140.7,140.7,,"Uttam Kumar, Supriya Devi, Sumitra Mukherjee","Watch Mon Niye Bengali movie online on hoichoi. A Bengali film about two sisters one of whom marries an author. But, the authorís ill sister hates his new wife. Watch the Uttam-Supriya film on hoichoi.",watch mon niye bengali movie online hoichoi bengali film about two sisters one whom marries author but authorís ill sister hates his new wife watch uttamsupriya film hoichoi,watch mon niye bengali movie,"watch,mon,niye,bengali,movie,online,hoichoi,bengali,film,about,two,sisters,one,whom,marries,author,but,authorís,ill,sister,hates,his,new,wife,watch,uttamsupriya,film,hoichoi","watch,mon,niye,bengali,movie,online,hoichoi,bengali,film,about,two,sisters,one,whom,marries,author,but,authorís,ill,sister,hates,new,wife,watch,uttamsupriya,film,hoichoi",0
Movies,Mem Saheb,,Acquired,Bengali,India,11-10-2017,Yes,Romantic,,Romantic,1972,U,1,122.2,122.2,,"Uttam Kumar, Aparna Sen, Lolita Chattopadhyay",Watch Mem Saheb Bengali movie online on hoichoi. A Bengali film about the tragic story of a woman helping the man she loves to gain success. Will her dreams come true? Watch Aparna Sen Uttam Kumar the film on hoichoi.,watch mem saheb bengali movie online hoichoi bengali film about tragic story woman helping man she loves gain success will her dreams come true watch aparna sen uttam kumar film hoichoi,watch mem saheb bengali movie,"watch,mem,saheb,bengali,movie,online,hoichoi,bengali,film,about,tragic,story,woman,helping,man,she,loves,gain,success,will,her,dreams,come,true,watch,aparna,sen,uttam,kumar,film,hoichoi","watch,mem,saheb,bengali,movie,online,hoichoi,bengali,film,about,tragic,story,woman,helping,man,she,loves,gain,success,dreams,come,true,watch,aparna,sen,uttam,kumar,film,hoichoi",0
Movies,Aagaman,,Acquired,Bengali,India,11-10-2017,Yes,Drama,,Drama,1988,U/A 7+,2,153.4,153.4,6.9,"Tapas Paul, Soumitra Chatterjee, Utpal Dutt",Watch Aagaman Bengali movie online on hoichoi. A Bengali film about the love story of a simple village boy and a girl from a respectable family. Will they unite? Watch the film online on hoichoi.,watch aagaman bengali movie online hoichoi bengali film about love story simple village boy girl respectable family will they unite watch film online hoichoi,watch aagaman bengali movie online,"watch,aagaman,bengali,movie,online,hoichoi,bengali,film,about,love,story,simple,village,boy,girl,respectable,family,will,they,unite,watch,film,online,hoichoi","watch,aagaman,bengali,movie,online,hoichoi,bengali,film,about,love,story,simple,village,boy,girl,respectable,family,they,unite,watch,film,online,hoichoi",7
Movies,Marutirtha Hinglaj,,Acquired,Bengali,India,11-10-2017,Yes,Drama,,Drama,1959,U,1,118.7,118.7,8,"Uttam Kumar, Sabitri Chatterjee, Anil Chatterjee","Watch Marutirtha Hinglaj Bengali movie online on hoichoi. A Bengali devotional film about the long and difficult journey of devotees through the desert, in search of God. Watch the full movie online on hoichoi.",watch marutirtha hinglaj bengali movie online hoichoi bengali devotional film about long difficult journey devotees through desert search god watch full movie online hoichoi,watch marutirtha hinglaj bengali movie,"watch,marutirtha,hinglaj,bengali,movie,online,hoichoi,bengali,devotional,film,about,long,difficult,journey,devotees,through,desert,search,god,watch,full,movie,online,hoichoi","watch,marutirtha,hinglaj,bengali,movie,online,hoichoi,bengali,devotional,film,about,long,difficult,journey,devotees,through,desert,search,god,watch,full,movie,online,hoichoi",0
Movies,Sagarika (1956),,Acquired,Bengali,India,11-10-2017,Yes,Drama,,Drama,1956,U/A 7+,2,147,147,,"Uttam Kumar, Suchitra Sen, Anup Kumar","Watch Sagarika (1956) Bengali movie online on hoichoi. A Bengali film about a medical strudent, Sagarika, who has no one. What happens when a doctor named Arun falls for her? Watch the Uttam-Suchitra film online on hoichoi.",watch sagarika 1956 bengali movie online hoichoi bengali film about medical strudent sagarika who has no one what happens when doctor named arun falls her watch uttamsuchitra film online hoichoi,watch sagarika 1956 bengali movie,"watch,sagarika,1956,bengali,movie,online,hoichoi,bengali,film,about,medical,strudent,sagarika,who,has,no,one,what,happens,when,doctor,named,arun,falls,her,watch,uttamsuchitra,film,online,hoichoi","watch,sagarika,1956,bengali,movie,online,hoichoi,bengali,film,about,medical,strudent,sagarika,who,no,one,what,happens,doctor,named,arun,falls,watch,uttamsuchitra,film,online,hoichoi",7
Movies,Charachar,,Acquired,Bengali,India,11-10-2017,Yes,Drama,,Drama,1993,U/A 7+,2,77.8,77.8,,"Indrani Halder, Rajit Kapur, Laboni Sarkar","Watch Charachar Bengali movie online on hoichoi. A Bengali film about a man from a family of bird-catchers, questioning the idea of trapping birds. Will he get answers? Watch the film online on hoichoi.",watch charachar bengali movie online hoichoi bengali film about man family birdcatchers questioning idea trapping birds will he get answers watch film online hoichoi,watch charachar bengali movie online,"watch,charachar,bengali,movie,online,hoichoi,bengali,film,about,man,family,birdcatchers,questioning,idea,trapping,birds,will,he,get,answers,watch,film,online,hoichoi","watch,charachar,bengali,movie,online,hoichoi,bengali,film,about,man,family,birdcatchers,questioning,idea,trapping,birds,he,get,answers,watch,film,online,hoichoi",7
Movies,Bonpalashir Padabali,,Acquired,Bengali,India,11-10-2017,Yes,Drama,,Drama,1973,U,1,140,140,6.6,"Uttam Kumar, Supriya Devi, Bikash Roy","Watch Bonpalashir Padabali Bengali movie online on hoichoi. A romance drama by Uttam Kumar, about three stories on the lives of people living in a village named Bon Palashi. Watch the Bengali film online on hoichoi.",watch bonpalashir padabali bengali movie online hoichoi romance drama uttam kumar about three stories lives people living village named bon palashi watch bengali film online hoichoi,watch bonpalashir padabali bengali movie,"watch,bonpalashir,padabali,bengali,movie,online,hoichoi,romance,drama,uttam,kumar,about,three,stories,lives,people,living,village,named,bon,palashi,watch,bengali,film,online,hoichoi","watch,bonpalashir,padabali,bengali,movie,online,hoichoi,romance,drama,uttam,kumar,about,three,stories,lives,people,living,village,named,bon,palashi,watch,bengali,film,online,hoichoi",0
Movies,Kalankini Kankabati,,Acquired,Bengali,India,11-10-2017,Yes,Drama,,Drama,1981,U/A 7+,2,113.3,113.3,7.1,"Uttam Kumar, Supriya Devi, Mithun Chakraborty, Sharmila Tagore",Watch Kalankini Kankabati Bengali movie online on hoichoi. A Bengali film about a dancer who attracts the attention of a married king. But she is in love with the kingís friend! Watch the film online on hoichoi.,watch kalankini kankabati bengali movie online hoichoi bengali film about dancer who attracts attention married king but she love kingís friend watch film online hoichoi,watch kalankini kankabati bengali movie,"watch,kalankini,kankabati,bengali,movie,online,hoichoi,bengali,film,about,dancer,who,attracts,attention,married,king,but,she,love,kingís,friend,watch,film,online,hoichoi","watch,kalankini,kankabati,bengali,movie,online,hoichoi,bengali,film,about,dancer,who,attracts,attention,married,king,but,she,love,kingís,friend,watch,film,online,hoichoi",7
Movies,Saheb,,Acquired,Bengali,India,11-10-2017,Yes,Drama,Sports,Drama Sports,1981,U,1,121.5,121.5,8.4,"Tapas Paul, Mahua Roy Choudhury, Madhabi Mukherjee",Watch Saheb Bengali movie online on hoichoi. A Bangla film about an young footballer ignored by everyone. What happens when he gives up his career for his family? Watch the Tapas Paul film online on hoichoi.,watch saheb bengali movie online hoichoi bangla film about young footballer ignored everyone what happens when he gives up his career his family watch tapas paul film online hoichoi,watch saheb bengali movie online,"watch,saheb,bengali,movie,online,hoichoi,bangla,film,about,young,footballer,ignored,everyone,what,happens,when,he,gives,up,his,career,his,family,watch,tapas,paul,film,online,hoichoi","watch,saheb,bengali,movie,online,hoichoi,bangla,film,about,young,footballer,ignored,everyone,what,happens,he,gives,up,career,family,watch,tapas,paul,film,online,hoichoi",0
Movies,Arogya Niketan,,Acquired,Bengali,India,11-10-2017,Yes,Drama,,Drama,1969,U,1,135.1,135.1,7.7,"Sandhya Roy, Bikash Roy, Rabi Ghosh",Watch Arogya Niketan Bengali movie online on hoichoi. A Bengali film about an allopathic doctor competing with a successful Ayurvedic doctor to start a clinic in a village. Watch the film online on hoichoi.,watch arogya niketan bengali movie online hoichoi bengali film about allopathic doctor competing successful ayurvedic doctor start clinic village watch film online hoichoi,watch arogya niketan bengali movie,"watch,arogya,niketan,bengali,movie,online,hoichoi,bengali,film,about,allopathic,doctor,competing,successful,ayurvedic,doctor,start,clinic,village,watch,film,online,hoichoi","watch,arogya,niketan,bengali,movie,online,hoichoi,bengali,film,about,allopathic,doctor,competing,successful,ayurvedic,doctor,start,clinic,village,watch,film,online,hoichoi",0
Movies,Amar Prem,,Acquired,Bengali,India,11-10-2017,Yes,Drama,,Drama,1989,U/A 7+,2,134.4,134.4,8.1,"Prosenjit Chatterjee, Juhi Chawla, Shakti Thakur","Watch Amar Prem Bengali movie online on hoichoi. A Bengali romance about Deepika and Subho, who are in love. But Deepikaís father wants him to marry someone else. Watch the Prosenjit-Juhi Chawla film on hoichoi.",watch amar prem bengali movie online hoichoi bengali romance about deepika subho who are love but deepikaís father wants him marry someone else watch prosenjitjuhi chawla film hoichoi,watch amar prem bengali movie,"watch,amar,prem,bengali,movie,online,hoichoi,bengali,romance,about,deepika,subho,who,are,love,but,deepikaís,father,wants,him,marry,someone,else,watch,prosenjitjuhi,chawla,film,hoichoi","watch,amar,prem,bengali,movie,online,hoichoi,bengali,romance,about,deepika,subho,who,love,but,deepikaís,father,wants,him,marry,someone,else,watch,prosenjitjuhi,chawla,film,hoichoi",7
Movies,Nawab,,Acquired,Bengali,India,11-10-2017,Yes,Action,,Action,1991,U/A 7+,2,138.8,138.8,5.4,"Ranjit Mallick, Sandhya Roy, Utpal Dutt","Watch Nawab Bengali movie online on hoichoi. A Bengali film about Nawab, a man of principles, who find the courage to fight for what is right. Will he succeed? Watch the Bengali film online on hoichoi.",watch nawab bengali movie online hoichoi bengali film about nawab man principles who find courage fight what right will he succeed watch bengali film online hoichoi,watch nawab bengali movie online,"watch,nawab,bengali,movie,online,hoichoi,bengali,film,about,nawab,man,principles,who,find,courage,fight,what,right,will,he,succeed,watch,bengali,film,online,hoichoi","watch,nawab,bengali,movie,online,hoichoi,bengali,film,about,nawab,man,principles,who,find,courage,fight,what,right,he,succeed,watch,bengali,film,online,hoichoi",7
Movies,Ekanta Apan,,Acquired,Bengali,India,11-10-2017,Yes,Drama,,Drama,1987,U,1,145,145,,"Victor Banerjee, Aparna Sen, Anup Kumar",Watch Ekanta Apan Bengali movie online on hoichoi. A Bengali romantic film about the love that blossoms between a student and a local goon. Will fate separate the two? Watch the film online on hoichoi.,watch ekanta apan bengali movie online hoichoi bengali romantic film about love blossoms between student local goon will fate separate two watch film online hoichoi,watch ekanta apan bengali movie,"watch,ekanta,apan,bengali,movie,online,hoichoi,bengali,romantic,film,about,love,blossoms,between,student,local,goon,will,fate,separate,two,watch,film,online,hoichoi","watch,ekanta,apan,bengali,movie,online,hoichoi,bengali,romantic,film,about,love,blossoms,between,student,local,goon,fate,separate,two,watch,film,online,hoichoi",0
Movies,Alor Pipasa,,Acquired,Bengali,India,11-10-2017,Yes,Drama,,Drama,1965,U,1,125.5,125.5,,"Basanta Choudhury, Sandhya Roy, Anup Kumar","Watch Alor Pipasa Bengali movie online on hoichoi. A Bengali film about Roshanbai, a dancer who hides her true identity to marry a Brahmin man. Will he find the truth? Watch the film online on hoichoi.",watch alor pipasa bengali movie online hoichoi bengali film about roshanbai dancer who hides her true identity marry brahmin man will he find truth watch film online hoichoi,watch alor pipasa bengali movie,"watch,alor,pipasa,bengali,movie,online,hoichoi,bengali,film,about,roshanbai,dancer,who,hides,her,true,identity,marry,brahmin,man,will,he,find,truth,watch,film,online,hoichoi","watch,alor,pipasa,bengali,movie,online,hoichoi,bengali,film,about,roshanbai,dancer,who,hides,true,identity,marry,brahmin,man,he,find,truth,watch,film,online,hoichoi",0
Movies,Shesh Porjonto,,Acquired,Bengali,India,10-10-2017,Yes,Romantic,,Romantic,1960,U,1,118.3,118.3,,"Chhabi Biswas, Biswajit, Kali Banerjee","Watch Shesh Porjonto Bengali movie online on hoichoi. A Bengali film about a young man who falls for a new woman in the neighbourhood, living with her uncle. Will they unite? Watch the film online on hoichoi.",watch shesh porjonto bengali movie online hoichoi bengali film about young man who falls new woman neighbourhood living her uncle will they unite watch film online hoichoi,watch shesh porjonto bengali movie,"watch,shesh,porjonto,bengali,movie,online,hoichoi,bengali,film,about,young,man,who,falls,new,woman,neighbourhood,living,her,uncle,will,they,unite,watch,film,online,hoichoi","watch,shesh,porjonto,bengali,movie,online,hoichoi,bengali,film,about,young,man,who,falls,new,woman,neighbourhood,living,uncle,they,unite,watch,film,online,hoichoi",0
Movies,Shashi Babur Sansar,,Acquired,Bengali,India,10-10-2017,Yes,Drama,,Drama,1982,U,1,130.1,130.1,7.2,"Chhabi Biswas, Sabitri Chatterjee, Basanta Choudhury",Watch Shashi Babur Sansar Bengali movie online on hoichoi. A Bengali film about the traditional head of the family who imposes strict rules in his home - until he is challenged. Watch this classic film online in hoichoi.,watch shashi babur sansar bengali movie online hoichoi bengali film about traditional head family who imposes strict rules his home until he challenged watch classic film online hoichoi,watch shashi babur sansar bengali,"watch,shashi,babur,sansar,bengali,movie,online,hoichoi,bengali,film,about,traditional,head,family,who,imposes,strict,rules,his,home,until,he,challenged,watch,classic,film,online,hoichoi","watch,shashi,babur,sansar,bengali,movie,online,hoichoi,bengali,film,about,traditional,head,family,who,imposes,strict,rules,home,until,he,challenged,watch,classic,film,online,hoichoi",0
Movies,Shesh Bichar,,Acquired,Bengali,India,10-10-2017,Yes,Drama,,Drama,1980,U/A 7+,2,129.1,129.1,,"Dipankar Dey, Santu Mukhopadhyay, Utpal Dutt","Watch Shesh Bichar Bengali movie online on hoichoi. A Bengali film about Rajiv and Subhra, who get married. But what happens when Subhraís former lover Raja returns? Watch the film online on hoichoi.",watch shesh bichar bengali movie online hoichoi bengali film about rajiv subhra who get married but what happens when subhraís former lover raja returns watch film online hoichoi,watch shesh bichar bengali movie,"watch,shesh,bichar,bengali,movie,online,hoichoi,bengali,film,about,rajiv,subhra,who,get,married,but,what,happens,when,subhraís,former,lover,raja,returns,watch,film,online,hoichoi","watch,shesh,bichar,bengali,movie,online,hoichoi,bengali,film,about,rajiv,subhra,who,get,married,but,what,happens,subhraís,former,lover,raja,returns,watch,film,online,hoichoi",7
Movies,Kanch Kata Hirey,,Acquired,Bengali,India,09-10-2017,Yes,Drama,,Drama,1965,U,1,118.8,118.8,7.9,"Soumitra Chatterjee, Jahar Roy, Bikash Ray",Watch Kanch Kata Hirey Bengali movie online on hoichoi. A Bengali film about a man who investigates his fatherís involvement in a political scandal. Will he get justice? Watch the Soumitra Chatterjee film online on hoichoi.,watch kanch kata hirey bengali movie online hoichoi bengali film about man who investigates his fatherís involvement political scandal will he get justice watch soumitra chatterjee film online hoichoi,watch kanch kata hirey bengali,"watch,kanch,kata,hirey,bengali,movie,online,hoichoi,bengali,film,about,man,who,investigates,his,fatherís,involvement,political,scandal,will,he,get,justice,watch,soumitra,chatterjee,film,online,hoichoi","watch,kanch,kata,hirey,bengali,movie,online,hoichoi,bengali,film,about,man,who,investigates,fatherís,involvement,political,scandal,he,get,justice,watch,soumitra,chatterjee,film,online,hoichoi",0
Movies,Ashite Ashiona,,Acquired,Bengali,India,09-10-2017,Yes,Comedy,,Comedy,1967,U,1,95.5,95.5,,"Bhanu Bandyopadhyay, Ruma Guha Thakurta, Rabi Ghosh",Watch Ashite Ashiona Bengali movie online on hoichoi. A Bhanu Bandyopadhyay film about an old man who wishes to be young again - and is overjoyed when his dream comes true! Watch the Bengali film online on hoichoi.,watch ashite ashiona bengali movie online hoichoi bhanu bandyopadhyay film about old man who wishes young again overjoyed when his dream comes true watch bengali film online hoichoi,watch ashite ashiona bengali movie,"watch,ashite,ashiona,bengali,movie,online,hoichoi,bhanu,bandyopadhyay,film,about,old,man,who,wishes,young,again,overjoyed,when,his,dream,comes,true,watch,bengali,film,online,hoichoi","watch,ashite,ashiona,bengali,movie,online,hoichoi,bhanu,bandyopadhyay,film,about,old,man,who,wishes,young,again,overjoyed,dream,comes,true,watch,bengali,film,online,hoichoi",0
Movies,Bibhas,,Acquired,Bengali,India,09-10-2017,Yes,Drama,,Drama,1964,U,1,127.6,127.6,,"Uttam Kumar, Anubha Gupta, Lolita Chatterjee",Watch Bibhas Bengali movie online on hoichoi. A Bengali film about Bibhas who gets shelter from a village doctor. What will he do when he sees the doctorís reality? Watch the film online on hoichoi.,watch bibhas bengali movie online hoichoi bengali film about bibhas who gets shelter village doctor what will he do when he sees doctorís reality watch film online hoichoi,watch bibhas bengali movie online,"watch,bibhas,bengali,movie,online,hoichoi,bengali,film,about,bibhas,who,gets,shelter,village,doctor,what,will,he,do,when,he,sees,doctorís,reality,watch,film,online,hoichoi","watch,bibhas,bengali,movie,online,hoichoi,bengali,film,about,bibhas,who,gets,shelter,village,doctor,what,he,he,sees,doctorís,reality,watch,film,online,hoichoi",0
Movies,Raja Saheb,,Acquired,Bengali,India,09-10-2017,Yes,Drama,,Drama,1980,U,1,109.9,109.9,,"Uttam Kumar, Ruma Guha Thakurta, Samit Bhanja","Watch Raja Saheb Bengali movie online on hoichoi. A Bengali film about the ill-fated lives of three people, as they get banned from their village. How will they cope? Watch the film online on hoichoi.",watch raja saheb bengali movie online hoichoi bengali film about illfated lives three people they get banned their village how will they cope watch film online hoichoi,watch raja saheb bengali movie,"watch,raja,saheb,bengali,movie,online,hoichoi,bengali,film,about,illfated,lives,three,people,they,get,banned,their,village,how,will,they,cope,watch,film,online,hoichoi","watch,raja,saheb,bengali,movie,online,hoichoi,bengali,film,about,illfated,lives,three,people,they,get,banned,their,village,how,they,cope,watch,film,online,hoichoi",0
Movies,Swarna Sikhar Prangane,,Acquired,Bengali,India,09-10-2017,Yes,Comedy,,Comedy,1970,U,1,116.2,116.2,,"Madhabi Mukherjee, Tarun Kumar, Dilip Roy","Watch Swarna Sikhar Prangane Bengali movie online on hoichoi. A Bengali film about a trip to the mountains of Darjeeling, helping the travellers gather memories and find answers. Watch the film online on hoichoi.",watch swarna sikhar prangane bengali movie online hoichoi bengali film about trip mountains darjeeling helping travellers gather memories find answers watch film online hoichoi,watch swarna sikhar prangane bengali,"watch,swarna,sikhar,prangane,bengali,movie,online,hoichoi,bengali,film,about,trip,mountains,darjeeling,helping,travellers,gather,memories,find,answers,watch,film,online,hoichoi","watch,swarna,sikhar,prangane,bengali,movie,online,hoichoi,bengali,film,about,trip,mountains,darjeeling,helping,travellers,gather,memories,find,answers,watch,film,online,hoichoi",0
Movies,Saat Pake Bandha (1963),,Acquired,Bengali,India,05-10-2017,Yes,Drama,,Drama,1963,U,1,155,155,,"Soumitra Chatterjee, Suchitra Sen, Pahari Sanyal",Watch Saat Pake Bandha (1963) Bengali movie online on hoichoi. A Bengali movie about Rahul marrying Pallavi on the condition that they would stay together only for one year. Watch the Jeet-Koel film online on hoichoi.,watch saat pake bandha 1963 bengali movie online hoichoi bengali movie about rahul marrying pallavi condition they would stay together only one year watch jeetkoel film online hoichoi,watch saat pake bandha 1963,"watch,saat,pake,bandha,1963,bengali,movie,online,hoichoi,bengali,movie,about,rahul,marrying,pallavi,condition,they,would,stay,together,only,one,year,watch,jeetkoel,film,online,hoichoi","watch,saat,pake,bandha,1963,bengali,movie,online,hoichoi,bengali,movie,about,rahul,marrying,pallavi,condition,they,would,stay,together,only,one,year,watch,jeetkoel,film,online,hoichoi",0
Movies,Hirak Rajar Deshe,,Acquired,Bengali,India,22-09-2017,Yes,Drama,Fantasy,Drama Fantasy,1980,U/A 7+,2,114.5,114.5,7.5,"Soumitra Chatterjee, Utpal Dutt, Rabi Ghosh",Watch Hirak Rajar Deshe Bengali movie online on hoichoi. Satyajit Rayís classic Bengali movie is the second Goopy Gyne Bagha Byne film and takes you to the Diamond Kingís land. Watch the full movie on hoichoi.,watch hirak rajar deshe bengali movie online hoichoi satyajit rayís classic bengali movie second goopy gyne bagha byne film takes you diamond kingís land watch full movie hoichoi,watch hirak rajar deshe bengali,"watch,hirak,rajar,deshe,bengali,movie,online,hoichoi,satyajit,rayís,classic,bengali,movie,second,goopy,gyne,bagha,byne,film,takes,you,diamond,kingís,land,watch,full,movie,hoichoi","watch,hirak,rajar,deshe,bengali,movie,online,hoichoi,satyajit,rayís,classic,bengali,movie,second,goopy,gyne,bagha,byne,film,takes,you,diamond,kingís,land,watch,full,movie,hoichoi",7
Movies,Chiriakhana,,Acquired,Bengali,India,22-09-2017,Yes,Detective,Mystery,Detective Mystery,1967,U/A 7+,2,121.7,121.7,6.5,"Uttam Kumar, Kanika Majumdar, Subrata Chatterjee",Watch Chiriakhana Bengali movie online on hoichoi. Satyajit Rayís thriller film starring Uttam Kumar as Byomkesh Bakshi as he investigates the murder of his friend. Watch the Bengali film online on hoichoi.,watch chiriakhana bengali movie online hoichoi satyajit rayís thriller film starring uttam kumar byomkesh bakshi he investigates murder his friend watch bengali film online hoichoi,watch chiriakhana bengali movie online,"watch,chiriakhana,bengali,movie,online,hoichoi,satyajit,rayís,thriller,film,starring,uttam,kumar,byomkesh,bakshi,he,investigates,murder,his,friend,watch,bengali,film,online,hoichoi","watch,chiriakhana,bengali,movie,online,hoichoi,satyajit,rayís,thriller,film,starring,uttam,kumar,byomkesh,bakshi,he,investigates,murder,friend,watch,bengali,film,online,hoichoi",7
Movies,Shubho Mahurat,,Acquired,Bengali,India,22-09-2017,Yes,Thriller,Mystery,Thriller Mystery,2003,U/A 7+,2,154.3,154.3,7.7,"Sharmila Tagore, Rakhee Gulzar, Nandita Das","Watch Shubho Mahurat Bengali movie online on hoichoi. A Miss Marple-like detective film by Rituparno Ghosh about an actressí murder, investigated by journalist and her aunt. Watch the film online on hoichoi.",watch shubho mahurat bengali movie online hoichoi miss marplelike detective film rituparno ghosh about actressí murder investigated journalist her aunt watch film online hoichoi,watch shubho mahurat bengali movie,"watch,shubho,mahurat,bengali,movie,online,hoichoi,miss,marplelike,detective,film,rituparno,ghosh,about,actressí,murder,investigated,journalist,her,aunt,watch,film,online,hoichoi","watch,shubho,mahurat,bengali,movie,online,hoichoi,miss,marplelike,detective,film,rituparno,ghosh,about,actressí,murder,investigated,journalist,aunt,watch,film,online,hoichoi",7
Movies,Unishe April,,Acquired,Bengali,India,22-09-2017,Yes,Drama,,Drama,1996,U/A 7+,2,133.3,133.3,,"Aparna Sen, Dipankar Dey, Debashree Roy","Watch Unishe April Bengali movie online on hoichoi. A Rituparno Ghosh film about a mother-daughter conversation, as they uncover old memories, pain, and bitterness. Watch the film online on hoichoi.",watch unishe april bengali movie online hoichoi rituparno ghosh film about motherdaughter conversation they uncover old memories pain bitterness watch film online hoichoi,watch unishe april bengali movie,"watch,unishe,april,bengali,movie,online,hoichoi,rituparno,ghosh,film,about,motherdaughter,conversation,they,uncover,old,memories,pain,bitterness,watch,film,online,hoichoi","watch,unishe,april,bengali,movie,online,hoichoi,rituparno,ghosh,film,about,motherdaughter,conversation,they,uncover,old,memories,pain,bitterness,watch,film,online,hoichoi",7
Movies,Bhalo Theko,,Acquired,Bengali,India,22-09-2017,Yes,Drama,,Drama,2003,U/A 7+,2,119.3,119.3,,"Vidya Balan, Soumitra Chatterjee, Joy Sengupta, Debshankar Haldar",Watch Bhalo Theko Bengali movie online on hoichoi. A Bengali film about a girl who is loves her brotherís friend. What happens when the love of her life goes abroad? Watch the Vidya balan movie online on hoichoi.,watch bhalo theko bengali movie online hoichoi bengali film about girl who loves her brotherís friend what happens when love her life goes abroad watch vidya balan movie online hoichoi,watch bhalo theko bengali movie,"watch,bhalo,theko,bengali,movie,online,hoichoi,bengali,film,about,girl,who,loves,her,brotherís,friend,what,happens,when,love,her,life,goes,abroad,watch,vidya,balan,movie,online,hoichoi","watch,bhalo,theko,bengali,movie,online,hoichoi,bengali,film,about,girl,who,loves,brotherís,friend,what,happens,love,life,goes,abroad,watch,vidya,balan,movie,online,hoichoi",7
Movies,Mauchaak,,Acquired,Bengali,India,22-09-2017,Yes,Drama,,Drama,1975,U/A 7+,2,127.1,127.1,4.5,"Uttam Kumar, Sabitri Chatterjee, Ranjit Mallick",Watch Mauchaak Bengali movie online on hoichoi. A comedy about a bachelor getting marriage proposals when he rents a house near his office. Will his brother help? Watch the bengali film online on hoichoi.,watch mauchaak bengali movie online hoichoi comedy about bachelor getting marriage proposals when he rents house near his office will his brother help watch bengali film online hoichoi,watch mauchaak bengali movie online,"watch,mauchaak,bengali,movie,online,hoichoi,comedy,about,bachelor,getting,marriage,proposals,when,he,rents,house,near,his,office,will,his,brother,help,watch,bengali,film,online,hoichoi","watch,mauchaak,bengali,movie,online,hoichoi,comedy,about,bachelor,getting,marriage,proposals,he,rents,house,near,office,brother,help,watch,bengali,film,online,hoichoi",7
Movies,Ogo Badhu Sundari,,Acquired,Bengali,India,22-09-2017,Yes,Drama,,Drama,1981,U,1,129.6,129.6,7.6,"Uttam Kumar, Moushumi Chatterjee, Santosh Dutta",Watch Ogo Badhu Sundari Bengali movie online on hoichoi. A Bengali comedy about a man trying to groom a girl who seeks shelter in his house and invites trouble in his marriage. Watch Uttam Kumar's last hit online on hoichoi.,watch ogo badhu sundari bengali movie online hoichoi bengali comedy about man trying groom girl who seeks shelter his house invites trouble his marriage watch uttam kumars last hit online hoichoi,watch ogo badhu sundari bengali,"watch,ogo,badhu,sundari,bengali,movie,online,hoichoi,bengali,comedy,about,man,trying,groom,girl,who,seeks,shelter,his,house,invites,trouble,his,marriage,watch,uttam,kumars,last,hit,online,hoichoi","watch,ogo,badhu,sundari,bengali,movie,online,hoichoi,bengali,comedy,about,man,trying,groom,girl,who,seeks,shelter,house,invites,trouble,marriage,watch,uttam,kumars,last,hit,online,hoichoi",0
Movies,Antarleen,,Acquired,Bengali,India,22-09-2017,Yes,Drama,,Drama,2016,U/A 7+,2,91.4,91.4,7.1,"Kharaj Mukherjee, Mamata Shankar, Sampurna Lahiri",Watch Antarleen Bengali movie online on hoichoi. A Bengali thriller about a police detective who is forced to cut his vacation short because of a mysterious death. Watch the film online on hoichoi.,watch antarleen bengali movie online hoichoi bengali thriller about police detective who forced cut his vacation short because mysterious death watch film online hoichoi,watch antarleen bengali movie online,"watch,antarleen,bengali,movie,online,hoichoi,bengali,thriller,about,police,detective,who,forced,cut,his,vacation,short,because,mysterious,death,watch,film,online,hoichoi","watch,antarleen,bengali,movie,online,hoichoi,bengali,thriller,about,police,detective,who,forced,cut,vacation,short,because,mysterious,death,watch,film,online,hoichoi",7
Movies,Chander Pahar,,Acquired,Bengali,India,21-09-2017,Yes,Adventure,Fantasy,Adventure Fantasy,2013,U/A 7+,2,148.7,148.7,6.4,"Dev, Gerard Rudolf, Laboni Sarkar",Watch Chander Pahar Bengali movie online on hoichoi. A Bengali adventure story adapted from Bibhutibhushan Bandyopadhyayís novel about a manís strange experiences in Africa. Watch the movie online on hoichoi.,watch chander pahar bengali movie online hoichoi bengali adventure story adapted bibhutibhushan bandyopadhyayís novel about manís strange experiences africa watch movie online hoichoi,watch chander pahar bengali movie,"watch,chander,pahar,bengali,movie,online,hoichoi,bengali,adventure,story,adapted,bibhutibhushan,bandyopadhyayís,novel,about,manís,strange,experiences,africa,watch,movie,online,hoichoi","watch,chander,pahar,bengali,movie,online,hoichoi,bengali,adventure,story,adapted,bibhutibhushan,bandyopadhyayís,novel,about,manís,strange,experiences,africa,watch,movie,online,hoichoi",7
Movies,Pather Panchali,,Acquired,Bengali,India,20-09-2017,Yes,Drama,,Drama,1955,U,1,120.4,120.4,8.2,"Satyajit Ray, Subir Banerjee, Chunibala Devi, Uma Dasgupta","Watch Pather Panchali Bengali movie online on hoichoi. The Bengali classic movie is Satyajit Rayís debut film, depicting the lives of siblings Apu and Durga living in poverty. Watch Ray's beautiful artwork on hoichoi.",watch pather panchali bengali movie online hoichoi bengali classic movie satyajit rayís debut film depicting lives siblings apu durga living poverty watch rays beautiful artwork hoichoi,watch pather panchali bengali movie,"watch,pather,panchali,bengali,movie,online,hoichoi,bengali,classic,movie,satyajit,rayís,debut,film,depicting,lives,siblings,apu,durga,living,poverty,watch,rays,beautiful,artwork,hoichoi","watch,pather,panchali,bengali,movie,online,hoichoi,bengali,classic,movie,satyajit,rayís,debut,film,depicting,lives,siblings,apu,durga,living,poverty,watch,rays,beautiful,artwork,hoichoi",0
Movies,Sare Chuattar,,Acquired,Bengali,India,20-09-2017,Yes,Comedy,,Comedy,1953,U,1,97.9,97.9,8.2,"Uttam Kumar, Suchitra Sen, Gurudas Banerjee","Watch Sare Chuattar Bengali movie online on hoichoi. A Bengali comedy about the members of a boysí hostel living happily, until a woman enters their lives. What do they do? Watch the Uttam-Suchitra film online on hoichoi.",watch sare chuattar bengali movie online hoichoi bengali comedy about members boysí hostel living happily until woman enters their lives what do they do watch uttamsuchitra film online hoichoi,watch sare chuattar bengali movie,"watch,sare,chuattar,bengali,movie,online,hoichoi,bengali,comedy,about,members,boysí,hostel,living,happily,until,woman,enters,their,lives,what,do,they,do,watch,uttamsuchitra,film,online,hoichoi","watch,sare,chuattar,bengali,movie,online,hoichoi,bengali,comedy,about,members,boysí,hostel,living,happily,until,woman,enters,their,lives,what,they,watch,uttamsuchitra,film,online,hoichoi",0
Movies,Aparajito,,Acquired,Bengali,India,20-09-2017,Yes,Drama,,Drama,1956,U,1,93.6,93.6,,"Kanu Banerjee, Pinaki Sengupta, Karuna Banerjee","Watch Aparajito Bengali movie online on hoichoi. The second part of the Apu Trilogy, this Bangla classic is about Apuís mother falling ill when heís in Kolkata to study. Watch the Satyajit Ray film online on hoichoi.",watch aparajito bengali movie online hoichoi second part apu trilogy bangla classic about apuís mother falling ill when heís kolkata study watch satyajit ray film online hoichoi,watch aparajito bengali movie online,"watch,aparajito,bengali,movie,online,hoichoi,second,part,apu,trilogy,bangla,classic,about,apuís,mother,falling,ill,when,heís,kolkata,study,watch,satyajit,ray,film,online,hoichoi","watch,aparajito,bengali,movie,online,hoichoi,second,part,apu,trilogy,bangla,classic,about,apuís,mother,falling,ill,heís,kolkata,study,watch,satyajit,ray,film,online,hoichoi",0
Movies,Ashani Sanket,,Acquired,Bengali,India,20-09-2017,Yes,Drama,Social,Drama Social,1973,U/A 7+,2,97,97,,"Soumitra Chatterjee, Babita, Sandhya Roy","Watch Ashani Sanket Bengali movie online on hoichoi. A Bengali film set in 1943, highlighting man-made disasters through unfortunate tales of a village hit by famine. Watch the Satyajit Ray masterpiece on hoichoi.",watch ashani sanket bengali movie online hoichoi bengali film set 1943 highlighting manmade disasters through unfortunate tales village hit famine watch satyajit ray masterpiece hoichoi,watch ashani sanket bengali movie,"watch,ashani,sanket,bengali,movie,online,hoichoi,bengali,film,set,1943,highlighting,manmade,disasters,through,unfortunate,tales,village,hit,famine,watch,satyajit,ray,masterpiece,hoichoi","watch,ashani,sanket,bengali,movie,online,hoichoi,bengali,film,set,1943,highlighting,manmade,disasters,through,unfortunate,tales,village,hit,famine,watch,satyajit,ray,masterpiece,hoichoi",7
Movies,Deya Neya,,Acquired,Bengali,India,20-09-2017,Yes,Drama,Musical,Drama Musical,1963,U,1,106.7,106.7,8.2,"Uttam Kumar, Tanuja, Kamal Mitra",Watch Deya Neya Bengali movie online on hoichoi. A Bengali film about a man who goes against the wishes of his wealthy father to become a musician. Does he succeed? Watch the Uttam Kumar classic film online on hoichoi.,watch deya neya bengali movie online hoichoi bengali film about man who goes against wishes his wealthy father become musician does he succeed watch uttam kumar classic film online hoichoi,watch deya neya bengali movie,"watch,deya,neya,bengali,movie,online,hoichoi,bengali,film,about,man,who,goes,against,wishes,his,wealthy,father,become,musician,does,he,succeed,watch,uttam,kumar,classic,film,online,hoichoi","watch,deya,neya,bengali,movie,online,hoichoi,bengali,film,about,man,who,goes,against,wishes,wealthy,father,become,musician,he,succeed,watch,uttam,kumar,classic,film,online,hoichoi",0
Movies,Jalsaghar,,Acquired,Bengali,India,20-09-2017,Yes,Drama,,Drama,1958,U/A 7+,2,90.3,90.3,7.9,"Chhabi Biswas, Padma Devi, Kali Sarkar, Satyajit Ray",Watch Jalsaghar Bengali movie online on hoichoi. A Bengali film about a rich man spending his wealth in music festivals. What happens when he competes with a neighbour? Watch the film online on hoichoi.,watch jalsaghar bengali movie online hoichoi bengali film about rich man spending his wealth music festivals what happens when he competes neighbour watch film online hoichoi,watch jalsaghar bengali movie online,"watch,jalsaghar,bengali,movie,online,hoichoi,bengali,film,about,rich,man,spending,his,wealth,music,festivals,what,happens,when,he,competes,neighbour,watch,film,online,hoichoi","watch,jalsaghar,bengali,movie,online,hoichoi,bengali,film,about,rich,man,spending,wealth,music,festivals,what,happens,he,competes,neighbour,watch,film,online,hoichoi",7
Movies,Khudito Pashan,,Acquired,Bengali,India,20-09-2017,Yes,Drama,,Drama,1960,U/A 7+,2,100,100,,"Arundhati Devi, Soumitra Chatterjee, Chhabi Biswas",Watch Khudito Pashan Bengali movie online on hoichoi. A Bengali film adapted from Tagoreís short story about a man who starts living in a haunted palace in a village. Watch the Soumitra Chatterjee film on hoichoi.,watch khudito pashan bengali movie online hoichoi bengali film adapted tagoreís short story about man who starts living haunted palace village watch soumitra chatterjee film hoichoi,watch khudito pashan bengali movie,"watch,khudito,pashan,bengali,movie,online,hoichoi,bengali,film,adapted,tagoreís,short,story,about,man,who,starts,living,haunted,palace,village,watch,soumitra,chatterjee,film,hoichoi","watch,khudito,pashan,bengali,movie,online,hoichoi,bengali,film,adapted,tagoreís,short,story,about,man,who,starts,living,haunted,palace,village,watch,soumitra,chatterjee,film,hoichoi",7
Movies,Shriman Prithviraj,,Acquired,Bengali,India,20-09-2017,Yes,Drama,,Drama,1973,U/A 7+,2,107.8,107.8,8.2,"Ayan Banerjee, Mahua Roy Choudhury, Sandhya Roy",Watch Shriman Prithviraj Bengali movie online on hoichoi. A Bengali film set in British India about a young boy forced to marry a girl to change his mischievous ways. Watch the film online on hoichoi.,watch shriman prithviraj bengali movie online hoichoi bengali film set british india about young boy forced marry girl change his mischievous ways watch film online hoichoi,watch shriman prithviraj bengali movie,"watch,shriman,prithviraj,bengali,movie,online,hoichoi,bengali,film,set,british,india,about,young,boy,forced,marry,girl,change,his,mischievous,ways,watch,film,online,hoichoi","watch,shriman,prithviraj,bengali,movie,online,hoichoi,bengali,film,set,british,india,about,young,boy,forced,marry,girl,change,mischievous,ways,watch,film,online,hoichoi",7
Movies,Khokababur Pratyabartan,,Acquired,Bengali,India,20-09-2017,Yes,Drama,,Drama,1960,U,1,102,102,7.8,"Uttam Kumar, Kaberi Bose, Asit Baran",Watch Khokababur Pratyabartan Bengali movie online on hoichoi. A Bengali film about a loyal servant's sacrifice after getting blamed for the death of his masterís son. Watch the adaptation of Tagore's short on hoichoi.,watch khokababur pratyabartan bengali movie online hoichoi bengali film about loyal servants sacrifice after getting blamed death his masterís son watch adaptation tagores short hoichoi,watch khokababur pratyabartan bengali movie,"watch,khokababur,pratyabartan,bengali,movie,online,hoichoi,bengali,film,about,loyal,servants,sacrifice,after,getting,blamed,death,his,masterís,son,watch,adaptation,tagores,short,hoichoi","watch,khokababur,pratyabartan,bengali,movie,online,hoichoi,bengali,film,about,loyal,servants,sacrifice,after,getting,blamed,death,masterís,son,watch,adaptation,tagores,short,hoichoi",0
Movies,Kaal,,Acquired,Bengali,India,20-09-2017,Yes,Drama,,Drama,2007,U/A 16+,4,106.5,106.5,6,"Sandhya Shetty, Chandrayee Ghosh, Rudranil Ghosh",Watch Kaal Bengali movie online on hoichoi. A Bengali film about four women trapped in a web of flesh trade because of poverty. Will they climb out of the darkness? Watch the film online on hoichoi.,watch kaal bengali movie online hoichoi bengali film about four women trapped web flesh trade because poverty will they climb out darkness watch film online hoichoi,watch kaal bengali movie online,"watch,kaal,bengali,movie,online,hoichoi,bengali,film,about,four,women,trapped,web,flesh,trade,because,poverty,will,they,climb,out,darkness,watch,film,online,hoichoi","watch,kaal,bengali,movie,online,hoichoi,bengali,film,about,four,women,trapped,web,flesh,trade,because,poverty,they,climb,out,darkness,watch,film,online,hoichoi",16
Movies,Ora Thakey Odharey,,Acquired,Bengali,India,20-09-2017,Yes,Drama,,Drama,1954,U,1,99.5,99.5,7.2,"Uttam Kumar, Suchitra Sen, Bhanu Bandyopadhyay",Watch Ora Thakey Odharey Bengali movie online on hoichoi. A Bangla film about two neighbouring families fighting about their roots in East and West Bengal. Can love change them? Watch the Uttam-Suchitra romance on hoichoi.,watch ora thakey odharey bengali movie online hoichoi bangla film about two neighbouring families fighting about their roots east west bengal can love change them watch uttamsuchitra romance hoichoi,watch ora thakey odharey bengali,"watch,ora,thakey,odharey,bengali,movie,online,hoichoi,bangla,film,about,two,neighbouring,families,fighting,about,their,roots,east,west,bengal,can,love,change,them,watch,uttamsuchitra,romance,hoichoi","watch,ora,thakey,odharey,bengali,movie,online,hoichoi,bangla,film,about,two,neighbouring,families,fighting,about,their,roots,east,west,bengal,love,change,them,watch,uttamsuchitra,romance,hoichoi",0
Movies,Atal Jaler Ahwan,,Acquired,Bengali,India,20-09-2017,Yes,Drama,,Drama,1962,U,1,127.8,127.8,,"Soumitra Chatterjee, Tandra Burman, Chhabi Biswas",Watch Atal Jaler Ahwan Bengali movie online on hoichoi. A Bengali film about the ill-fated love story of a couple who have to face the obstacles of rigid rules of society. Watch the film online on hoichoi.,watch atal jaler ahwan bengali movie online hoichoi bengali film about illfated love story couple who have face obstacles rigid rules society watch film online hoichoi,watch atal jaler ahwan bengali,"watch,atal,jaler,ahwan,bengali,movie,online,hoichoi,bengali,film,about,illfated,love,story,couple,who,have,face,obstacles,rigid,rules,society,watch,film,online,hoichoi","watch,atal,jaler,ahwan,bengali,movie,online,hoichoi,bengali,film,about,illfated,love,story,couple,who,face,obstacles,rigid,rules,society,watch,film,online,hoichoi",0
Movies,Jamai No. 1,,Acquired,Bengali,India,20-09-2017,Yes,Drama,,Drama,1998,U/A 7+,2,160.3,160.3,,"Megha Ghosh, Biren Mishra, Pushpa Panda",Watch Jamai No. 1 Bengali movie online on hoichoi. A comedy about a businessman whose two sons-in-law depend on him. What happens when his third daughter marries a thief? Watch the Bengali family drama on hoichoi.,watch jamai no 1 bengali movie online hoichoi comedy about businessman whose two sonsinlaw depend him what happens when his third daughter marries thief watch bengali family drama hoichoi,watch jamai no 1 bengali,"watch,jamai,no,1,bengali,movie,online,hoichoi,comedy,about,businessman,whose,two,sonsinlaw,depend,him,what,happens,when,his,third,daughter,marries,thief,watch,bengali,family,drama,hoichoi","watch,jamai,no,1,bengali,movie,online,hoichoi,comedy,about,businessman,whose,two,sonsinlaw,depend,him,what,happens,third,daughter,marries,thief,watch,bengali,family,drama,hoichoi",7
Movies,Chaya Surya,,Acquired,Bengali,India,20-09-2017,Yes,Devotional,,Devotional,1963,U,1,124.4,124.4,,"Sharmila Tagore, Rabi Ghosh, Bhanu Bandopadhyay","Watch Chaya Surya Bengali movie online on hoichoi. A Bengali film about a girl who is always criticised for her dark complexion, and compared with her fair-skinned sister. Watch the Sharmila Tagore film online on hoichoi.",watch chaya surya bengali movie online hoichoi bengali film about girl who always criticised her dark complexion compared her fairskinned sister watch sharmila tagore film online hoichoi,watch chaya surya bengali movie,"watch,chaya,surya,bengali,movie,online,hoichoi,bengali,film,about,girl,who,always,criticised,her,dark,complexion,compared,her,fairskinned,sister,watch,sharmila,tagore,film,online,hoichoi","watch,chaya,surya,bengali,movie,online,hoichoi,bengali,film,about,girl,who,always,criticised,dark,complexion,compared,fairskinned,sister,watch,sharmila,tagore,film,online,hoichoi",0
Movies,Deepar Prem,,Acquired,Bengali,India,20-09-2017,Yes,Romantic,,Romantic,1983,U,1,89.2,89.2,,"Moon Moon Sen, Tapas Paul, Chhaya Devi","Watch Deepar Prem Bengali movie online on hoichoi. A Bengali hit starring Moonmoon Sen and Tapas Paul, about a simple love story with the longing and sweetness of romance. Watch the movie online on hoichoi.",watch deepar prem bengali movie online hoichoi bengali hit starring moonmoon sen tapas paul about simple love story longing sweetness romance watch movie online hoichoi,watch deepar prem bengali movie,"watch,deepar,prem,bengali,movie,online,hoichoi,bengali,hit,starring,moonmoon,sen,tapas,paul,about,simple,love,story,longing,sweetness,romance,watch,movie,online,hoichoi","watch,deepar,prem,bengali,movie,online,hoichoi,bengali,hit,starring,moonmoon,sen,tapas,paul,about,simple,love,story,longing,sweetness,romance,watch,movie,online,hoichoi",0
Movies,Adhikar,,Acquired,Bengali,India,20-09-2017,Yes,Drama,,Drama,2004,U/A 13+,3,152,152,5,"Tapas Paul, Soumitra Chatterjee, Laboni Sarkar",Watch Adhikar Bengali movie online on hoichoi. A Bengali film about a woman seeking revenge becauser her husband is wrongly accused on murder. Will she succeed? Watch the film online on hoichoi.,watch adhikar bengali movie online hoichoi bengali film about woman seeking revenge becauser her husband wrongly accused murder will she succeed watch film online hoichoi,watch adhikar bengali movie online,"watch,adhikar,bengali,movie,online,hoichoi,bengali,film,about,woman,seeking,revenge,becauser,her,husband,wrongly,accused,murder,will,she,succeed,watch,film,online,hoichoi","watch,adhikar,bengali,movie,online,hoichoi,bengali,film,about,woman,seeking,revenge,becauser,husband,wrongly,accused,murder,she,succeed,watch,film,online,hoichoi",13
Movies,Chaitali,,Acquired,Bengali,India,20-09-2017,Yes,Drama,,Drama,1982,U,1,136.4,136.4,,"Biswajit, Jahar Roy, Tanuja",Watch Chaitali Bengali movie online on hoichoi. A Bengali film about Amitabha and Lajwanti whose lives change as they cross paths with the local smuggler Kumar Saheb. Watch the film online on hoichoi.,watch chaitali bengali movie online hoichoi bengali film about amitabha lajwanti whose lives change they cross paths local smuggler kumar saheb watch film online hoichoi,watch chaitali bengali movie online,"watch,chaitali,bengali,movie,online,hoichoi,bengali,film,about,amitabha,lajwanti,whose,lives,change,they,cross,paths,local,smuggler,kumar,saheb,watch,film,online,hoichoi","watch,chaitali,bengali,movie,online,hoichoi,bengali,film,about,amitabha,lajwanti,whose,lives,change,they,cross,paths,local,smuggler,kumar,saheb,watch,film,online,hoichoi",0
Movies,Karunamoyee,,Acquired,Bengali,India,20-09-2017,Yes,Romantic,,Romantic,1978,U,1,143.8,143.8,,"Sandhya Roy, Biswajit, Chhaya Devi",Watch Karunamoyee Bengali movie online on hoichoi. A Bengali movie about the struggle of a mother with a physically challenged baby. Will her faith give her peace? Watch the full movie online on hoichoi.,watch karunamoyee bengali movie online hoichoi bengali movie about struggle mother physically challenged baby will her faith give her peace watch full movie online hoichoi,watch karunamoyee bengali movie online,"watch,karunamoyee,bengali,movie,online,hoichoi,bengali,movie,about,struggle,mother,physically,challenged,baby,will,her,faith,give,her,peace,watch,full,movie,online,hoichoi","watch,karunamoyee,bengali,movie,online,hoichoi,bengali,movie,about,struggle,mother,physically,challenged,baby,faith,give,peace,watch,full,movie,online,hoichoi",0
Movies,Ei Mon Tomai Diyechi,,Acquired,Bengali,India,20-09-2017,Yes,Romantic,Action,Romantic Action,2011,U,1,144.1,144.1,,"Sabyasachi Chakraborty, Bijay Mohanty, Tandra Roy","Watch Ei Mon Tomai Diyechi Bengali movie online on hoichoi. A Bengali film about the love story of Billu, a simpleton, and Swati, the sister of a gangster. Will they unite? Watch the film online on hoichoi.",watch ei mon tomai diyechi bengali movie online hoichoi bengali film about love story billu simpleton swati sister gangster will they unite watch film online hoichoi,watch ei mon tomai diyechi,"watch,ei,mon,tomai,diyechi,bengali,movie,online,hoichoi,bengali,film,about,love,story,billu,simpleton,swati,sister,gangster,will,they,unite,watch,film,online,hoichoi","watch,ei,mon,tomai,diyechi,bengali,movie,online,hoichoi,bengali,film,about,love,story,billu,simpleton,swati,sister,gangster,they,unite,watch,film,online,hoichoi",0
Movies,Agni Yuddha,,Acquired,Bengali,India,20-09-2017,Yes,Drama,,Drama,2010,U/A 13+,3,153.2,153.2,,"Mukesh Rishi, Sabyasachi Chakraborty, Riya Mukherjee",Watch Agni Yuddha Bengali movie online on hoichoi. A Bengali film about the relationship between a brother and a sister that turns bitter when the sister falls in love. Watch the film online on hoichoi.,watch agni yuddha bengali movie online hoichoi bengali film about relationship between brother sister turns bitter when sister falls love watch film online hoichoi,watch agni yuddha bengali movie,"watch,agni,yuddha,bengali,movie,online,hoichoi,bengali,film,about,relationship,between,brother,sister,turns,bitter,when,sister,falls,love,watch,film,online,hoichoi","watch,agni,yuddha,bengali,movie,online,hoichoi,bengali,film,about,relationship,between,brother,sister,turns,bitter,sister,falls,love,watch,film,online,hoichoi",13
Movies,Amar Adorer Bon,,Acquired,Bengali,India,20-09-2017,Yes,Drama,,Drama,2011,U,1,135.8,135.8,,"Mihir Das, Aparajita Mohanty, Urvashi Mishra",Watch Amar Adorer Bon Bengali movie online on hoichoi. A Bengali film about the bond of a brother and a sister. Will their relationship survive the threat of misunderstanding? Watch the Prosenjit Chatterjee film on hoichoi.,watch amar adorer bon bengali movie online hoichoi bengali film about bond brother sister will their relationship survive threat misunderstanding watch prosenjit chatterjee film hoichoi,watch amar adorer bon bengali,"watch,amar,adorer,bon,bengali,movie,online,hoichoi,bengali,film,about,bond,brother,sister,will,their,relationship,survive,threat,misunderstanding,watch,prosenjit,chatterjee,film,hoichoi","watch,amar,adorer,bon,bengali,movie,online,hoichoi,bengali,film,about,bond,brother,sister,their,relationship,survive,threat,misunderstanding,watch,prosenjit,chatterjee,film,hoichoi",0
Movies,Jamalaye Jibanta Manush,,Acquired,Bengali,India,18-09-2017,Yes,Drama,,Drama,1958,U,1,127.1,127.1,7.7,"Bhanu Bandyopadhyay, Jahar Roy, Tulsi Chakraborty","Watch Jamalaye Jibanta Manush Bengali movie online on hoichoi. A Bhanu Bandyopadhyay film about a man sent alive to hell, after his lover commist suicide. What will he do now? Watch the Bengali film online on hoichoi.",watch jamalaye jibanta manush bengali movie online hoichoi bhanu bandyopadhyay film about man sent alive hell after his lover commist suicide what will he do now watch bengali film online hoichoi,watch jamalaye jibanta manush bengali,"watch,jamalaye,jibanta,manush,bengali,movie,online,hoichoi,bhanu,bandyopadhyay,film,about,man,sent,alive,hell,after,his,lover,commist,suicide,what,will,he,do,now,watch,bengali,film,online,hoichoi","watch,jamalaye,jibanta,manush,bengali,movie,online,hoichoi,bhanu,bandyopadhyay,film,about,man,sent,alive,hell,after,lover,commist,suicide,what,he,now,watch,bengali,film,online,hoichoi",0
Movies,Bisha Brikha,,Acquired,Bengali,India,18-09-2017,Yes,Thriller,,Thriller,1984,U,1,124.6,124.6,6.5,"Ranjit Mallick, Aparna Sen, Debashree Roy",Watch Bisha Brikha Bengali movie online on hoichoi. A Bengali film about a zamindar caught between his married life and his feelings for a gorgeous woman. Watch the onscreen adaptation of the novel on hoichoi.,watch bisha brikha bengali movie online hoichoi bengali film about zamindar caught between his married life his feelings gorgeous woman watch onscreen adaptation novel hoichoi,watch bisha brikha bengali movie,"watch,bisha,brikha,bengali,movie,online,hoichoi,bengali,film,about,zamindar,caught,between,his,married,life,his,feelings,gorgeous,woman,watch,onscreen,adaptation,novel,hoichoi","watch,bisha,brikha,bengali,movie,online,hoichoi,bengali,film,about,zamindar,caught,between,married,life,feelings,gorgeous,woman,watch,onscreen,adaptation,novel,hoichoi",0
Movies,Ganadevata,,Acquired,Bengali,India,17-09-2017,Yes,Drama,,Drama,1979,U/A 7+,2,157.1,157.1,8.1,"Soumitra Chatterjee, Sandhya Roy, Madhabi Mukherjee","Watch Ganadevata Bengali movie online on hoichoi. A Bengali film about the first signs of revolution seen in a village in Bengal, before World War II. Watch the film online on hoichoi.",watch ganadevata bengali movie online hoichoi bengali film about first signs revolution seen village bengal before world war ii watch film online hoichoi,watch ganadevata bengali movie online,"watch,ganadevata,bengali,movie,online,hoichoi,bengali,film,about,first,signs,revolution,seen,village,bengal,before,world,war,ii,watch,film,online,hoichoi","watch,ganadevata,bengali,movie,online,hoichoi,bengali,film,about,first,signs,revolution,seen,village,bengal,before,world,war,ii,watch,film,online,hoichoi",7
Movies,Bindur Cheley,,Acquired,Bengali,India,17-09-2017,Yes,Drama,,Drama,1973,U,1,109.2,109.2,7.3,"Bhanu Bandopadhyay, Madhabi Mukherjee, Nirmal Kumar, Bikash Roy","Watch Bindur Cheley Bengali movie online on hoichoi. A Bengali film about the Bindu, a protective mother whoís always careful about her son. Can she control his every step? Watch the Madhabi Mukherjee film online on hoichoi.",watch bindur cheley bengali movie online hoichoi bengali film about bindu protective mother whoís always careful about her son can she control his every step watch madhabi mukherjee film online hoichoi,watch bindur cheley bengali movie,"watch,bindur,cheley,bengali,movie,online,hoichoi,bengali,film,about,bindu,protective,mother,whoís,always,careful,about,her,son,can,she,control,his,every,step,watch,madhabi,mukherjee,film,online,hoichoi","watch,bindur,cheley,bengali,movie,online,hoichoi,bengali,film,about,bindu,protective,mother,whoís,always,careful,about,son,she,control,every,step,watch,madhabi,mukherjee,film,online,hoichoi",0
Movies,Eagoler Chokh,,Acquired,Bengali,India,16-09-2017,Yes,Detective,Mystery,Detective Mystery,2016,A 18+,5,117.4,117.4,7.2,"Saswata Chatterjee, Paayel Sarkar, Anirban Bhattacharya, Gaurav Chakrabarty","Watch Eagoler Chokh Bengali movie online on hoichoi. The second Goenda Shabor film by Arindam Sil, in which ACP Shabor questions a troubled man about a womanís murder. Watch the Bengali thriller movie on hoichoi.",watch eagoler chokh bengali movie online hoichoi second goenda shabor film arindam sil which acp shabor questions troubled man about womanís murder watch bengali thriller movie hoichoi,watch eagoler chokh bengali movie,"watch,eagoler,chokh,bengali,movie,online,hoichoi,second,goenda,shabor,film,arindam,sil,which,acp,shabor,questions,troubled,man,about,womanís,murder,watch,bengali,thriller,movie,hoichoi","watch,eagoler,chokh,bengali,movie,online,hoichoi,second,goenda,shabor,film,arindam,sil,which,acp,shabor,questions,troubled,man,about,womanís,murder,watch,bengali,thriller,movie,hoichoi",18
Movies,Zulfiqar,,Acquired,Bengali,India,16-09-2017,Yes,Drama,Crime,Drama Crime,2016,A 18+,5,138.3,138.3,5.8,"Prosenjit Chattopadhyay, Dev, Koushik Sen, Parambrata Chattopadhyay, Nusrat Jahan, Ankush Hazra, Rahul Banerjee, Jisshu Sengupta, Paoli Dam",Watch Zulfiqar Bengali movie online on hoichoi. Srijit Mukherjiís modern adaptation of Julius Caesar and Antony and Cleopatra is a game of betrayal and evil motives. Watch the Prosenjit Chatterjee film on hoichoi.,watch zulfiqar bengali movie online hoichoi srijit mukherjiís modern adaptation julius caesar antony cleopatra game betrayal evil motives watch prosenjit chatterjee film hoichoi,watch zulfiqar bengali movie online,"watch,zulfiqar,bengali,movie,online,hoichoi,srijit,mukherjiís,modern,adaptation,julius,caesar,antony,cleopatra,game,betrayal,evil,motives,watch,prosenjit,chatterjee,film,hoichoi","watch,zulfiqar,bengali,movie,online,hoichoi,srijit,mukherjiís,modern,adaptation,julius,caesar,antony,cleopatra,game,betrayal,evil,motives,watch,prosenjit,chatterjee,film,hoichoi",18
Movies,Gangster,,Acquired,Bengali,India,16-09-2017,Yes,Romantic,Action,Romantic Action,2016,A 18+,5,140,140,5.3,"Yash Dasgupta, Mimi Chakraborty, Gaurav Chakrabarty",Watch Gangster Bengali movie online on hoichoi. An action film about Guru and Ruhiís love story thatís haunted by Guruís past as a gangster. What shock awaits them? Watch the Yash-Mimi romantic film online on hoichoi.,watch gangster bengali movie online hoichoi action film about guru ruhiís love story thatís haunted guruís past gangster what shock awaits them watch yashmimi romantic film online hoichoi,watch gangster bengali movie online,"watch,gangster,bengali,movie,online,hoichoi,action,film,about,guru,ruhiís,love,story,thatís,haunted,guruís,past,gangster,what,shock,awaits,them,watch,yashmimi,romantic,film,online,hoichoi","watch,gangster,bengali,movie,online,hoichoi,action,film,about,guru,ruhiís,love,story,thatís,haunted,guruís,past,gangster,what,shock,awaits,them,watch,yashmimi,romantic,film,online,hoichoi",18
Movies,Meghe Dhaka Tara (2013),,Acquired,Bengali,,16-09-2017,Yes,Drama,Social,Drama Social,2013,U/A 13+,3,118.1,118.1,,"Saswata Chatterjee, Ananya Chatterjee, Abir Chatterjee","Nilkantha, an artist, is admitted to a mental asylum but even while undergoing treatment, he manages to write a play.",nilkantha artist admitted mental asylum but even while undergoing treatment he manages write play,nilkantha artist admitted mental asylum,"nilkantha,artist,admitted,mental,asylum,but,even,while,undergoing,treatment,he,manages,write,play","nilkantha,artist,admitted,mental,asylum,but,even,while,undergoing,treatment,he,manages,write,play",13
Movies,Yoddha (2014),,Acquired,Bengali,India,16-09-2017,Yes,Romantic,Action,Romantic Action,2014,U/A 13+,3,150,150,4,"Dev, Mimi Chakraborty, Rajatava Dutta, Raj Chakraborty",Watch Yoddha (2014) Bengali movie online on hoichoi. A Bengali film about a love story that defies time. Will warrior Rudra reunite with his lady love Durga in a new life? Watch the Dev-Mimi film online on hoichoi.,watch yoddha 2014 bengali movie online hoichoi bengali film about love story defies time will warrior rudra reunite his lady love durga new life watch devmimi film online hoichoi,watch yoddha 2014 bengali movie,"watch,yoddha,2014,bengali,movie,online,hoichoi,bengali,film,about,love,story,defies,time,will,warrior,rudra,reunite,his,lady,love,durga,new,life,watch,devmimi,film,online,hoichoi","watch,yoddha,2014,bengali,movie,online,hoichoi,bengali,film,about,love,story,defies,time,warrior,rudra,reunite,lady,love,durga,new,life,watch,devmimi,film,online,hoichoi",13
Movies,Rajkahini,,Acquired,Bengali,India,15-09-2017,Yes,Drama,Period,Drama Period,2015,A 18+,5,151.3,151.3,,"Rituparna Sengupta, Jaya Ahsan, Parno Mittra, Sudipta Chakraborty, Ridhima Ghosh, Sohini Sarkar, Saayoni Ghosh, Priyanka Sarkar, Nigel Akara, Rudranil Ghosh, Jisshu Sengupta, Abir Chatterjee, Koushik Sen, Saswata Chatterjee, Kanchan Mullick",Watch Rajkahini Bengali movie online on hoichoi. A film about the struggles of women in a brothel near the Indo-Pak border during the Partition of Bengal. Watch the Srijit Mukherji film online on hoichoi.,watch rajkahini bengali movie online hoichoi film about struggles women brothel near indopak border during partition bengal watch srijit mukherji film online hoichoi,watch rajkahini bengali movie online,"watch,rajkahini,bengali,movie,online,hoichoi,film,about,struggles,women,brothel,near,indopak,border,during,partition,bengal,watch,srijit,mukherji,film,online,hoichoi","watch,rajkahini,bengali,movie,online,hoichoi,film,about,struggles,women,brothel,near,indopak,border,during,partition,bengal,watch,srijit,mukherji,film,online,hoichoi",18
Movies,Dosar,,Acquired,Bengali,India,15-09-2017,Yes,Drama,,Drama,2006,U/A 16+,4,123.2,123.2,,"Konkono Sen Sharma, Prosenjit Chattopadhyay, Parambrata Chattopadhyay, Saswata Chatterjee, Mithu Chakrabarty","Watch Dosar Bengali movie online on hoichoi. A Rituparno Ghosh film about pain and betrayal, as a couple fights with an extra-marital affair and an accident. Watch the Bengali film online on hoichoi.",watch dosar bengali movie online hoichoi rituparno ghosh film about pain betrayal couple fights extramarital affair accident watch bengali film online hoichoi,watch dosar bengali movie online,"watch,dosar,bengali,movie,online,hoichoi,rituparno,ghosh,film,about,pain,betrayal,couple,fights,extramarital,affair,accident,watch,bengali,film,online,hoichoi","watch,dosar,bengali,movie,online,hoichoi,rituparno,ghosh,film,about,pain,betrayal,couple,fights,extramarital,affair,accident,watch,bengali,film,online,hoichoi",16
Movies,Haripada Bandwala,,Acquired,Bengali,India,15-09-2017,Yes,Romantic,Comedy,Romantic Comedy,2016,U/A 13+,3,140.2,140.2,4.4,"Ankush, Nusrat Jahan, Kharaj Mukherjee",Watch Haripada Bandwala Bengali movie online on hoichoi. A Bengali romcom about a musician who plays in a wedding band. What happens when he is kidnapped by a mafia don? Watch the film online on hoichoi.,watch haripada bandwala bengali movie online hoichoi bengali romcom about musician who plays wedding band what happens when he kidnapped mafia don watch film online hoichoi,watch haripada bandwala bengali movie,"watch,haripada,bandwala,bengali,movie,online,hoichoi,bengali,romcom,about,musician,who,plays,wedding,band,what,happens,when,he,kidnapped,mafia,don,watch,film,online,hoichoi","watch,haripada,bandwala,bengali,movie,online,hoichoi,bengali,romcom,about,musician,who,plays,wedding,band,what,happens,he,kidnapped,mafia,don,watch,film,online,hoichoi",13
Movies,Josh,,Acquired,Bengali,India,15-09-2017,Yes,Romantic,Action,Romantic Action,2010,A 18+,5,150.2,150.2,6.7,"Jeet, Srabanti, Tapas Paul",Watch Josh Bengali movie online on hoichoi. A Bengali film about the story of Indra trying to rescue his friendís sister Anuradha. But things donít go as planned. Watch the Jeet-Srabanti film online on hoichoi.,watch josh bengali movie online hoichoi bengali film about story indra trying rescue his friendís sister anuradha but things donít go planned watch jeetsrabanti film online hoichoi,watch josh bengali movie online,"watch,josh,bengali,movie,online,hoichoi,bengali,film,about,story,indra,trying,rescue,his,friendís,sister,anuradha,but,things,donít,go,planned,watch,jeetsrabanti,film,online,hoichoi","watch,josh,bengali,movie,online,hoichoi,bengali,film,about,story,indra,trying,rescue,friendís,sister,anuradha,but,things,donít,go,planned,watch,jeetsrabanti,film,online,hoichoi",18
Movies,Jackpot,,Acquired,Bengali,India,15-09-2017,Yes,Comedy,,Comedy,2009,U/A 7+,2,143,143,5.8,"Hiraan, Koel, Rahul Banerjee","Watch Jackpot Bengali movie online on hoichoi. A Bengali movie about two participants in a reality show, with their eyes on the prize. But how hard will the tasks be? Watch the film online on hoichoi.",watch jackpot bengali movie online hoichoi bengali movie about two participants reality show their eyes prize but how hard will tasks watch film online hoichoi,watch jackpot bengali movie online,"watch,jackpot,bengali,movie,online,hoichoi,bengali,movie,about,two,participants,reality,show,their,eyes,prize,but,how,hard,will,tasks,watch,film,online,hoichoi","watch,jackpot,bengali,movie,online,hoichoi,bengali,movie,about,two,participants,reality,show,their,eyes,prize,but,how,hard,tasks,watch,film,online,hoichoi",7
Movies,Aghatan Ajo Ghate,,Acquired,Bengali,India,15-09-2017,Yes,Drama,,Drama,1989,U,1,135,135,,"Arjun Chakraborty, Indrani Dutta, Anil Chatterjee",Watch Aghatan Ajo Ghate Bengali movie online on hoichoi. A Bengali film about a childless couple who are blessed with a child. But what will this miracle lead to? Watch the movie online on hoichoi.,watch aghatan ajo ghate bengali movie online hoichoi bengali film about childless couple who are blessed child but what will miracle lead watch movie online hoichoi,watch aghatan ajo ghate bengali,"watch,aghatan,ajo,ghate,bengali,movie,online,hoichoi,bengali,film,about,childless,couple,who,are,blessed,child,but,what,will,miracle,lead,watch,movie,online,hoichoi","watch,aghatan,ajo,ghate,bengali,movie,online,hoichoi,bengali,film,about,childless,couple,who,blessed,child,but,what,miracle,lead,watch,movie,online,hoichoi",0
Movies,Amar Sanghee,,Acquired,Bengali,India,15-09-2017,Yes,Romantic,,Romantic,2009,U/A 13+,3,176,176,5.8,"Mainak Banerjee, Ridhima, Rajatava Dutta",Watch Amar Sanghee Bengali movie online on hoichoi. A romantic hit starring Prosenjit Chatterjee about two youngsters who have to fight with their families for their love. Watch the Bangla romantic hit on hoichoi.,watch amar sanghee bengali movie online hoichoi romantic hit starring prosenjit chatterjee about two youngsters who have fight their families their love watch bangla romantic hit hoichoi,watch amar sanghee bengali movie,"watch,amar,sanghee,bengali,movie,online,hoichoi,romantic,hit,starring,prosenjit,chatterjee,about,two,youngsters,who,have,fight,their,families,their,love,watch,bangla,romantic,hit,hoichoi","watch,amar,sanghee,bengali,movie,online,hoichoi,romantic,hit,starring,prosenjit,chatterjee,about,two,youngsters,who,fight,their,families,their,love,watch,bangla,romantic,hit,hoichoi",13
Movies,Ajab Gayer Ajab Katha,,Acquired,Bengali,India,14-09-2017,Yes,Romantic,,Romantic,1998,U,1,132,132,,"Soumitra Chatterjee, Manoj Mitra, Koushik Sen","Watch Ajab Gayer Ajab Katha Bengali movie online on hoichoi. Raja Birchandra spends his time singing songs, uninterested in finding the treasure that is hidden below his palace. However, many of his villagers are sorely tempted to steal it. Watch the film online on hoichoi.",watch ajab gayer ajab katha bengali movie online hoichoi raja birchandra spends his time singing songs uninterested finding treasure hidden below his palace however many his villagers are sorely tempted steal watch film online hoichoi,watch ajab gayer ajab katha,"watch,ajab,gayer,ajab,katha,bengali,movie,online,hoichoi,raja,birchandra,spends,his,time,singing,songs,uninterested,finding,treasure,hidden,below,his,palace,however,many,his,villagers,are,sorely,tempted,steal,watch,film,online,hoichoi","watch,ajab,gayer,ajab,katha,bengali,movie,online,hoichoi,raja,birchandra,spends,time,singing,songs,uninterested,finding,treasure,hidden,below,palace,however,many,villagers,sorely,tempted,steal,watch,film,online,hoichoi",0
Movies,Bazee,,Acquired,Bengali,India,14-09-2017,Yes,Action,,Action,2004,U,1,146,146,,"Prosenjit Chatterjee, Rachana Banerjee, Anamika Saha",Watch Bazee Bengali movie online on hoichoi. A Bengali film about childhood friends Raju and Kashinath who have lived different lives. Will they drift apart? Watch the Prosenjit Chatterjee film online on hoichoi.,watch bazee bengali movie online hoichoi bengali film about childhood friends raju kashinath who have lived different lives will they drift apart watch prosenjit chatterjee film online hoichoi,watch bazee bengali movie online,"watch,bazee,bengali,movie,online,hoichoi,bengali,film,about,childhood,friends,raju,kashinath,who,have,lived,different,lives,will,they,drift,apart,watch,prosenjit,chatterjee,film,online,hoichoi","watch,bazee,bengali,movie,online,hoichoi,bengali,film,about,childhood,friends,raju,kashinath,who,lived,different,lives,they,drift,apart,watch,prosenjit,chatterjee,film,online,hoichoi",0
Movies,Bojhena Shey Bojhena (2012),,Acquired,Bengali,,13-09-2017,Yes,Romantic,Drama,Romantic Drama,2012,U,1,140.6,140.6,,"Soham, Mimi Chakraborty, Abir Chatterjee, Paayel Sarkar","Four young people, from different parts of the social strata are intertwined due to twist of fate. Be a part of their journey. Watch the full movie on Hoichoi.",four young people different parts social strata are intertwined due twist fate part their journey watch full movie hoichoi,four young people different parts,"four,young,people,different,parts,social,strata,are,intertwined,due,twist,fate,part,their,journey,watch,full,movie,hoichoi","four,young,people,different,parts,social,strata,intertwined,due,twist,fate,part,their,journey,watch,full,movie,hoichoi",0
Movies,Borbaad,,Acquired,Bengali,India,13-09-2017,Yes,Romantic,Action,Romantic Action,2014,A 18+,5,137.2,137.2,5.4,"Bonny, Rittika Sen, Mainak Banerjee",Watch Borbaad Bengali movie online on hoichoi. A Bengali romance about Joy who wants a bike and to win Nandiniís heart. But what happens his new bike gets stolen? Watch the movie online on hoichoi.,watch borbaad bengali movie online hoichoi bengali romance about joy who wants bike win nandiniís heart but what happens his new bike gets stolen watch movie online hoichoi,watch borbaad bengali movie online,"watch,borbaad,bengali,movie,online,hoichoi,bengali,romance,about,joy,who,wants,bike,win,nandiniís,heart,but,what,happens,his,new,bike,gets,stolen,watch,movie,online,hoichoi","watch,borbaad,bengali,movie,online,hoichoi,bengali,romance,about,joy,who,wants,bike,win,nandiniís,heart,but,what,happens,new,bike,gets,stolen,watch,movie,online,hoichoi",18
Movies,Chopper,,Acquired,Bengali,India,13-09-2017,Yes,Drama,,Drama,1985,U/A 13+,3,109,109,7.2,"Shobha Sen, Sreela Majumdar, Joy Bandyopadhyay","Watch Chopper Bengali movie online on hoichoi. A political Bengali drama about the love of Rajat and Rina, blossoming amidst the struggle of the working class. Watch the social drama online on hoichoi.",watch chopper bengali movie online hoichoi political bengali drama about love rajat rina blossoming amidst struggle working class watch social drama online hoichoi,watch chopper bengali movie online,"watch,chopper,bengali,movie,online,hoichoi,political,bengali,drama,about,love,rajat,rina,blossoming,amidst,struggle,working,class,watch,social,drama,online,hoichoi","watch,chopper,bengali,movie,online,hoichoi,political,bengali,drama,about,love,rajat,rina,blossoming,amidst,struggle,working,class,watch,social,drama,online,hoichoi",13
Movies,Satyanweshi,,Acquired,Bengali,India,11-09-2017,Yes,Detective,Mystery,Detective Mystery,2013,U/A 16+,4,119.5,119.5,8.7,"Sujoy Ghosh, Anindya Chatterjee, Indraneil Sengupta, Arpita Chatterjee",Watch Satyanweshi Bengali movie online on hoichoi. A detective film in which Byomkesh looks for the missing librarian of a palace. What dark secrets will he and Ajit find? Watch Rituparno Ghosh' last film on hoichoi.,watch satyanweshi bengali movie online hoichoi detective film which byomkesh looks missing librarian palace what dark secrets will he ajit find watch rituparno ghosh last film hoichoi,watch satyanweshi bengali movie online,"watch,satyanweshi,bengali,movie,online,hoichoi,detective,film,which,byomkesh,looks,missing,librarian,palace,what,dark,secrets,will,he,ajit,find,watch,rituparno,ghosh,last,film,hoichoi","watch,satyanweshi,bengali,movie,online,hoichoi,detective,film,which,byomkesh,looks,missing,librarian,palace,what,dark,secrets,he,ajit,find,watch,rituparno,ghosh,last,film,hoichoi",16
Movies,Agnisakshi,,Acquired,Bengali,India,11-09-2017,Yes,Romantic,,Romantic,2010,U/A 7+,2,160,160,8.1,"Soumitra Chatterjee, Pradip Mukherjee, Kharaj Mukherjee",Watch Agnisakshi Bengali movie online on hoichoi. A Bengali romance film about a man getting married because of his fatherís pressure. Will his relationship improve? Watch the Bengali romcom online on hoichoi.,watch agnisakshi bengali movie online hoichoi bengali romance film about man getting married because his fatherís pressure will his relationship improve watch bengali romcom online hoichoi,watch agnisakshi bengali movie online,"watch,agnisakshi,bengali,movie,online,hoichoi,bengali,romance,film,about,man,getting,married,because,his,fatherís,pressure,will,his,relationship,improve,watch,bengali,romcom,online,hoichoi","watch,agnisakshi,bengali,movie,online,hoichoi,bengali,romance,film,about,man,getting,married,because,fatherís,pressure,relationship,improve,watch,bengali,romcom,online,hoichoi",7
Movies,Baishe Srabon,,Acquired,Bengali,India,09-09-2017,Yes,Thriller,Mystery,Thriller Mystery,2011,A 18+,5,138.3,138.3,,"Prosenjit Chattopadhyay, Parambrata Chattopadhyay, Raima Sen, Abir Chatterjee, Goutam Ghose, Rajesh Sharma, Sumit Samaddar","Watch Baishe Srabon Bengali movie online on hoichoi. A Bengali fill about a detective and an ex-cop looking for a serial killer, who adds a poetic touch to his murders. Watch the film online on hoichoi.",watch baishe srabon bengali movie online hoichoi bengali fill about detective excop looking serial killer who adds poetic touch his murders watch film online hoichoi,watch baishe srabon bengali movie,"watch,baishe,srabon,bengali,movie,online,hoichoi,bengali,fill,about,detective,excop,looking,serial,killer,who,adds,poetic,touch,his,murders,watch,film,online,hoichoi","watch,baishe,srabon,bengali,movie,online,hoichoi,bengali,fill,about,detective,excop,looking,serial,killer,who,adds,poetic,touch,murders,watch,film,online,hoichoi",18
Movies,Chokher Bali,,Acquired,Bengali,India,09-09-2017,Yes,Drama,Period,Drama Period,2003,U/A 16+,4,203,203,5.9,"Aishwarya Rai Bachchan, Prosenjit Chattopadhyay, Raima Sen, Tota Roy Choudhury","Watch Chokher Bali Bengali movie online on hoichoi. A Rituparno Ghosh gem based Tagore's work that deals with love and betrayal, and mirrors a distressed woman's emotions. Watch the award-winning movie on hoichoi.",watch chokher bali bengali movie online hoichoi rituparno ghosh gem based tagores work deals love betrayal mirrors distressed womans emotions watch awardwinning movie hoichoi,watch chokher bali bengali movie,"watch,chokher,bali,bengali,movie,online,hoichoi,rituparno,ghosh,gem,based,tagores,work,deals,love,betrayal,mirrors,distressed,womans,emotions,watch,awardwinning,movie,hoichoi","watch,chokher,bali,bengali,movie,online,hoichoi,rituparno,ghosh,gem,based,tagores,work,deals,love,betrayal,mirrors,distressed,womans,emotions,watch,awardwinning,movie,hoichoi",16
Movies,Mishawr Rawhoshyo,,Acquired,Bengali,India,09-09-2017,Yes,Adventure,Fantasy,Adventure Fantasy,2013,U/A 7+,2,151.5,151.5,,"Prosenjit Chattopadhyay, Aryann Bhowmik, Indraneil Sengupta","Watch Mishwar Rawhoshyo Bengali movie online on hoichoi. This adventure thriller traces the journey of Kaka Babu and his nephew to Egypt, to unearth the mystery of the pyramids. Watch the Prosenjit Chatterjee film online on hoichoi.",watch mishwar rawhoshyo bengali movie online hoichoi adventure thriller traces journey kaka babu his nephew egypt unearth mystery pyramids watch prosenjit chatterjee film online hoichoi,watch mishwar rawhoshyo bengali movie,"watch,mishwar,rawhoshyo,bengali,movie,online,hoichoi,adventure,thriller,traces,journey,kaka,babu,his,nephew,egypt,unearth,mystery,pyramids,watch,prosenjit,chatterjee,film,online,hoichoi","watch,mishwar,rawhoshyo,bengali,movie,online,hoichoi,adventure,thriller,traces,journey,kaka,babu,nephew,egypt,unearth,mystery,pyramids,watch,prosenjit,chatterjee,film,online,hoichoi",7
Movies,Autograph,,Acquired,Bengali,India,09-09-2017,Yes,Drama,,Drama,2010,U/A 13+,3,139,139,7.8,"Prosenjit Chattopadhyay, Nandana Dev Sen, Indraneil Sengupta",Watch Autograph Bengali movie online on hoichoi. A Bengali movie about an actorís journey from real to reel while playing the lead in the remake of Satyajit Rayís Nayak. Watch he Prosenjit Chatterjee film on hoichoi.,watch autograph bengali movie online hoichoi bengali movie about actorís journey real reel while playing lead remake satyajit rayís nayak watch he prosenjit chatterjee film hoichoi,watch autograph bengali movie online,"watch,autograph,bengali,movie,online,hoichoi,bengali,movie,about,actorís,journey,real,reel,while,playing,lead,remake,satyajit,rayís,nayak,watch,he,prosenjit,chatterjee,film,hoichoi","watch,autograph,bengali,movie,online,hoichoi,bengali,movie,about,actorís,journey,real,reel,while,playing,lead,remake,satyajit,rayís,nayak,watch,he,prosenjit,chatterjee,film,hoichoi",13
Movies,Le Halua Le,,Acquired,Bengali,India,09-09-2017,Yes,Comedy,,Comedy,2012,U/A 7+,2,147,147,5.6,"Soham, Paayel Sarkar, Hiraan",Watch Le Halua Le Bengali movie online on hoichoi. A Bengali comedy about Sonali and Subho who donít get along but pretend to be a married couple for a low-rent house. Watch the full movie online on hoichoi.,watch le halua le bengali movie online hoichoi bengali comedy about sonali subho who donít get along but pretend married couple lowrent house watch full movie online hoichoi,watch le halua le bengali,"watch,le,halua,le,bengali,movie,online,hoichoi,bengali,comedy,about,sonali,subho,who,donít,get,along,but,pretend,married,couple,lowrent,house,watch,full,movie,online,hoichoi","watch,le,halua,le,bengali,movie,online,hoichoi,bengali,comedy,about,sonali,subho,who,donít,get,along,but,pretend,married,couple,lowrent,house,watch,full,movie,online,hoichoi",7
Movies,Vidyasagar,,Acquired,Bengali,India,06-06-2017,Yes,Drama,Biography,Drama Biography,1950,U,1,142,142,8.2,"Pahari Sanyal, Kamal Mitra, Utpal Dutt",Watch Vidyasagar Bengali movie online on hoichoi. A biopic of Ishwar Chandra Vidyasagar about his life as an educator and reformer during Bengal Renaissance. Watch the black and white classic film online on hoichoi.,watch vidyasagar bengali movie online hoichoi biopic ishwar chandra vidyasagar about his life educator reformer during bengal renaissance watch black white classic film online hoichoi,watch vidyasagar bengali movie online,"watch,vidyasagar,bengali,movie,online,hoichoi,biopic,ishwar,chandra,vidyasagar,about,his,life,educator,reformer,during,bengal,renaissance,watch,black,white,classic,film,online,hoichoi","watch,vidyasagar,bengali,movie,online,hoichoi,biopic,ishwar,chandra,vidyasagar,about,life,educator,reformer,during,bengal,renaissance,watch,black,white,classic,film,online,hoichoi",0
Movies,Sankalpa,,Acquired,Bengali,India,06-06-2017,Yes,Drama,,Drama,1949,U,1,129.3,129.3,6.8,"Anup Kumar, Kamal Mitra, Malina Debi",Watch Sankalpa Bengali movie online on hoichoi. A Bengali film about an ill man worried about the future of his family in the event of his death. Will he secure them? Watch the full movie online on hoichoi.,watch sankalpa bengali movie online hoichoi bengali film about ill man worried about future his family event his death will he secure them watch full movie online hoichoi,watch sankalpa bengali movie online,"watch,sankalpa,bengali,movie,online,hoichoi,bengali,film,about,ill,man,worried,about,future,his,family,event,his,death,will,he,secure,them,watch,full,movie,online,hoichoi","watch,sankalpa,bengali,movie,online,hoichoi,bengali,film,about,ill,man,worried,about,future,family,event,death,he,secure,them,watch,full,movie,online,hoichoi",0
Movies,MLA Fatakesto,,Acquired,Bengali,India,03-06-2017,Yes,Action,,Action,2006,U/A 7+,2,140,140,6.2,"Mithun Chakraborty, Koel, Debashree Roy",Watch MLA Fatakesto Bengali movie online on hoichoi. A Bengali film about a goon who gets to be the Home Minister for a week. How will he deal with the problems he faces? Watch the Mithun Chakraborty film online on hoichoi.,watch mla fatakesto bengali movie online hoichoi bengali film about goon who gets home minister week how will he deal problems he faces watch mithun chakraborty film online hoichoi,watch mla fatakesto bengali movie,"watch,mla,fatakesto,bengali,movie,online,hoichoi,bengali,film,about,goon,who,gets,home,minister,week,how,will,he,deal,problems,he,faces,watch,mithun,chakraborty,film,online,hoichoi","watch,mla,fatakesto,bengali,movie,online,hoichoi,bengali,film,about,goon,who,gets,home,minister,week,how,he,deal,problems,he,faces,watch,mithun,chakraborty,film,online,hoichoi",7
Movies,Nirdharita Shilpir Anupasthitite,,Acquired,Bengali,India,03-06-2017,Yes,Drama,,Drama,1959,U,1,144,144,8,"Bhanu Bandopadhyay, Chhabi Biswas, Tulsi Chakraborty",Watch Nirdharita Shilpir Anupasthitite Bengali movie online on hoichoi. A Bhanu Bandyopadhyay classic about an aspiring actor who is mistaken as a comedian and forced to perform in a show. Watch the Bengali film online on hoichoi.,watch nirdharita shilpir anupasthitite bengali movie online hoichoi bhanu bandyopadhyay classic about aspiring actor who mistaken comedian forced perform show watch bengali film online hoichoi,watch nirdharita shilpir anupasthitite bengali,"watch,nirdharita,shilpir,anupasthitite,bengali,movie,online,hoichoi,bhanu,bandyopadhyay,classic,about,aspiring,actor,who,mistaken,comedian,forced,perform,show,watch,bengali,film,online,hoichoi","watch,nirdharita,shilpir,anupasthitite,bengali,movie,online,hoichoi,bhanu,bandyopadhyay,classic,about,aspiring,actor,who,mistaken,comedian,forced,perform,show,watch,bengali,film,online,hoichoi",0
Movies,Ek Jhank Ichhe Dana,,Acquired,Bengali,India,03-06-2017,Yes,Drama,,Drama,2010,U/A 7+,2,106.2,106.2,5.6,"Riya Mukherjee, Soumitra Chatterjee, Sabyasachi Chakraborty","Watch Ek Jhank Ichhe Dana Bengali movie online on hoichoi. A Bengali film that narrates the about the crises and problems of students, as the young adults learn to deal with life. Watch the film online on hoichoi.",watch ek jhank ichhe dana bengali movie online hoichoi bengali film narrates about crises problems students young adults learn deal life watch film online hoichoi,watch ek jhank ichhe dana,"watch,ek,jhank,ichhe,dana,bengali,movie,online,hoichoi,bengali,film,narrates,about,crises,problems,students,young,adults,learn,deal,life,watch,film,online,hoichoi","watch,ek,jhank,ichhe,dana,bengali,movie,online,hoichoi,bengali,film,narrates,about,crises,problems,students,young,adults,learn,deal,life,watch,film,online,hoichoi",7
Movies,Diet,,Acquired,Bengali,India,02-06-2017,Yes,Drama,,Drama,2009,U/A 13+,3,104,104,,"Raja Goswami, Tapas Paul, Pamela",Watch Diet Bengali movie online on hoichoi. A Bangla film about a couple forced to move to the city leaving their village life behind. How does the city treat them? Watch the Bengali movie online on hoichoi.,watch diet bengali movie online hoichoi bangla film about couple forced move city leaving their village life behind how does city treat them watch bengali movie online hoichoi,watch diet bengali movie online,"watch,diet,bengali,movie,online,hoichoi,bangla,film,about,couple,forced,move,city,leaving,their,village,life,behind,how,does,city,treat,them,watch,bengali,movie,online,hoichoi","watch,diet,bengali,movie,online,hoichoi,bangla,film,about,couple,forced,move,city,leaving,their,village,life,behind,how,city,treat,them,watch,bengali,movie,online,hoichoi",13
Movies,Proloy,,Acquired,Bengali,India,31-05-2017,Yes,Drama,Crime,Drama Crime,2013,A 18+,5,122.4,122.4,6.8,"Parambrata Chatterjee, Paran Bandopadhyay, Mimi Chakraborty","Watch Proloy Bengali movie online on hoichoi. A Bengali film about a teacherís fight against the rape incidents in his village. Can he fight against the system, too? Watch the film online on hoichoi.",watch proloy bengali movie online hoichoi bengali film about teacherís fight against rape incidents his village can he fight against system too watch film online hoichoi,watch proloy bengali movie online,"watch,proloy,bengali,movie,online,hoichoi,bengali,film,about,teacherís,fight,against,rape,incidents,his,village,can,he,fight,against,system,too,watch,film,online,hoichoi","watch,proloy,bengali,movie,online,hoichoi,bengali,film,about,teacherís,fight,against,rape,incidents,village,he,fight,against,system,too,watch,film,online,hoichoi",18
Movies,Har Har Byomkesh,,Acquired,Bengali,India,31-05-2017,Yes,Detective,Mystery,Detective Mystery,2015,U/A 13+,3,113.5,113.5,6.7,"Abir Chatterjee, Ritwick Chakraborty, Sohini Sarkar, Nusrat Jahan",Watch Har Har Byomkesh Bengali movie online on hoichoi. A Bangla Detective movie in which Byomkesh Bakshi investigates the sudden death of a zamindar in Varanasi during a trip. Watch the Abir Chatterjee movie on hoichoi.,watch har har byomkesh bengali movie online hoichoi bangla detective movie which byomkesh bakshi investigates sudden death zamindar varanasi during trip watch abir chatterjee movie hoichoi,watch har har byomkesh bengali,"watch,har,har,byomkesh,bengali,movie,online,hoichoi,bangla,detective,movie,which,byomkesh,bakshi,investigates,sudden,death,zamindar,varanasi,during,trip,watch,abir,chatterjee,movie,hoichoi","watch,har,har,byomkesh,bengali,movie,online,hoichoi,bangla,detective,movie,which,byomkesh,bakshi,investigates,sudden,death,zamindar,varanasi,during,trip,watch,abir,chatterjee,movie,hoichoi",13
Movies,Ki Kore Toke Bolbo,,Acquired,Bengali,India,31-05-2017,Yes,Romantic,Drama,Romantic Drama,2016,U/A 13+,3,149.6,149.6,5.7,"Mimi Chakraborty, Ankush, Kharaj Mukherjee",Watch Ki Kore Toke Bolbo Bengali movie online on hoichoi. A Bengali romantic movie about Anjali who asks for a divorce from Ankush on the wedding night. Will they part ways? Watch the film online on hoichoi.,watch ki kore toke bolbo bengali movie online hoichoi bengali romantic movie about anjali who asks divorce ankush wedding night will they part ways watch film online hoichoi,watch ki kore toke bolbo,"watch,ki,kore,toke,bolbo,bengali,movie,online,hoichoi,bengali,romantic,movie,about,anjali,who,asks,divorce,ankush,wedding,night,will,they,part,ways,watch,film,online,hoichoi","watch,ki,kore,toke,bolbo,bengali,movie,online,hoichoi,bengali,romantic,movie,about,anjali,who,asks,divorce,ankush,wedding,night,they,part,ways,watch,film,online,hoichoi",13
Movies,Chirodini Tumi Je Amar,,Acquired,Bengali,India,31-05-2017,Yes,Romantic,Drama,Romantic Drama,2008,U/A 16+,4,155,155,6.8,"Rahul Banerjee, Priyanka Sarkar, Rudranil Ghosh",Watch Chirodini Tumi Je Amar Bengali movie online on hoichoi. A Bangla romance about unfulfilled love of a girl from a rich family and a mechanic. How ugly do things turn for them? Watch the Rahul-Priyanka debut film on hoichoi.,watch chirodini tumi je amar bengali movie online hoichoi bangla romance about unfulfilled love girl rich family mechanic how ugly do things turn them watch rahulpriyanka debut film hoichoi,watch chirodini tumi je amar,"watch,chirodini,tumi,je,amar,bengali,movie,online,hoichoi,bangla,romance,about,unfulfilled,love,girl,rich,family,mechanic,how,ugly,do,things,turn,them,watch,rahulpriyanka,debut,film,hoichoi","watch,chirodini,tumi,je,amar,bengali,movie,online,hoichoi,bangla,romance,about,unfulfilled,love,girl,rich,family,mechanic,how,ugly,things,turn,them,watch,rahulpriyanka,debut,film,hoichoi",16
Movies,Nirbasito,,Acquired,Bengali,India,31-05-2017,Yes,Drama,Biography,Drama Biography,2015,A 18+,5,107.2,107.2,8,"Churni Ganguly, Saswata Chatterjee, Raima Sen","Watch Nirbasito Bengali movie online on hoichoi. A Bengali film redefining freedom for women, through the story of a female writer banished from her motherland. Watch the film starring Churni Ganguly on hoichoi.",watch nirbasito bengali movie online hoichoi bengali film redefining freedom women through story female writer banished her motherland watch film starring churni ganguly hoichoi,watch nirbasito bengali movie online,"watch,nirbasito,bengali,movie,online,hoichoi,bengali,film,redefining,freedom,women,through,story,female,writer,banished,her,motherland,watch,film,starring,churni,ganguly,hoichoi","watch,nirbasito,bengali,movie,online,hoichoi,bengali,film,redefining,freedom,women,through,story,female,writer,banished,motherland,watch,film,starring,churni,ganguly,hoichoi",18
Movies,Sedin Dekha Hoyechilo (2010),,Acquired,Bengali,,31-05-2017,Yes,Romantic,Drama,Romantic Drama,2010,U/A 13+,3,153,153,,"Dev, Srabanti, Tapas Paul",Abir falls in love with Nandini but has never met her. What will he do once her true identity is revealed? Watch the full movie on Hoichoi.,abir falls love nandini but has never met her what will he do once her true identity revealed watch full movie hoichoi,abir falls love nandini but,"abir,falls,love,nandini,but,has,never,met,her,what,will,he,do,once,her,true,identity,revealed,watch,full,movie,hoichoi","abir,falls,love,nandini,but,never,met,what,he,once,true,identity,revealed,watch,full,movie,hoichoi",13
Movies,Cholo Paltai,,Acquired,Bengali,India,31-05-2017,Yes,Drama,Sports,Drama Sports,2011,U/A 7+,2,156,156,,"Prosenjit Chatterjee, Aryann Bhowmick, Tathoi Deb",Watch Cholo Paltai Bengali movie online on hoichoi. A social drama about a single father worried about his cricket-obsessed sonís education. What drastic step does he take? Watch the Prosenjit Chatterjee film on hoichoi.,watch cholo paltai bengali movie online hoichoi social drama about single father worried about his cricketobsessed sonís education what drastic step does he take watch prosenjit chatterjee film hoichoi,watch cholo paltai bengali movie,"watch,cholo,paltai,bengali,movie,online,hoichoi,social,drama,about,single,father,worried,about,his,cricketobsessed,sonís,education,what,drastic,step,does,he,take,watch,prosenjit,chatterjee,film,hoichoi","watch,cholo,paltai,bengali,movie,online,hoichoi,social,drama,about,single,father,worried,about,cricketobsessed,sonís,education,what,drastic,step,he,take,watch,prosenjit,chatterjee,film,hoichoi",7
Movies,Ami Subhash Bolchi,,Acquired,Bengali,India,31-05-2017,Yes,Drama,Social,Drama Social,2011,U/A 13+,3,183,183,7,"Mithun Chakraborty, Laboni Sarkar, Barkha Bisht Sengupta",Watch Ami Subhash Bolchi Bengali movie online on hoichoi. A Mithun Chakraborty film about a man's attempt to follow Netaji Subhash Chandra Bose and unite the Bengali community. Watch this Bangla hit film online on hoichoi.,watch ami subhash bolchi bengali movie online hoichoi mithun chakraborty film about mans attempt follow netaji subhash chandra bose unite bengali community watch bangla hit film online hoichoi,watch ami subhash bolchi bengali,"watch,ami,subhash,bolchi,bengali,movie,online,hoichoi,mithun,chakraborty,film,about,mans,attempt,follow,netaji,subhash,chandra,bose,unite,bengali,community,watch,bangla,hit,film,online,hoichoi","watch,ami,subhash,bolchi,bengali,movie,online,hoichoi,mithun,chakraborty,film,about,mans,attempt,follow,netaji,subhash,chandra,bose,unite,bengali,community,watch,bangla,hit,film,online,hoichoi",13
Movies,Chirodini Tumi Je Amar - 2,,Acquired,Bengali,India,31-05-2017,Yes,Drama,Mystery,Drama Mystery,2014,U/A 16+,4,141.9,141.9,7.5,"Arjun Chakraborty, Urmila Mahanta, Kharaj Mukherjee","Watch Chirodini Tumi Je Amar - 2 Bengali movie online on hoichoi. A Bengali crime drama about Bhanu who travels to Kolkata for work and falls for Jyoti, a housemaid. What happens next? Watch the film online on hoichoi.",watch chirodini tumi je amar 2 bengali movie online hoichoi bengali crime drama about bhanu who travels kolkata work falls jyoti housemaid what happens next watch film online hoichoi,watch chirodini tumi je amar,"watch,chirodini,tumi,je,amar,2,bengali,movie,online,hoichoi,bengali,crime,drama,about,bhanu,who,travels,kolkata,work,falls,jyoti,housemaid,what,happens,next,watch,film,online,hoichoi","watch,chirodini,tumi,je,amar,2,bengali,movie,online,hoichoi,bengali,crime,drama,about,bhanu,who,travels,kolkata,work,falls,jyoti,housemaid,what,happens,next,watch,film,online,hoichoi",16
Movies,Amanush,,Acquired,Bengali,India,31-05-2017,Yes,Drama,Crime,Drama Crime,2010,U/A 13+,3,182,182,7,"Soham, Srabanti, Biswajit Chakraborty","Watch Amanush Bengali movie online on hoichoi. A film starring Soham and Srabanti, about a young man's crazy obsession with a woman who loves someone else. Watch the Bengali romance film on hoichoi.",watch amanush bengali movie online hoichoi film starring soham srabanti about young mans crazy obsession woman who loves someone else watch bengali romance film hoichoi,watch amanush bengali movie online,"watch,amanush,bengali,movie,online,hoichoi,film,starring,soham,srabanti,about,young,mans,crazy,obsession,woman,who,loves,someone,else,watch,bengali,romance,film,hoichoi","watch,amanush,bengali,movie,online,hoichoi,film,starring,soham,srabanti,about,young,mans,crazy,obsession,woman,who,loves,someone,else,watch,bengali,romance,film,hoichoi",13
Movies,Darpa Churna,,Acquired,Bengali,India,31-05-2017,Yes,Drama,,Drama,1980,U,1,135,135,,"Uttam Kumar, Soumitra Chatterjee, Sandhya Roy","Watch Darpa Churna Bengali movie online on hoichoi. A Bengali film based on Saratchandra Chattopadhyayís novel, narrating the story of the writerís life during his youth. Watch the movie online on hoichoi.",watch darpa churna bengali movie online hoichoi bengali film based saratchandra chattopadhyayís novel narrating story writerís life during his youth watch movie online hoichoi,watch darpa churna bengali movie,"watch,darpa,churna,bengali,movie,online,hoichoi,bengali,film,based,saratchandra,chattopadhyayís,novel,narrating,story,writerís,life,during,his,youth,watch,movie,online,hoichoi","watch,darpa,churna,bengali,movie,online,hoichoi,bengali,film,based,saratchandra,chattopadhyayís,novel,narrating,story,writerís,life,during,youth,watch,movie,online,hoichoi",0
Movies,Champion,,Acquired,Bengali,India,31-05-2017,Yes,Romantic,,Romantic,2003,U/A 13+,3,201,201,6.8,"Jeet, Srabanti, Dipankar Dey","Watch Champion Bengali movie online on hoichoi. A sports drama starring Jeet and Srabanti, that defines Raja's journeys from being a carefree person to a mature adult. Watch the Bengali movie online on hoichoi.",watch champion bengali movie online hoichoi sports drama starring jeet srabanti defines rajas journeys being carefree person mature adult watch bengali movie online hoichoi,watch champion bengali movie online,"watch,champion,bengali,movie,online,hoichoi,sports,drama,starring,jeet,srabanti,defines,rajas,journeys,being,carefree,person,mature,adult,watch,bengali,movie,online,hoichoi","watch,champion,bengali,movie,online,hoichoi,sports,drama,starring,jeet,srabanti,defines,rajas,journeys,being,carefree,person,mature,adult,watch,bengali,movie,online,hoichoi",13
Movies,Dadu No.1,,Acquired,Bengali,India,31-05-2017,Yes,Comedy,,Comedy,2004,U/A 7+,2,141,141,,"Ranjit Mallick, Rachana Banerjee, Ferdous Ahmed","Watch Dadu No.1 Bengali movie online on hoichoi. A Bengali film about a businessman helping a widow, Mamta. What does she do when he asks her for a life-altering favour? Watch the Bengali film online on hoichoi.",watch dadu no1 bengali movie online hoichoi bengali film about businessman helping widow mamta what does she do when he asks her lifealtering favour watch bengali film online hoichoi,watch dadu no1 bengali movie,"watch,dadu,no1,bengali,movie,online,hoichoi,bengali,film,about,businessman,helping,widow,mamta,what,does,she,do,when,he,asks,her,lifealtering,favour,watch,bengali,film,online,hoichoi","watch,dadu,no1,bengali,movie,online,hoichoi,bengali,film,about,businessman,helping,widow,mamta,what,she,he,asks,lifealtering,favour,watch,bengali,film,online,hoichoi",7
Movies,Mama Square,,Acquired,Bengali,India,31-05-2017,Yes,Comedy,,Comedy,2010,U/A 13+,3,125,125,,"Tapas Paul, Sabyasachi Chakrabarty, Ritojit","Watch Mama Square Bengali movie online on hoichoi. A Bengali comedy about Tia and Sourav who are in love, but their relationship is not supported by their uncles. Watch the film online in India.",watch mama square bengali movie online hoichoi bengali comedy about tia sourav who are love but their relationship not supported their uncles watch film online india,watch mama square bengali movie,"watch,mama,square,bengali,movie,online,hoichoi,bengali,comedy,about,tia,sourav,who,are,love,but,their,relationship,not,supported,their,uncles,watch,film,online,india","watch,mama,square,bengali,movie,online,hoichoi,bengali,comedy,about,tia,sourav,who,love,but,their,relationship,supported,their,uncles,watch,film,online,india",13
Movies,Raja Babu,,Acquired,Bengali,India,31-05-2017,Yes,Drama,,Drama,2004,U/A 7+,2,177,177,,"Jishhu Sengupta, Mithun Chakraborty, Dipankar Dey",Watch Raja Babu Bengali movie online on hoichoi. A Mithun Chakraborty film about a man who accepts a woman with her unborn child to save her reputation. Watch the Bengali romcom online on hoichoi.,watch raja babu bengali movie online hoichoi mithun chakraborty film about man who accepts woman her unborn child save her reputation watch bengali romcom online hoichoi,watch raja babu bengali movie,"watch,raja,babu,bengali,movie,online,hoichoi,mithun,chakraborty,film,about,man,who,accepts,woman,her,unborn,child,save,her,reputation,watch,bengali,romcom,online,hoichoi","watch,raja,babu,bengali,movie,online,hoichoi,mithun,chakraborty,film,about,man,who,accepts,woman,unborn,child,save,reputation,watch,bengali,romcom,online,hoichoi",7
Movies,Surya,,Acquired,Bengali,India,31-05-2017,Yes,Action,,Action,2004,U/A 7+,2,150,150,8.1,"Prosenjit Chatterjee, Arunima Ghosh, Dulal Lahiri",Watch Surya Bengali movie online on hoichoi. A Bengali film about Surya avenging the death of his father who is killed by someone he once helped. Will Surya succeed? Watch the Prosenjit Chatterjee film online on hoichoi.,watch surya bengali movie online hoichoi bengali film about surya avenging death his father who killed someone he once helped will surya succeed watch prosenjit chatterjee film online hoichoi,watch surya bengali movie online,"watch,surya,bengali,movie,online,hoichoi,bengali,film,about,surya,avenging,death,his,father,who,killed,someone,he,once,helped,will,surya,succeed,watch,prosenjit,chatterjee,film,online,hoichoi","watch,surya,bengali,movie,online,hoichoi,bengali,film,about,surya,avenging,death,father,who,killed,someone,he,once,helped,surya,succeed,watch,prosenjit,chatterjee,film,online,hoichoi",7
Movies,Sri Sri Tarakeshwar,,Acquired,Bengali,India,31-05-2017,Yes,Devotional,,Devotional,1958,U/A 7+,2,100.6,100.6,,"Kamal Mitra, Jahar Roy, Nitish Mukherjee",Watch Sri Sri Tarakeshwar Bengali movie online on hoichoi. A Bengali film about the deep dedication of devotees towards Lord Shiva. Will the Lord help them during their crises? Watch the devotional film online on hoichoi.,watch sri sri tarakeshwar bengali movie online hoichoi bengali film about deep dedication devotees towards lord shiva will lord help them during their crises watch devotional film online hoichoi,watch sri sri tarakeshwar bengali,"watch,sri,sri,tarakeshwar,bengali,movie,online,hoichoi,bengali,film,about,deep,dedication,devotees,towards,lord,shiva,will,lord,help,them,during,their,crises,watch,devotional,film,online,hoichoi","watch,sri,sri,tarakeshwar,bengali,movie,online,hoichoi,bengali,film,about,deep,dedication,devotees,towards,lord,shiva,lord,help,them,during,their,crises,watch,devotional,film,online,hoichoi",7
Movies,Sonar Sansar,,Acquired,Bengali,India,31-05-2017,Yes,Drama,,Drama,2003,U/A 13+,3,176,176,7.8,"Prosenjit Chatterjee, Tapas Paul, Mrinal Mukherjee","Watch Sonar Sansar Bengali movie online on hoichoi. A family drama starring Prosenjit Chatterjee and Tapa Paul, about three brothers who fight the world as a strong family. Watch the Bengali hit online on hoichoi.",watch sonar sansar bengali movie online hoichoi family drama starring prosenjit chatterjee tapa paul about three brothers who fight world strong family watch bengali hit online hoichoi,watch sonar sansar bengali movie,"watch,sonar,sansar,bengali,movie,online,hoichoi,family,drama,starring,prosenjit,chatterjee,tapa,paul,about,three,brothers,who,fight,world,strong,family,watch,bengali,hit,online,hoichoi","watch,sonar,sansar,bengali,movie,online,hoichoi,family,drama,starring,prosenjit,chatterjee,tapa,paul,about,three,brothers,who,fight,world,strong,family,watch,bengali,hit,online,hoichoi",13
Movies,Mayer Aasirbad,,Acquired,Bengali,India,31-05-2017,Yes,Drama,,Drama,1993,U/A 7+,2,145,145,4,"Debashree Roy, Nirmal Kumar, Biplab Chatterjee",Watch Mayer Aasirbad Bengali movie online on hoichoi. A 90ís Bengali movie about Madhu who visits the city. Will his motherís blessings protect him and change his life? Watch the full movie online on hoichoi.,watch mayer aasirbad bengali movie online hoichoi 90ís bengali movie about madhu who visits city will his motherís blessings protect him change his life watch full movie online hoichoi,watch mayer aasirbad bengali movie,"watch,mayer,aasirbad,bengali,movie,online,hoichoi,90ís,bengali,movie,about,madhu,who,visits,city,will,his,motherís,blessings,protect,him,change,his,life,watch,full,movie,online,hoichoi","watch,mayer,aasirbad,bengali,movie,online,hoichoi,90ís,bengali,movie,about,madhu,who,visits,city,motherís,blessings,protect,him,change,life,watch,full,movie,online,hoichoi",7
Movies,Goynar Baksho,,Acquired,Bengali,India,23-05-2017,Yes,Drama,,Drama,2013,U/A 16+,4,141.6,141.6,7.1,"Konkona Sen Sharma, Moushumi Mukherjee, Srabanti",Watch Goynar Baksho Bengali movie online on hoichoi. A Bengali film about the ghost of a woman obsessed with her jewellery box that later helps her niece-in-law. Watch the Aparna Sen masterpiece online on hoichoi.,watch goynar baksho bengali movie online hoichoi bengali film about ghost woman obsessed her jewellery box later helps her nieceinlaw watch aparna sen masterpiece online hoichoi,watch goynar baksho bengali movie,"watch,goynar,baksho,bengali,movie,online,hoichoi,bengali,film,about,ghost,woman,obsessed,her,jewellery,box,later,helps,her,nieceinlaw,watch,aparna,sen,masterpiece,online,hoichoi","watch,goynar,baksho,bengali,movie,online,hoichoi,bengali,film,about,ghost,woman,obsessed,jewellery,box,later,helps,nieceinlaw,watch,aparna,sen,masterpiece,online,hoichoi",16
Movies,Shudhu Tomari Jonyo,,Acquired,Bengali,India,22-05-2017,Yes,Drama,,Drama,2015,U/A 7+,2,149,149,,"Dev, Srabanti, Mimi Chakraborty, Soham","Watch Shudhu Tomari Jonyo Bengali movie online on hoichoi. A Bangla romance about a married couple that finds love and chooses to separate, to return to their former lovers. Watch the Birsa Dasgupta film on hoichoi.",watch shudhu tomari jonyo bengali movie online hoichoi bangla romance about married couple finds love chooses separate return their former lovers watch birsa dasgupta film hoichoi,watch shudhu tomari jonyo bengali,"watch,shudhu,tomari,jonyo,bengali,movie,online,hoichoi,bangla,romance,about,married,couple,finds,love,chooses,separate,return,their,former,lovers,watch,birsa,dasgupta,film,hoichoi","watch,shudhu,tomari,jonyo,bengali,movie,online,hoichoi,bangla,romance,about,married,couple,finds,love,chooses,separate,return,their,former,lovers,watch,birsa,dasgupta,film,hoichoi",7
Movies,Apur Panchali,,Acquired,Bengali,India,22-05-2017,Yes,Drama,,Drama,2014,U/A 7+,2,106.8,106.8,7.5,"Parambrata Chattopadhyay, Ardhendu Banerjee, Parno Mittra, Gaurav Chakrabarty","Watch Apur Panchali Bengali movie online on hoichoi. A Bengali film on the actor who played little Apu in the iconic Pather Panchali, and his life away from the limelight. Watch the Kaushik Ganguly film online on hoichoi.",watch apur panchali bengali movie online hoichoi bengali film actor who played little apu iconic pather panchali his life away limelight watch kaushik ganguly film online hoichoi,watch apur panchali bengali movie,"watch,apur,panchali,bengali,movie,online,hoichoi,bengali,film,actor,who,played,little,apu,iconic,pather,panchali,his,life,away,limelight,watch,kaushik,ganguly,film,online,hoichoi","watch,apur,panchali,bengali,movie,online,hoichoi,bengali,film,actor,who,played,little,apu,iconic,pather,panchali,life,away,limelight,watch,kaushik,ganguly,film,online,hoichoi",7
Movies,Bapi Bari Jaa,,Acquired,Bengali,India,22-05-2017,Yes,Romantic,Comedy,Romantic Comedy,2012,A 18+,5,114.8,114.8,,"Mimi Chakraborty, Arjun Chakrabarty, Anindya Chatterjee","Watch Bapi Bari Ja Bengali movie online on hoichoi. A Bengali film about five friends from troubled families, dealing with love, career, and other realities of life. Watch the romantic movie online on hoichoi.",watch bapi bari ja bengali movie online hoichoi bengali film about five friends troubled families dealing love career other realities life watch romantic movie online hoichoi,watch bapi bari ja bengali,"watch,bapi,bari,ja,bengali,movie,online,hoichoi,bengali,film,about,five,friends,troubled,families,dealing,love,career,other,realities,life,watch,romantic,movie,online,hoichoi","watch,bapi,bari,ja,bengali,movie,online,hoichoi,bengali,film,about,five,friends,troubled,families,dealing,love,career,other,realities,life,watch,romantic,movie,online,hoichoi",18
Movies,Challenge,,Acquired,Bengali,India,22-05-2017,Yes,Romantic,Action,Romantic Action,2009,U/A 7+,2,151,151,5.9,"Dev, Subhashree, Rajatava Dutta",Watch Challenge Bengali movie online on hoichoi. A Bengali romantic film about a young man determined to win the woman he loves and challenges her protective father. Watch the Dev hit online on hoichoi.,watch challenge bengali movie online hoichoi bengali romantic film about young man determined win woman he loves challenges her protective father watch dev hit online hoichoi,watch challenge bengali movie online,"watch,challenge,bengali,movie,online,hoichoi,bengali,romantic,film,about,young,man,determined,win,woman,he,loves,challenges,her,protective,father,watch,dev,hit,online,hoichoi","watch,challenge,bengali,movie,online,hoichoi,bengali,romantic,film,about,young,man,determined,win,woman,he,loves,challenges,protective,father,watch,dev,hit,online,hoichoi",7
Movies,Amanush 2,,Acquired,Bengali,India,22-05-2017,Yes,Drama,Crime,Drama Crime,2015,A 18+,5,144.1,144.1,6.1,"Soham, Paayel Sarkar, Rajesh Sharma","Watch Amanush 2 Bengali movie online on hoichoi. A Bengali romantic thriller about a man with a troubled childhood. Will he start afresh, or go back to a life of crime? Watch the film online on hoichoi.",watch amanush 2 bengali movie online hoichoi bengali romantic thriller about man troubled childhood will he start afresh or go back life crime watch film online hoichoi,watch amanush 2 bengali movie,"watch,amanush,2,bengali,movie,online,hoichoi,bengali,romantic,thriller,about,man,troubled,childhood,will,he,start,afresh,or,go,back,life,crime,watch,film,online,hoichoi","watch,amanush,2,bengali,movie,online,hoichoi,bengali,romantic,thriller,about,man,troubled,childhood,he,start,afresh,or,go,back,life,crime,watch,film,online,hoichoi",18
Movies,Poran Jaye Jolia Re,,Acquired,Bengali,India,22-05-2017,Yes,Romantic,Drama,Romantic Drama,2009,U/A 7+,2,140,140,5.3,"Dev, Subhashree, Biswajit Chakraborty",Watch Poran Jaye Jolia Re Bengali movie online on hoichoi. A Bengali film about a London-born girl whose father forces her to choose an Indian groom. Will she find the right man? Watch the film starring Dev on hoichoi.,watch poran jaye jolia re bengali movie online hoichoi bengali film about londonborn girl whose father forces her choose indian groom will she find right man watch film starring dev hoichoi,watch poran jaye jolia re,"watch,poran,jaye,jolia,re,bengali,movie,online,hoichoi,bengali,film,about,londonborn,girl,whose,father,forces,her,choose,indian,groom,will,she,find,right,man,watch,film,starring,dev,hoichoi","watch,poran,jaye,jolia,re,bengali,movie,online,hoichoi,bengali,film,about,londonborn,girl,whose,father,forces,choose,indian,groom,she,find,right,man,watch,film,starring,dev,hoichoi",7
Movies,Bandhan,,Acquired,Bengali,India,22-05-2017,Yes,Romantic,Drama,Romantic Drama,2004,U/A 7+,2,159,159,5.4,"Jeet, Koel, Victor Banerjee",Watch Bandhan Bengali movie online on hoichoi. A romantic Bangla film about a Mina marrying against her familyís wishes. Will she reunite with her family? Watch the Jeet-Koel hit movie on hoichoi.,watch bandhan bengali movie online hoichoi romantic bangla film about mina marrying against her familyís wishes will she reunite her family watch jeetkoel hit movie hoichoi,watch bandhan bengali movie online,"watch,bandhan,bengali,movie,online,hoichoi,romantic,bangla,film,about,mina,marrying,against,her,familyís,wishes,will,she,reunite,her,family,watch,jeetkoel,hit,movie,hoichoi","watch,bandhan,bengali,movie,online,hoichoi,romantic,bangla,film,about,mina,marrying,against,familyís,wishes,she,reunite,family,watch,jeetkoel,hit,movie,hoichoi",7
Movies,Tara,,Acquired,Bengali,India,22-05-2017,Yes,Drama,Action,Drama Action,2010,U/A 13+,3,137,137,6.1,"Prosejit Chatterjee, Paoli Dam, Tota Roy Chowdhury",Watch Tara Bengali movie online on hoichoi. A Bengali movie about a woman trying to fight for her father who is framed and tortured by the police. Will she succeed? Watch the film by Bratya Basu online on hoichoi.,watch tara bengali movie online hoichoi bengali movie about woman trying fight her father who framed tortured police will she succeed watch film bratya basu online hoichoi,watch tara bengali movie online,"watch,tara,bengali,movie,online,hoichoi,bengali,movie,about,woman,trying,fight,her,father,who,framed,tortured,police,will,she,succeed,watch,film,bratya,basu,online,hoichoi","watch,tara,bengali,movie,online,hoichoi,bengali,movie,about,woman,trying,fight,father,who,framed,tortured,police,she,succeed,watch,film,bratya,basu,online,hoichoi",13
Movies,Sangee,,Acquired,Bengali,India,22-05-2017,Yes,Romantic,,Romantic,2003,U/A 7+,2,155,155,,"Jeet, Ranjit Mallick, Rajesh Sharma","Watch Sangee Bengali movie online on hoichoi. A Bengali film about the love story of a man torn between love and friendship, as he falls for his best friendís sister. Watch the full movie online on hoichoi.",watch sangee bengali movie online hoichoi bengali film about love story man torn between love friendship he falls his best friendís sister watch full movie online hoichoi,watch sangee bengali movie online,"watch,sangee,bengali,movie,online,hoichoi,bengali,film,about,love,story,man,torn,between,love,friendship,he,falls,his,best,friendís,sister,watch,full,movie,online,hoichoi","watch,sangee,bengali,movie,online,hoichoi,bengali,film,about,love,story,man,torn,between,love,friendship,he,falls,best,friendís,sister,watch,full,movie,online,hoichoi",7
Movies,Kellafate,,Acquired,Bengali,India,22-05-2017,Yes,Romantic,Comedy,Romantic Comedy,2010,U/A 13+,3,154,154,6.6,"Ankush, Rupashree, Rajatava Dutta","Watch Kellafate Bengali movie online on hoichoi. A Bangla romance about the love story of Shibu, an aspiring actor, and Pallabi, who is committed to someone else. Watch the hit film starring Ankush, on hoichoi.",watch kellafate bengali movie online hoichoi bangla romance about love story shibu aspiring actor pallabi who committed someone else watch hit film starring ankush hoichoi,watch kellafate bengali movie online,"watch,kellafate,bengali,movie,online,hoichoi,bangla,romance,about,love,story,shibu,aspiring,actor,pallabi,who,committed,someone,else,watch,hit,film,starring,ankush,hoichoi","watch,kellafate,bengali,movie,online,hoichoi,bangla,romance,about,love,story,shibu,aspiring,actor,pallabi,who,committed,someone,else,watch,hit,film,starring,ankush,hoichoi",13
Movies,Sei To Abar Kache Ele,,Acquired,Bengali,India,22-05-2017,Yes,Romantic,Drama,Romantic Drama,1999,U/A 13+,3,148,148,,"Prosenjit Chatterjee, Arjun Chakraborty, Soumitra Chatterjee",Watch Sei To Abar Kache Ele Bengali movie online on hoichoi. A 90ís film about the love story of Animesh and Sita. What happens when Sitaís evil twin tries to ruin the relationship? Watch the film online on hoichoi.,watch sei abar kache ele bengali movie online hoichoi 90ís film about love story animesh sita what happens when sitaís evil twin tries ruin relationship watch film online hoichoi,watch sei abar kache ele,"watch,sei,abar,kache,ele,bengali,movie,online,hoichoi,90ís,film,about,love,story,animesh,sita,what,happens,when,sitaís,evil,twin,tries,ruin,relationship,watch,film,online,hoichoi","watch,sei,abar,kache,ele,bengali,movie,online,hoichoi,90ís,film,about,love,story,animesh,sita,what,happens,sitaís,evil,twin,tries,ruin,relationship,watch,film,online,hoichoi",13
Movies,Fight 1:1,,Acquired,Bengali,India,22-05-2017,Yes,Action,,Action,2011,U/A 7+,2,154.4,154.4,,"Satabdi Roy, Tapas Paul, Paran Bandyopadhyay",Watch Fight 1:1 Bengali movie online on hoichoi. A Bengali action movie about two rival gangs in college. What will happen when they find a common enemy? Watch the film starring Tapas Pal and Satabdi Ray on hoichoi.,watch fight 11 bengali movie online hoichoi bengali action movie about two rival gangs college what will happen when they find common enemy watch film starring tapas pal satabdi ray hoichoi,watch fight 11 bengali movie,"watch,fight,11,bengali,movie,online,hoichoi,bengali,action,movie,about,two,rival,gangs,college,what,will,happen,when,they,find,common,enemy,watch,film,starring,tapas,pal,satabdi,ray,hoichoi","watch,fight,11,bengali,movie,online,hoichoi,bengali,action,movie,about,two,rival,gangs,college,what,happen,they,find,common,enemy,watch,film,starring,tapas,pal,satabdi,ray,hoichoi",7
Movies,Protidwandi (2010),,Acquired,Bengali,India,22-05-2017,Yes,Action,,Action,2010,U/A 13+,3,165,165,,"Dipankar Dey, Anamika Saha, Subhasish Mukherjee, Piya Sengupta, Mrinal Mukherjee, Biswajit Chakraborty, Dhritiman Chatterjee",Watch Protidwandi (2010) Bengali movie online on hoichoi. Village simpleton Debu aspires to become an actor and is eventually successful. But can he fight the evils brought by his fame? Watch the full movie on Hoichoi.,watch protidwandi 2010 bengali movie online hoichoi village simpleton debu aspires become actor eventually successful but can he fight evils brought his fame watch full movie hoichoi,watch protidwandi 2010 bengali movie,"watch,protidwandi,2010,bengali,movie,online,hoichoi,village,simpleton,debu,aspires,become,actor,eventually,successful,but,can,he,fight,evils,brought,his,fame,watch,full,movie,hoichoi","watch,protidwandi,2010,bengali,movie,online,hoichoi,village,simpleton,debu,aspires,become,actor,eventually,successful,but,he,fight,evils,brought,fame,watch,full,movie,hoichoi",13
Movies,Aat Paake Badha,,Acquired,Bengali,India,21-05-2017,Yes,Romantic,,Romantic,2011,U/A 7+,2,130,130,,"Vishal, Ruhi, Arpita Baker","Watch Aat Paake Badha Bengali movie online on hoichoi. A Bengali romance about Indra and Priya, a married couple, fighting against misunderstanding, illness, and more. Watch the film online on hoichoi.",watch aat paake badha bengali movie online hoichoi bengali romance about indra priya married couple fighting against misunderstanding illness more watch film online hoichoi,watch aat paake badha bengali,"watch,aat,paake,badha,bengali,movie,online,hoichoi,bengali,romance,about,indra,priya,married,couple,fighting,against,misunderstanding,illness,more,watch,film,online,hoichoi","watch,aat,paake,badha,bengali,movie,online,hoichoi,bengali,romance,about,indra,priya,married,couple,fighting,against,misunderstanding,illness,more,watch,film,online,hoichoi",7
Movies,Arshinagar,,Acquired,Bengali,India,20-05-2017,Yes,Drama,Political,Drama Political,2015,U/A 16+,4,151.3,151.3,7.3,"Dev, Rittika Sen, Jisshu Sengupta","Watch Arshinagar Bengali movie online on hoichoi. Aparna Senís modern musical adaptation of Romeo and Juliet, about love blooming amidst religious disputes. Watch the Bengali film starring Dev on hoichoi.",watch arshinagar bengali movie online hoichoi aparna senís modern musical adaptation romeo juliet about love blooming amidst religious disputes watch bengali film starring dev hoichoi,watch arshinagar bengali movie online,"watch,arshinagar,bengali,movie,online,hoichoi,aparna,senís,modern,musical,adaptation,romeo,juliet,about,love,blooming,amidst,religious,disputes,watch,bengali,film,starring,dev,hoichoi","watch,arshinagar,bengali,movie,online,hoichoi,aparna,senís,modern,musical,adaptation,romeo,juliet,about,love,blooming,amidst,religious,disputes,watch,bengali,film,starring,dev,hoichoi",16
Movies,Bangali Babu English Mem,,Acquired,Bengali,India,20-05-2017,Yes,Romantic,Comedy,Romantic Comedy,2014,U/A 7+,2,145.2,145.2,5.4,"Soham, Mimi Chakraborty","Watch Bangali Babu English Mem Bengali movie online on hoichoi. A Bengali romantic film about the love story of Madhusudan who wants a Canadian life, and Riya, a fashion designer. Watch the Soham-Mimi movie online on hoichoi.",watch bangali babu english mem bengali movie online hoichoi bengali romantic film about love story madhusudan who wants canadian life riya fashion designer watch sohammimi movie online hoichoi,watch bangali babu english mem,"watch,bangali,babu,english,mem,bengali,movie,online,hoichoi,bengali,romantic,film,about,love,story,madhusudan,who,wants,canadian,life,riya,fashion,designer,watch,sohammimi,movie,online,hoichoi","watch,bangali,babu,english,mem,bengali,movie,online,hoichoi,bengali,romantic,film,about,love,story,madhusudan,who,wants,canadian,life,riya,fashion,designer,watch,sohammimi,movie,online,hoichoi",7
Movies,Beder Meye Josna,,Acquired,Bengali,India,20-05-2017,Yes,Romantic,Fantasy,Romantic Fantasy,1991,U/A 13+,3,173,173,7.9,"Chiranjeet, Anju Ghosh, Subhendu Chatterjee",Watch Beder Meye Josna Bengali movie online on hoichoi. A hit Bengali movie about the love between a prince and a girl from the snake-charmer community. Watch the Bengali movie on hoichoi.,watch beder meye josna bengali movie online hoichoi hit bengali movie about love between prince girl snakecharmer community watch bengali movie hoichoi,watch beder meye josna bengali,"watch,beder,meye,josna,bengali,movie,online,hoichoi,hit,bengali,movie,about,love,between,prince,girl,snakecharmer,community,watch,bengali,movie,hoichoi","watch,beder,meye,josna,bengali,movie,online,hoichoi,hit,bengali,movie,about,love,between,prince,girl,snakecharmer,community,watch,bengali,movie,hoichoi",13
Movies,Char Adhyay,,Acquired,Bengali,India,20-05-2017,Yes,Drama,,Drama,2016,U/A 13+,3,131.1,131.1,6.8,"Mallika Majumdar, Debdut Ghosh, Tarun Chakraborty","Watch Char Adhyay Bengali movie online on hoichoi. A Bengali film based in Tagoreís last novel, depicting the ugly side of blind nationalism, during the British Raj. Watch the film online on hoichoi.",watch char adhyay bengali movie online hoichoi bengali film based tagoreís last novel depicting ugly side blind nationalism during british raj watch film online hoichoi,watch char adhyay bengali movie,"watch,char,adhyay,bengali,movie,online,hoichoi,bengali,film,based,tagoreís,last,novel,depicting,ugly,side,blind,nationalism,during,british,raj,watch,film,online,hoichoi","watch,char,adhyay,bengali,movie,online,hoichoi,bengali,film,based,tagoreís,last,novel,depicting,ugly,side,blind,nationalism,during,british,raj,watch,film,online,hoichoi",13
Movies,Biyallish,,Acquired,Bengali,India,20-05-2017,Yes,Drama,Historical,Drama Historical,1951,U,1,151,151,,"Pradip Kumar, Manju Dey, Bikash Roy",Watch Biyallish Bengali movie online on hoichoi. Hemen Gupta's Bengali classic that addresses the political unrest in Midnapore against the colonial rule in 1942. Watch the social drama online on hoichoi.,watch biyallish bengali movie online hoichoi hemen guptas bengali classic addresses political unrest midnapore against colonial rule 1942 watch social drama online hoichoi,watch biyallish bengali movie online,"watch,biyallish,bengali,movie,online,hoichoi,hemen,guptas,bengali,classic,addresses,political,unrest,midnapore,against,colonial,rule,1942,watch,social,drama,online,hoichoi","watch,biyallish,bengali,movie,online,hoichoi,hemen,guptas,bengali,classic,addresses,political,unrest,midnapore,against,colonial,rule,1942,watch,social,drama,online,hoichoi",0
Movies,Amar Bodyguard,,Acquired,Bengali,India,20-05-2017,Yes,Romantic,,Romantic,2012,U/A 7+,2,133,133,,"Ridhima Ghosh, Pratik, Tapas Paul","Watch Amar Bodyguard Bengali movie online on hoichoi. A Bengali film about a Anol who loves Ankhi, though she sees him as just her bodyguard. Will his love change her mind? Watch the film online on hoichoi.",watch amar bodyguard bengali movie online hoichoi bengali film about anol who loves ankhi though she sees him just her bodyguard will his love change her mind watch film online hoichoi,watch amar bodyguard bengali movie,"watch,amar,bodyguard,bengali,movie,online,hoichoi,bengali,film,about,anol,who,loves,ankhi,though,she,sees,him,just,her,bodyguard,will,his,love,change,her,mind,watch,film,online,hoichoi","watch,amar,bodyguard,bengali,movie,online,hoichoi,bengali,film,about,anol,who,loves,ankhi,though,she,sees,him,just,bodyguard,love,change,mind,watch,film,online,hoichoi",7
Movies,Bedeneer Prem,,Acquired,Bengali,India,20-05-2017,Yes,Romantic,,Romantic,1992,U,1,152,152,,"Anju Ghosh, Chiranjeet, Lily Chakraborty",Watch Bedeneer Prem Bengali movie online on hoichoi. A 90ís Bengali hit about a Bedeni girlís love for a boy whoís adopted by snake-charmers. Will he find his real family? Watch the film online on hoichoi.,watch bedeneer prem bengali movie online hoichoi 90ís bengali hit about bedeni girlís love boy whoís adopted snakecharmers will he find his real family watch film online hoichoi,watch bedeneer prem bengali movie,"watch,bedeneer,prem,bengali,movie,online,hoichoi,90ís,bengali,hit,about,bedeni,girlís,love,boy,whoís,adopted,snakecharmers,will,he,find,his,real,family,watch,film,online,hoichoi","watch,bedeneer,prem,bengali,movie,online,hoichoi,90ís,bengali,hit,about,bedeni,girlís,love,boy,whoís,adopted,snakecharmers,he,find,real,family,watch,film,online,hoichoi",0
Movies,Ami Achi Sei Je Tomar,,Acquired,Bengali,India,20-05-2017,Yes,Romantic,,Romantic,2011,U,1,128,128,4.7,"Angshuman, Anu Chowdhury, Dulal Lahiri","Watch Ami Achi Sei Je Tomar Bengali movie online on hoichoi. A Bengali film about the love of Priya and Bhaskar which remains unfulfilled. But, what happens when Angshuman arrives? Watch the film online on hoichoi.",watch ami achi sei je tomar bengali movie online hoichoi bengali film about love priya bhaskar which remains unfulfilled but what happens when angshuman arrives watch film online hoichoi,watch ami achi sei je,"watch,ami,achi,sei,je,tomar,bengali,movie,online,hoichoi,bengali,film,about,love,priya,bhaskar,which,remains,unfulfilled,but,what,happens,when,angshuman,arrives,watch,film,online,hoichoi","watch,ami,achi,sei,je,tomar,bengali,movie,online,hoichoi,bengali,film,about,love,priya,bhaskar,which,remains,unfulfilled,but,what,happens,angshuman,arrives,watch,film,online,hoichoi",0
Movies,Churiwala,,Acquired,Bengali,India,20-05-2017,Yes,Romantic,,Romantic,2001,U/A 7+,2,155,155,6.5,"Firdous Ahmed, Shambhu Bhattacharya, Soumitra Chatterjee","Watch Churiwala Bengali movie online on hoichoi. A Bengali movie starring Ferdous Ahmed, depicting the love story that captures the struggle against society and family. Watch the full movie online on hoichoi.",watch churiwala bengali movie online hoichoi bengali movie starring ferdous ahmed depicting love story captures struggle against society family watch full movie online hoichoi,watch churiwala bengali movie online,"watch,churiwala,bengali,movie,online,hoichoi,bengali,movie,starring,ferdous,ahmed,depicting,love,story,captures,struggle,against,society,family,watch,full,movie,online,hoichoi","watch,churiwala,bengali,movie,online,hoichoi,bengali,movie,starring,ferdous,ahmed,depicting,love,story,captures,struggle,against,society,family,watch,full,movie,online,hoichoi",7
Movies,Saptami,,Acquired,Bengali,India,20-05-2017,Yes,Romantic,,Romantic,1997,U,1,148,148,,"Prosenjit Chatterjee, Soumitra Chatterjee, Abhishek Chatterjee","Watch Saptami Bengali movie online on hoichoi. A Bengali film about Soumo leaving his wife Saptami in his friendís care, for his education. But what shock awaits him? Watch the film online on hoichoi.",watch saptami bengali movie online hoichoi bengali film about soumo leaving his wife saptami his friendís care his education but what shock awaits him watch film online hoichoi,watch saptami bengali movie online,"watch,saptami,bengali,movie,online,hoichoi,bengali,film,about,soumo,leaving,his,wife,saptami,his,friendís,care,his,education,but,what,shock,awaits,him,watch,film,online,hoichoi","watch,saptami,bengali,movie,online,hoichoi,bengali,film,about,soumo,leaving,wife,saptami,friendís,care,education,but,what,shock,awaits,him,watch,film,online,hoichoi",0
Movies,Kelor Kirti,,Acquired,Bengali,India,19-05-2017,Yes,Comedy,,Comedy,2016,U,1,153.6,153.6,4.4,"Dev, Ankush, Jisshu Sengupta, Mimi Chakraborty, Nusrat Jahan, Sayantika, Koushani",Watch Kelor Kirti Bengali movie online on hoichoi. A Bengali romcom about three couples and their misunderstandings - because of a gorgeous woman. A complete laugh riot! Watch the multistarrer film online on hoichoi.,watch kelor kirti bengali movie online hoichoi bengali romcom about three couples their misunderstandings because gorgeous woman complete laugh riot watch multistarrer film online hoichoi,watch kelor kirti bengali movie,"watch,kelor,kirti,bengali,movie,online,hoichoi,bengali,romcom,about,three,couples,their,misunderstandings,because,gorgeous,woman,complete,laugh,riot,watch,multistarrer,film,online,hoichoi","watch,kelor,kirti,bengali,movie,online,hoichoi,bengali,romcom,about,three,couples,their,misunderstandings,because,gorgeous,woman,complete,laugh,riot,watch,multistarrer,film,online,hoichoi",0
Movies,Challenge 2,,Acquired,Bengali,India,19-05-2017,Yes,Action,Crime,Action Crime,2010,U/A 13+,3,161.6,161.6,,"Dev, Pooja Bose, Tapas Paul","Watch Challenge 2 Bengali movie online on hoichoi. A Bengali action movie about a manís fight for justice for his father's death. Will he succeed in his mission? Watch the Bengali hit starring Dev, only on hoichoi",watch challenge 2 bengali movie online hoichoi bengali action movie about manís fight justice his fathers death will he succeed his mission watch bengali hit starring dev only hoichoi,watch challenge 2 bengali movie,"watch,challenge,2,bengali,movie,online,hoichoi,bengali,action,movie,about,manís,fight,justice,his,fathers,death,will,he,succeed,his,mission,watch,bengali,hit,starring,dev,only,hoichoi","watch,challenge,2,bengali,movie,online,hoichoi,bengali,action,movie,about,manís,fight,justice,fathers,death,he,succeed,mission,watch,bengali,hit,starring,dev,only,hoichoi",13
Movies,Power,,Acquired,Bengali,India,19-05-2017,Yes,Action,Crime,Action Crime,2016,U/A 13+,3,156.5,156.5,,"Jeet, Nusrat Jahan, Sayantika Banerjee","Watch Power Bengali movie online on hoichoi. A Bengali action comedy about an aspiring cop posing as a posing officer, with a stolen uniform. How will this end? Watch the romcom online on hoichoi.",watch power bengali movie online hoichoi bengali action comedy about aspiring cop posing posing officer stolen uniform how will end watch romcom online hoichoi,watch power bengali movie online,"watch,power,bengali,movie,online,hoichoi,bengali,action,comedy,about,aspiring,cop,posing,posing,officer,stolen,uniform,how,will,end,watch,romcom,online,hoichoi","watch,power,bengali,movie,online,hoichoi,bengali,action,comedy,about,aspiring,cop,posing,posing,officer,stolen,uniform,how,end,watch,romcom,online,hoichoi",13
Movies,Bhanu Pelo Lottery,,Acquired,Bengali,India,19-05-2017,Yes,Comedy,,Comedy,1958,U,1,103.1,103.1,7.6,"Bhanu Bandyopadhyay, Jahar Roy, Lily Chakrabarty",Watch Bhanu Pelo Lottery Bengali movie online on hoichoi. A Bhanu Bandyopadhyay film about a village singer and earthen toy-seller whose life changes after winning a lottery. Watch the Bengali classic movie online on hoichoi.,watch bhanu pelo lottery bengali movie online hoichoi bhanu bandyopadhyay film about village singer earthen toyseller whose life changes after winning lottery watch bengali classic movie online hoichoi,watch bhanu pelo lottery bengali,"watch,bhanu,pelo,lottery,bengali,movie,online,hoichoi,bhanu,bandyopadhyay,film,about,village,singer,earthen,toyseller,whose,life,changes,after,winning,lottery,watch,bengali,classic,movie,online,hoichoi","watch,bhanu,pelo,lottery,bengali,movie,online,hoichoi,bhanu,bandyopadhyay,film,about,village,singer,earthen,toyseller,whose,life,changes,after,winning,lottery,watch,bengali,classic,movie,online,hoichoi",0
Movies,Swapnerdin,,Acquired,Bengali,India,19-05-2017,Yes,Drama,,Drama,2004,U,1,92,92,7,"Prosenjit Chatterjee, Raima Sen, Rimi Sen",Watch Swapnerdin Bengali movie online on hoichoi. A Prosenjit Chatterjee film about a man who wants to educate the people in the villages of Bengal. Will he succeed? Watch the Bengali film online on hoichoi.,watch swapnerdin bengali movie online hoichoi prosenjit chatterjee film about man who wants educate people villages bengal will he succeed watch bengali film online hoichoi,watch swapnerdin bengali movie online,"watch,swapnerdin,bengali,movie,online,hoichoi,prosenjit,chatterjee,film,about,man,who,wants,educate,people,villages,bengal,will,he,succeed,watch,bengali,film,online,hoichoi","watch,swapnerdin,bengali,movie,online,hoichoi,prosenjit,chatterjee,film,about,man,who,wants,educate,people,villages,bengal,he,succeed,watch,bengali,film,online,hoichoi",0
Movies,Awara,,Acquired,Bengali,India,19-05-2017,Yes,Romantic,Action,Romantic Action,2012,U/A 13+,3,143.8,143.8,7.8,"Jeet, Sayantika, Kharaj Mukherjee",Watch Awara Bengali movie online on hoichoi. A Bengali film about Surya who falls in love with Poulomi. What happens when a gangster tries to marry her forcibly? Watch the romantic action film online on hoichoi.,watch awara bengali movie online hoichoi bengali film about surya who falls love poulomi what happens when gangster tries marry her forcibly watch romantic action film online hoichoi,watch awara bengali movie online,"watch,awara,bengali,movie,online,hoichoi,bengali,film,about,surya,who,falls,love,poulomi,what,happens,when,gangster,tries,marry,her,forcibly,watch,romantic,action,film,online,hoichoi","watch,awara,bengali,movie,online,hoichoi,bengali,film,about,surya,who,falls,love,poulomi,what,happens,gangster,tries,marry,forcibly,watch,romantic,action,film,online,hoichoi",13
Movies,Shubho Drishti,,Acquired,Bengali,India,19-05-2017,Yes,Romantic,,Romantic,2006,U,1,143.1,143.1,7,"Jeet, Koel, Parambrata Chatterjee","Watch Shubho Drishti Bengali movie online on hoichoi. A wedding film about the love story of a young couple played by Jeet and Koel, with a shocking twist of events. Watch the full movie online on hoichoi.",watch shubho drishti bengali movie online hoichoi wedding film about love story young couple played jeet koel shocking twist events watch full movie online hoichoi,watch shubho drishti bengali movie,"watch,shubho,drishti,bengali,movie,online,hoichoi,wedding,film,about,love,story,young,couple,played,jeet,koel,shocking,twist,events,watch,full,movie,online,hoichoi","watch,shubho,drishti,bengali,movie,online,hoichoi,wedding,film,about,love,story,young,couple,played,jeet,koel,shocking,twist,events,watch,full,movie,online,hoichoi",0
Movies,I Love You,,Acquired,Bengali,India,19-05-2017,Yes,Romantic,,Romantic,2006,U/A 7+,2,184,184,,"Dev, Paayel Sarkar, Tapas Paul","Watch I Love You Bengali movie online on hoichoi. The story of two people from two different worlds Rahul who break social boundaries for love, starring Dev and Payel. Watch the Bangla romance on hoichoi.",watch i love you bengali movie online hoichoi story two people two different worlds rahul who break social boundaries love starring dev payel watch bangla romance hoichoi,watch i love you bengali,"watch,i,love,you,bengali,movie,online,hoichoi,story,two,people,two,different,worlds,rahul,who,break,social,boundaries,love,starring,dev,payel,watch,bangla,romance,hoichoi","watch,i,love,you,bengali,movie,online,hoichoi,story,two,people,two,different,worlds,rahul,who,break,social,boundaries,love,starring,dev,payel,watch,bangla,romance,hoichoi",7
Movies,Golemale Pirit Koro Na,,Acquired,Bengali,India,19-05-2017,Yes,Romantic,Comedy,Romantic Comedy,2013,U/A 7+,2,124.5,124.5,5,"Jisshu Sengupta, Paayel Sarkar, Ritwick Chakraborty",Watch Golemale Pirit Koro Na Bengali movie online on hoichoi. A Bengali comedy about two friends who change their names to to impress each otherís sisters. A complete laugh riot! Watch the film online on hoichoi.,watch golemale pirit koro na bengali movie online hoichoi bengali comedy about two friends who change their names impress each otherís sisters complete laugh riot watch film online hoichoi,watch golemale pirit koro na,"watch,golemale,pirit,koro,na,bengali,movie,online,hoichoi,bengali,comedy,about,two,friends,who,change,their,names,impress,each,otherís,sisters,complete,laugh,riot,watch,film,online,hoichoi","watch,golemale,pirit,koro,na,bengali,movie,online,hoichoi,bengali,comedy,about,two,friends,who,change,their,names,impress,each,otherís,sisters,complete,laugh,riot,watch,film,online,hoichoi",7
Movies,Yuddho (2005),,Acquired,Bengali,India,19-05-2017,Yes,Action,Crime,Action Crime,2005,U/A 13+,3,150,150,5.9,"Mithun Chakraborty, Jeet, Debashree Roy",Watch Yuddho (2005) Bengali movie online on hoichoi. The story of a police officer who is notorious towards criminals. Will his life change after he puts an MLA behind bars? Watch the film starring Jeet online on hoichoi.,watch yuddho 2005 bengali movie online hoichoi story police officer who notorious towards criminals will his life change after he puts mla behind bars watch film starring jeet online hoichoi,watch yuddho 2005 bengali movie,"watch,yuddho,2005,bengali,movie,online,hoichoi,story,police,officer,who,notorious,towards,criminals,will,his,life,change,after,he,puts,mla,behind,bars,watch,film,starring,jeet,online,hoichoi","watch,yuddho,2005,bengali,movie,online,hoichoi,story,police,officer,who,notorious,towards,criminals,life,change,after,he,puts,mla,behind,bars,watch,film,starring,jeet,online,hoichoi",13
Movies,Anu,,Acquired,Bengali,India,19-05-2017,Yes,Drama,Social,Drama Social,1999,U/A 7+,2,119.6,119.6,6.8,"Indrani Halder, Nirmalya Bandyopadhyay, Debesh Roychowdhury","Watch Anu Bengali movie online on hoichoi. A film about a love story in the post-Naxalite Bengal, as a woman falls for a political activist. Will he respond? Watch the Bengali film online on hoichoi.",watch anu bengali movie online hoichoi film about love story postnaxalite bengal woman falls political activist will he respond watch bengali film online hoichoi,watch anu bengali movie online,"watch,anu,bengali,movie,online,hoichoi,film,about,love,story,postnaxalite,bengal,woman,falls,political,activist,will,he,respond,watch,bengali,film,online,hoichoi","watch,anu,bengali,movie,online,hoichoi,film,about,love,story,postnaxalite,bengal,woman,falls,political,activist,he,respond,watch,bengali,film,online,hoichoi",7
Movies,Roudra Chaya,,Acquired,Bengali,India,19-05-2017,Yes,Drama,,Drama,1973,U/A 13+,3,105.8,105.8,,"Uttam Kumar, Anjana Bhowmick, Bhanu Bandyopadhyay","Watch Roudra Chaya Bengali movie online on hoichoi. A film starring Uttam Kumar, about the long-lost son of an industrialist who grows up in a chruch and becomes a goon. Watch the bengali film online on hoichoi.",watch roudra chaya bengali movie online hoichoi film starring uttam kumar about longlost son industrialist who grows up chruch becomes goon watch bengali film online hoichoi,watch roudra chaya bengali movie,"watch,roudra,chaya,bengali,movie,online,hoichoi,film,starring,uttam,kumar,about,longlost,son,industrialist,who,grows,up,chruch,becomes,goon,watch,bengali,film,online,hoichoi","watch,roudra,chaya,bengali,movie,online,hoichoi,film,starring,uttam,kumar,about,longlost,son,industrialist,who,grows,up,chruch,becomes,goon,watch,bengali,film,online,hoichoi",13
Movies,Mrinaler Chithi,,Acquired,Bengali,India,19-05-2017,Yes,Drama,,Drama,2012,U,1,116.8,116.8,,"Juin Sarkar, Sudip Chakraborty, Tapati Bhattacharya","Watch Mrinaler Chithi Bengali movie online on hoichoi. A Bengali film based on Tagoreís short story about a young bride, writing letters about her experiences in her new home. Watch the movie online on hoichoi.",watch mrinaler chithi bengali movie online hoichoi bengali film based tagoreís short story about young bride writing letters about her experiences her new home watch movie online hoichoi,watch mrinaler chithi bengali movie,"watch,mrinaler,chithi,bengali,movie,online,hoichoi,bengali,film,based,tagoreís,short,story,about,young,bride,writing,letters,about,her,experiences,her,new,home,watch,movie,online,hoichoi","watch,mrinaler,chithi,bengali,movie,online,hoichoi,bengali,film,based,tagoreís,short,story,about,young,bride,writing,letters,about,experiences,new,home,watch,movie,online,hoichoi",0
Movies,Refugee,,Acquired,Bengali,Bangladesh,19-05-2017,Yes,Action,Crime,Action Crime,,U/A 16+,4,126 mins,126,5.2,"Shohel Mondol, Sharif Siraj, Zakia Bari Mamo, Afzal Hossain",A drug dealer from the Geneva Camp of Bangladesh gets involved in a spine-chilling conspiracy of the third generation of freedom fighters. How far will he go to prevent a catastrophe and save the people who don't consider him one of their own?,drug dealer geneva camp bangladesh gets involved spinechilling conspiracy third generation freedom fighters how far will he go prevent catastrophe save people who dont consider him one their own,drug dealer geneva camp bangladesh,"drug,dealer,geneva,camp,bangladesh,gets,involved,spinechilling,conspiracy,third,generation,freedom,fighters,how,far,will,he,go,prevent,catastrophe,save,people,who,dont,consider,him,one,their,own","drug,dealer,geneva,camp,bangladesh,gets,involved,spinechilling,conspiracy,third,generation,freedom,fighters,how,far,he,go,prevent,catastrophe,save,people,who,dont,consider,him,one,their,own",16
Movies,Go For Goals,,Acquired,Bengali,India,19-05-2017,Yes,Drama,Sports,Drama Sports,2009,U,1,101.7,101.7,,"Kaushik Chakraborty, Kabir Suman, Goutam Sarkar","Watch Go For Goals Bengali movie online on hoichoi. A sports drama about Bengalisí love for football, through the story of five friends who want to become footballers. Watch the Bengali movie online on hoichoi.",watch go goals bengali movie online hoichoi sports drama about bengalisí love football through story five friends who want become footballers watch bengali movie online hoichoi,watch go goals bengali movie,"watch,go,goals,bengali,movie,online,hoichoi,sports,drama,about,bengalisí,love,football,through,story,five,friends,who,want,become,footballers,watch,bengali,movie,online,hoichoi","watch,go,goals,bengali,movie,online,hoichoi,sports,drama,about,bengalisí,love,football,through,story,five,friends,who,want,become,footballers,watch,bengali,movie,online,hoichoi",0
Movies,Swartho,,Acquired,Bengali,India,19-05-2017,Yes,Drama,,Drama,2009,U,1,137.6,137.6,7.9,"Soumitra Chatterjee, Madhabi Mukherjee, Paran Bandopadhyay","Watch Swartho Bengali movie online on hoichoi. A Bengali film about a farmer who leaves everything to settle with his nephews, not knowing that they want his money. Watch the full movie online on hoichoi.",watch swartho bengali movie online hoichoi bengali film about farmer who leaves everything settle his nephews not knowing they want his money watch full movie online hoichoi,watch swartho bengali movie online,"watch,swartho,bengali,movie,online,hoichoi,bengali,film,about,farmer,who,leaves,everything,settle,his,nephews,not,knowing,they,want,his,money,watch,full,movie,online,hoichoi","watch,swartho,bengali,movie,online,hoichoi,bengali,film,about,farmer,who,leaves,everything,settle,nephews,knowing,they,want,money,watch,full,movie,online,hoichoi",0
Movies,Mon Chaye Tomay,,Acquired,Bengali,India,19-05-2017,Yes,Romantic,,Romantic,2010,U/A 7+,2,135,135,,"Soumitra Chatterjee, Debika Mukherjee, Pamela","Watch Mon Chaye Tomay Bengali movie online on hoichoi. A Bengali film about a couple in love, whose families are against their relationship. Will they be able to unite? Watch the film online on hoichoi.",watch mon chaye tomay bengali movie online hoichoi bengali film about couple love whose families are against their relationship will they able unite watch film online hoichoi,watch mon chaye tomay bengali,"watch,mon,chaye,tomay,bengali,movie,online,hoichoi,bengali,film,about,couple,love,whose,families,are,against,their,relationship,will,they,able,unite,watch,film,online,hoichoi","watch,mon,chaye,tomay,bengali,movie,online,hoichoi,bengali,film,about,couple,love,whose,families,against,their,relationship,they,able,unite,watch,film,online,hoichoi",7
Movies,Ranakshetra,,Acquired,Bengali,India,19-05-2017,Yes,Action,Crime,Action Crime,1998,U/A 7+,2,147,147,6.8,"Prosenjit Chatterjee, Satabdi Roy, Soumitra Chatterjee",Watch Ranakshetra Bengali movie online on hoichoi. A Bengali film about Rajaís revenge for his brotherís murder in the hands of a corrupt ministerís drug-peddling son. Watch the Prosenjit Chatterjee movie on hoichoi.,watch ranakshetra bengali movie online hoichoi bengali film about rajaís revenge his brotherís murder hands corrupt ministerís drugpeddling son watch prosenjit chatterjee movie hoichoi,watch ranakshetra bengali movie online,"watch,ranakshetra,bengali,movie,online,hoichoi,bengali,film,about,rajaís,revenge,his,brotherís,murder,hands,corrupt,ministerís,drugpeddling,son,watch,prosenjit,chatterjee,movie,hoichoi","watch,ranakshetra,bengali,movie,online,hoichoi,bengali,film,about,rajaís,revenge,brotherís,murder,hands,corrupt,ministerís,drugpeddling,son,watch,prosenjit,chatterjee,movie,hoichoi",7
Movies,Mayar Badhon,,Acquired,Bengali,India,19-05-2017,Yes,Drama,,Drama,1997,U/A 7+,2,156,156,,"Prosenjit Chatterjee, Rituparna Sengupta, Satabdi Roy",Watch Mayar Badhon Bengali movie online on hoichoi. A Bangla movie about two women who get separated from their daughters during birth. Will fate bring them together? Watch the movie online on hoichoi.,watch mayar badhon bengali movie online hoichoi bangla movie about two women who get separated their daughters during birth will fate bring them together watch movie online hoichoi,watch mayar badhon bengali movie,"watch,mayar,badhon,bengali,movie,online,hoichoi,bangla,movie,about,two,women,who,get,separated,their,daughters,during,birth,will,fate,bring,them,together,watch,movie,online,hoichoi","watch,mayar,badhon,bengali,movie,online,hoichoi,bangla,movie,about,two,women,who,get,separated,their,daughters,during,birth,fate,bring,them,together,watch,movie,online,hoichoi",7
Movies,Manush Manusher Janya,,Acquired,Bengali,India,19-05-2017,Yes,Drama,,Drama,1998,U,1,132,132,,"Abhishek Chatterjee, Sumitra Mukherjee, Santu Mukherjee",Watch Manush Manusher Janya Bengali movie online on hoichoi. A Bengali film about the struggles of people from different levels of society. Can humanity make the struggle easier? Watch the film online on hoichoi.,watch manush manusher janya bengali movie online hoichoi bengali film about struggles people different levels society can humanity make struggle easier watch film online hoichoi,watch manush manusher janya bengali,"watch,manush,manusher,janya,bengali,movie,online,hoichoi,bengali,film,about,struggles,people,different,levels,society,can,humanity,make,struggle,easier,watch,film,online,hoichoi","watch,manush,manusher,janya,bengali,movie,online,hoichoi,bengali,film,about,struggles,people,different,levels,society,humanity,make,struggle,easier,watch,film,online,hoichoi",0
Movies,Behula Lakhindar,,Acquired,Bengali,India,19-05-2017,Yes,Drama,Mythological,Drama Mythological,1991,U,1,141,141,5.5,"Abhi Bhattacharya, Tarun Kumar, Mahua Roychoudhury",Watch Behula Lakhindar Bengali movie online on hoichoi. A Bengali film about Behulaís effort to bring her husband Lakhindar back to life and reverse Goddess Manasaís curse. Watch the mythological classic online on hoichoi.,watch behula lakhindar bengali movie online hoichoi bengali film about behulaís effort bring her husband lakhindar back life reverse goddess manasaís curse watch mythological classic online hoichoi,watch behula lakhindar bengali movie,"watch,behula,lakhindar,bengali,movie,online,hoichoi,bengali,film,about,behulaís,effort,bring,her,husband,lakhindar,back,life,reverse,goddess,manasaís,curse,watch,mythological,classic,online,hoichoi","watch,behula,lakhindar,bengali,movie,online,hoichoi,bengali,film,about,behulaís,effort,bring,husband,lakhindar,back,life,reverse,goddess,manasaís,curse,watch,mythological,classic,online,hoichoi",0
Movies,Sakhi Tumi Kar,,Acquired,Bengali,India,19-05-2017,Yes,Drama,,Drama,1996,U/A 7+,2,154,154,,"Prosenjit Chatterjee, Satabdi Roy, Abhishek Chatterjee","Watch Sakhi Tumi Kar Bengali movie online on hoichoi. A 90's romantic hit about Sagar falling in love with Sakhi, the dominating zamindarís daughter. Will they ever unite? Watch the Prosenjit-Satabdi film online on hoichoi.",watch sakhi tumi kar bengali movie online hoichoi 90s romantic hit about sagar falling love sakhi dominating zamindarís daughter will they ever unite watch prosenjitsatabdi film online hoichoi,watch sakhi tumi kar bengali,"watch,sakhi,tumi,kar,bengali,movie,online,hoichoi,90s,romantic,hit,about,sagar,falling,love,sakhi,dominating,zamindarís,daughter,will,they,ever,unite,watch,prosenjitsatabdi,film,online,hoichoi","watch,sakhi,tumi,kar,bengali,movie,online,hoichoi,90s,romantic,hit,about,sagar,falling,love,sakhi,dominating,zamindarís,daughter,they,ever,unite,watch,prosenjitsatabdi,film,online,hoichoi",7
Movies,Dada Thakur,,Acquired,Bengali,India,18-05-2017,Yes,Drama,,Drama,2001,U/A 7+,2,187,187,6,"Arpita Pal, Ranjit Mallick, Victor Banerjee","Watch Dada Thakur Bengali movie online on hoichoi. The story of a woman's search for her long-lost father, starring Ranjit Mallick, Victor Banerjee, and Arpita Pal. Watch the Bengali movie online on hoichoi.",watch dada thakur bengali movie online hoichoi story womans search her longlost father starring ranjit mallick victor banerjee arpita pal watch bengali movie online hoichoi,watch dada thakur bengali movie,"watch,dada,thakur,bengali,movie,online,hoichoi,story,womans,search,her,longlost,father,starring,ranjit,mallick,victor,banerjee,arpita,pal,watch,bengali,movie,online,hoichoi","watch,dada,thakur,bengali,movie,online,hoichoi,story,womans,search,longlost,father,starring,ranjit,mallick,victor,banerjee,arpita,pal,watch,bengali,movie,online,hoichoi",7
Movies,Bhai Amar Bhai,,Acquired,Bengali,India,18-05-2017,Yes,Drama,,Drama,1996,U/A 7+,2,174,174,7.4,"Prosenjit Chatterjee, Abhishek Chatterjee, Chiranjeet","Watch Bhai Amar Bhai Bengali movie online on hoichoi. A 90's Bangla hit about three siblings who are separated by fate, until they reunite to fight their father's murderer. Watch the Bengali film online on hoichoi.",watch bhai amar bhai bengali movie online hoichoi 90s bangla hit about three siblings who are separated fate until they reunite fight their fathers murderer watch bengali film online hoichoi,watch bhai amar bhai bengali,"watch,bhai,amar,bhai,bengali,movie,online,hoichoi,90s,bangla,hit,about,three,siblings,who,are,separated,fate,until,they,reunite,fight,their,fathers,murderer,watch,bengali,film,online,hoichoi","watch,bhai,amar,bhai,bengali,movie,online,hoichoi,90s,bangla,hit,about,three,siblings,who,separated,fate,until,they,reunite,fight,their,fathers,murderer,watch,bengali,film,online,hoichoi",7
Movies,Nayan Shyama,,Acquired,Bengali,India,18-05-2017,Yes,Drama,,Drama,1983,U,1,116,116,,"Ranjit Mallick, Sumitra Mukherjee, Biplab Chatterjee",Watch Nayan Shyama Bengali movie online on hoichoi. A Bengali movie that narrates the journey of Shyama to a village to find her missing brother. How does her life change? Watch the full movie online on hoichoi.,watch nayan shyama bengali movie online hoichoi bengali movie narrates journey shyama village find her missing brother how does her life change watch full movie online hoichoi,watch nayan shyama bengali movie,"watch,nayan,shyama,bengali,movie,online,hoichoi,bengali,movie,narrates,journey,shyama,village,find,her,missing,brother,how,does,her,life,change,watch,full,movie,online,hoichoi","watch,nayan,shyama,bengali,movie,online,hoichoi,bengali,movie,narrates,journey,shyama,village,find,missing,brother,how,life,change,watch,full,movie,online,hoichoi",0
Movies,Chitrangada - The Crowning Wish,,Acquired,Bengali,India,17-05-2017,Yes,Drama,,Drama,2012,A 18+,5,126.2,126.2,,"Rituparno Ghosh, Jisshu Sengupta, Raima Sen, Anusua Majumdar, Dipankar Dey","Watch Chitrangada - The Crowning Wish Bengali movie online on hoichoi. A Rituparno Ghosh film inspired by Mahabharataís princess Chitrangada, about a manís search for gender identity. Watch the Bengali movie online on hoichoi.",watch chitrangada crowning wish bengali movie online hoichoi rituparno ghosh film inspired mahabharataís princess chitrangada about manís search gender identity watch bengali movie online hoichoi,watch chitrangada crowning wish bengali,"watch,chitrangada,crowning,wish,bengali,movie,online,hoichoi,rituparno,ghosh,film,inspired,mahabharataís,princess,chitrangada,about,manís,search,gender,identity,watch,bengali,movie,online,hoichoi","watch,chitrangada,crowning,wish,bengali,movie,online,hoichoi,rituparno,ghosh,film,inspired,mahabharataís,princess,chitrangada,about,manís,search,gender,identity,watch,bengali,movie,online,hoichoi",18
Movies,Obhishopto Nighty,,Acquired,Bengali,India,17-05-2017,Yes,Comedy,Drama,Comedy Drama,2014,A 18+,5,112.4,112.4,5.5,"Parambrata Chatterjee, Indraneil Sengupta, Paoli Dam","Watch Obhishopto Nighty Bengali movie online on hoichoi. A Bengali horror film with fantasy elements, as the soul of a dead woman, trapped in a pink nighty, seeks revenge. Watch the Birsa Dasgupta film on hoichoi.",watch obhishopto nighty bengali movie online hoichoi bengali horror film fantasy elements soul dead woman trapped pink nighty seeks revenge watch birsa dasgupta film hoichoi,watch obhishopto nighty bengali movie,"watch,obhishopto,nighty,bengali,movie,online,hoichoi,bengali,horror,film,fantasy,elements,soul,dead,woman,trapped,pink,nighty,seeks,revenge,watch,birsa,dasgupta,film,hoichoi","watch,obhishopto,nighty,bengali,movie,online,hoichoi,bengali,horror,film,fantasy,elements,soul,dead,woman,trapped,pink,nighty,seeks,revenge,watch,birsa,dasgupta,film,hoichoi",18
Movies,Royal Bengal Rahasya,,Acquired,Bengali,India,17-05-2017,Yes,Detective,Mystery,Detective Mystery,2011,U/A 13+,3,106,106,7.3,"Sabyasachi Chakraborty, Bibhu Bhattacharya, Basudeb Mukherjee",Watch Royal Bengal Rahasya Bengali movie online on hoichoi. A Bengali film about Feludaís adventure in the house of a noted hunter. What happens when thereís a death in the house? Watch the detective film online on hoichoi.,watch royal bengal rahasya bengali movie online hoichoi bengali film about feludaís adventure house noted hunter what happens when thereís death house watch detective film online hoichoi,watch royal bengal rahasya bengali,"watch,royal,bengal,rahasya,bengali,movie,online,hoichoi,bengali,film,about,feludaís,adventure,house,noted,hunter,what,happens,when,thereís,death,house,watch,detective,film,online,hoichoi","watch,royal,bengal,rahasya,bengali,movie,online,hoichoi,bengali,film,about,feludaís,adventure,house,noted,hunter,what,happens,thereís,death,house,watch,detective,film,online,hoichoi",13
Movies,Hemlock Society,,Acquired,Bengali,India,17-05-2017,Yes,Romantic,Drama,Romantic Drama,2012,A 18+,5,140,140,7.5,"Parambrata Chattopadhyay, Koel Mallick, Roopa Ganguly, Dipankar Dey","Watch Hemlock Society Bengali movie online on hoichoi. A Bangla film that celebrates life, as a suicidal woman meets the owner of a school that teaches how to commit suicide. Watch the Srijit Mukherji film online on hoichoi.",watch hemlock society bengali movie online hoichoi bangla film celebrates life suicidal woman meets owner school teaches how commit suicide watch srijit mukherji film online hoichoi,watch hemlock society bengali movie,"watch,hemlock,society,bengali,movie,online,hoichoi,bangla,film,celebrates,life,suicidal,woman,meets,owner,school,teaches,how,commit,suicide,watch,srijit,mukherji,film,online,hoichoi","watch,hemlock,society,bengali,movie,online,hoichoi,bangla,film,celebrates,life,suicidal,woman,meets,owner,school,teaches,how,commit,suicide,watch,srijit,mukherji,film,online,hoichoi",18
Movies,Raincoat (Hindi),,Acquired,Hindi,India,17-05-2017,Yes,Romantic,Drama,Romantic Drama,2004,U/A 7+,2,118,118,,"Aishwarya Rai Bachchan, Ajay Devgan","Manoj is in need of money. As he seeks help from friends, he visits former flame Neerja, who left him to marry a wealthier man. Watch the full movie on Hoichoi.",manoj need money he seeks help friends he visits former flame neerja who left him marry wealthier man watch full movie hoichoi,manoj need money he seeks,"manoj,need,money,he,seeks,help,friends,he,visits,former,flame,neerja,who,left,him,marry,wealthier,man,watch,full,movie,hoichoi","manoj,need,money,he,seeks,help,friends,he,visits,former,flame,neerja,who,left,him,marry,wealthier,man,watch,full,movie,hoichoi",7
Movies,Memories In March,,Acquired,Bengali,India,17-05-2017,Yes,Drama,,Drama,2011,U/A 16+,4,101,101,7.3,"Rituparno Ghosh, Deepti Naval, Raima Sen",Watch Memories In March Bengali movie online on hoichoi. A Bangla film about a mother who learns that her son loved a man. What happens when she meets her sonís lover? Watch the Rituparno Ghosh masterpiece on hoichoi.,watch memories march bengali movie online hoichoi bangla film about mother who learns her son loved man what happens when she meets her sonís lover watch rituparno ghosh masterpiece hoichoi,watch memories march bengali movie,"watch,memories,march,bengali,movie,online,hoichoi,bangla,film,about,mother,who,learns,her,son,loved,man,what,happens,when,she,meets,her,sonís,lover,watch,rituparno,ghosh,masterpiece,hoichoi","watch,memories,march,bengali,movie,online,hoichoi,bangla,film,about,mother,who,learns,son,loved,man,what,happens,she,meets,sonís,lover,watch,rituparno,ghosh,masterpiece,hoichoi",16
Movies,Nirbaak,,Acquired,Bengali,India,17-05-2017,Yes,Drama,,Drama,2015,A 18+,5,106,106,6.5,"Sushmita Sen, Anjan Dutt, Jisshu Sengupta","Watch Nirbaak Bengali movie online on hoichoi. A Srijit Mukherji masterpiece with stories of love, lust, and pain, surrounding a human, a dog, a tree, and a dead body. Watch Susmita Sen's first Bangla film on hoichoi.",watch nirbaak bengali movie online hoichoi srijit mukherji masterpiece stories love lust pain surrounding human dog tree dead body watch susmita sens first bangla film hoichoi,watch nirbaak bengali movie online,"watch,nirbaak,bengali,movie,online,hoichoi,srijit,mukherji,masterpiece,stories,love,lust,pain,surrounding,human,dog,tree,dead,body,watch,susmita,sens,first,bangla,film,hoichoi","watch,nirbaak,bengali,movie,online,hoichoi,srijit,mukherji,masterpiece,stories,love,lust,pain,surrounding,human,dog,tree,dead,body,watch,susmita,sens,first,bangla,film,hoichoi",18
Movies,Cinemawala,,Acquired,Bengali,India,17-05-2017,Yes,Drama,,Drama,2016,U/A 7+,2,105,105,7.5,"Paran Bandopadhyay, Parambrata Chatterjee, Sohini Sarkar","Watch Cinemawala Bengali movie online on hoichoi. A Bengali film about a man struggling to keep his single-screen theatre alive, and battling against movie piracy. Watch the full movie online on hoichoi.\",watch cinemawala bengali movie online hoichoi bengali film about man struggling keep his singlescreen theatre alive battling against movie piracy watch full movie online hoichoi,watch cinemawala bengali movie online,"watch,cinemawala,bengali,movie,online,hoichoi,bengali,film,about,man,struggling,keep,his,singlescreen,theatre,alive,battling,against,movie,piracy,watch,full,movie,online,hoichoi","watch,cinemawala,bengali,movie,online,hoichoi,bengali,film,about,man,struggling,keep,singlescreen,theatre,alive,battling,against,movie,piracy,watch,full,movie,online,hoichoi",7
Movies,Chotoder Chobi,,Acquired,Bengali,India,17-05-2017,Yes,Drama,Social,Drama Social,2015,U,1,108.8,108.8,7.7,"Dulal Sarkar, Deblina Roy, Pradip Roy","Watch Chotoder Chobi Bengali movie online on hoichoi. A Bengali film about the lives, romance, and struggles of people affected by dwarfism, set in the world of circus. Watch the Kaushik Ganguly film online on hoichoi.",watch chotoder chobi bengali movie online hoichoi bengali film about lives romance struggles people affected dwarfism set world circus watch kaushik ganguly film online hoichoi,watch chotoder chobi bengali movie,"watch,chotoder,chobi,bengali,movie,online,hoichoi,bengali,film,about,lives,romance,struggles,people,affected,dwarfism,set,world,circus,watch,kaushik,ganguly,film,online,hoichoi","watch,chotoder,chobi,bengali,movie,online,hoichoi,bengali,film,about,lives,romance,struggles,people,affected,dwarfism,set,world,circus,watch,kaushik,ganguly,film,online,hoichoi",0
Movies,Iti Mrinalini,,Acquired,Bengali,India,17-05-2017,Yes,Drama,,Drama,2011,U/A 16+,4,137,137,6.8,"Aparna Sen, Konkona Sen Sharma, Rajat Kapoor, Koushik Sen, Indraneil Sengupta, Saheb Bhattacherjee",Watch Iti Mrinalini Bengali movie online on hoichoi. An Aparna Sen movie about an ageing actress who starts to relive her youth before writing her suicide note. Watch the Bengali film starring Konkona Sen Sharma on hoichoi.,watch iti mrinalini bengali movie online hoichoi aparna sen movie about ageing actress who starts relive her youth before writing her suicide note watch bengali film starring konkona sen sharma hoichoi,watch iti mrinalini bengali movie,"watch,iti,mrinalini,bengali,movie,online,hoichoi,aparna,sen,movie,about,ageing,actress,who,starts,relive,her,youth,before,writing,her,suicide,note,watch,bengali,film,starring,konkona,sen,sharma,hoichoi","watch,iti,mrinalini,bengali,movie,online,hoichoi,aparna,sen,movie,about,ageing,actress,who,starts,relive,youth,before,writing,suicide,note,watch,bengali,film,starring,konkona,sen,sharma,hoichoi",16
Movies,Jamai 420,,Acquired,Bengali,India,17-05-2017,Yes,Comedy,,Comedy,2015,A 18+,5,135.9,135.9,4.4,"Ankush, Soham, Paayel Sarkar, Hiraan, Nusrat Jahan, Mimi Chakraborty","Watch Jamai 420 Bengali movie online on hoichoi. A Bengali comedy about three guys in the middle of confusion and insanity, as they try to woo the women they love. Watch the full movie online on hoichoi.",watch jamai 420 bengali movie online hoichoi bengali comedy about three guys middle confusion insanity they try woo women they love watch full movie online hoichoi,watch jamai 420 bengali movie,"watch,jamai,420,bengali,movie,online,hoichoi,bengali,comedy,about,three,guys,middle,confusion,insanity,they,try,woo,women,they,love,watch,full,movie,online,hoichoi","watch,jamai,420,bengali,movie,online,hoichoi,bengali,comedy,about,three,guys,middle,confusion,insanity,they,try,woo,women,they,love,watch,full,movie,online,hoichoi",18
Movies,Roga Howar Sahoj Upay,,Acquired,Bengali,India,17-05-2017,Yes,Comedy,,Comedy,2015,U/A 16+,4,121.5,121.5,4.8,"Parambrata Chatterjee, Riya Sen, Raima Sen",Watch Roga Howar Sahoj Upay Bengali movie online on hoichoi. A Bengali film about a foodie who thinks her husband will stop loving her because of her weight gain. How will she change? Watch the Raima-Parambrata film on hoichoi.,watch roga howar sahoj upay bengali movie online hoichoi bengali film about foodie who thinks her husband will stop loving her because her weight gain how will she change watch raimaparambrata film hoichoi,watch roga howar sahoj upay,"watch,roga,howar,sahoj,upay,bengali,movie,online,hoichoi,bengali,film,about,foodie,who,thinks,her,husband,will,stop,loving,her,because,her,weight,gain,how,will,she,change,watch,raimaparambrata,film,hoichoi","watch,roga,howar,sahoj,upay,bengali,movie,online,hoichoi,bengali,film,about,foodie,who,thinks,husband,stop,loving,because,weight,gain,how,she,change,watch,raimaparambrata,film,hoichoi",16
Movies,Parbo Na Aami Chartey Toke,,Acquired,Bengali,India,17-05-2017,Yes,Romantic,Drama,Romantic Drama,2015,U/A 7+,2,126.5,126.5,5.8,"Bonny Sengupta, Koushani, Kharaj Mukherjee","Watch Parbo Na Aami Chartey Toke Bengali movie online on hoichoi. A Bengali romantic film about Shibu who loves Aparna, the daughter of his fatherís friend. Will he win her heart? Watch the movie online on hoichoi.",watch parbo na aami chartey toke bengali movie online hoichoi bengali romantic film about shibu who loves aparna daughter his fatherís friend will he win her heart watch movie online hoichoi,watch parbo na aami chartey,"watch,parbo,na,aami,chartey,toke,bengali,movie,online,hoichoi,bengali,romantic,film,about,shibu,who,loves,aparna,daughter,his,fatherís,friend,will,he,win,her,heart,watch,movie,online,hoichoi","watch,parbo,na,aami,chartey,toke,bengali,movie,online,hoichoi,bengali,romantic,film,about,shibu,who,loves,aparna,daughter,fatherís,friend,he,win,heart,watch,movie,online,hoichoi",7
Movies,Prem Amaar,,Acquired,Bengali,India,17-05-2017,Yes,Romantic,,Romantic,2009,U/A 13+,3,150,150,7,"Soham, Paayel Sarkar, Biswajit Chakraborty",Watch Prem Amaar Bengali movie online on hoichoi. A Bengali film about the story of local troublemaker Robi who falls for Riya. But she is already committed to Rajib. Watch the romantic movie online on hoichoi.,watch prem amaar bengali movie online hoichoi bengali film about story local troublemaker robi who falls riya but she already committed rajib watch romantic movie online hoichoi,watch prem amaar bengali movie,"watch,prem,amaar,bengali,movie,online,hoichoi,bengali,film,about,story,local,troublemaker,robi,who,falls,riya,but,she,already,committed,rajib,watch,romantic,movie,online,hoichoi","watch,prem,amaar,bengali,movie,online,hoichoi,bengali,film,about,story,local,troublemaker,robi,who,falls,riya,but,she,already,committed,rajib,watch,romantic,movie,online,hoichoi",13
Movies,Kalpurush,,Acquired,Bengali,India,17-05-2017,Yes,Drama,,Drama,2005,U/A 7+,2,122,122,7.2,"Mithun Chakraborty, Rahul Bose, Sameera Reddy","Watch Kalpurush Bengali movie online on hoichoi. A Bengali film about a man with an unfaithful wife, reconnecting with his long-lost father who had cheated on his wife. Watch the film online on hoichoi.",watch kalpurush bengali movie online hoichoi bengali film about man unfaithful wife reconnecting his longlost father who had cheated his wife watch film online hoichoi,watch kalpurush bengali movie online,"watch,kalpurush,bengali,movie,online,hoichoi,bengali,film,about,man,unfaithful,wife,reconnecting,his,longlost,father,who,had,cheated,his,wife,watch,film,online,hoichoi","watch,kalpurush,bengali,movie,online,hoichoi,bengali,film,about,man,unfaithful,wife,reconnecting,longlost,father,who,cheated,wife,watch,film,online,hoichoi",7
Movies,Nater Guru,,Acquired,Bengali,India,17-05-2017,Yes,Romantic,Comedy,Romantic Comedy,2003,U/A 7+,2,147,147,6.6,"Jeet, Koel, Ranjit Mallick",Watch Nater Guru Bengali movie online on hoichoi. A Bengali film about a married couple who get separated. What happens when their daughter seeks her fatherís help? Watch the family drama online on hoichoi.,watch nater guru bengali movie online hoichoi bengali film about married couple who get separated what happens when their daughter seeks her fatherís help watch family drama online hoichoi,watch nater guru bengali movie,"watch,nater,guru,bengali,movie,online,hoichoi,bengali,film,about,married,couple,who,get,separated,what,happens,when,their,daughter,seeks,her,fatherís,help,watch,family,drama,online,hoichoi","watch,nater,guru,bengali,movie,online,hoichoi,bengali,film,about,married,couple,who,get,separated,what,happens,their,daughter,seeks,fatherís,help,watch,family,drama,online,hoichoi",7
Movies,Bindaas,,Acquired,Bengali,India,17-05-2017,Yes,Action,Romantic,Action Romantic,2014,U/A 16+,4,153,153,4.9,"Dev, Sayantika, Srabanti","Watch Bindaas Bengali movie online on hoichoi. A Bengali hit starring Dev, narrating the story Abhi who falls in love with Kajol and tries to convince her family. Watch the",watch bindaas bengali movie online hoichoi bengali hit starring dev narrating story abhi who falls love kajol tries convince her family watch,watch bindaas bengali movie online,"watch,bindaas,bengali,movie,online,hoichoi,bengali,hit,starring,dev,narrating,story,abhi,who,falls,love,kajol,tries,convince,her,family,watch","watch,bindaas,bengali,movie,online,hoichoi,bengali,hit,starring,dev,narrating,story,abhi,who,falls,love,kajol,tries,convince,family,watch",16
Movies,Premer Kahini,,Acquired,Bengali,India,17-05-2017,Yes,Romantic,,Romantic,2008,U/A 7+,2,155,155,,"Dev, Koel, Jisshu Sengupta",Watch Premer Kahini Bengali movie online on hoichoi. The romantic story of Akash falling in love with Barsha instantly but losing contact with her. Will they meet again? Watch the Dev-Koel hit on hoichoi.,watch premer kahini bengali movie online hoichoi romantic story akash falling love barsha instantly but losing contact her will they meet again watch devkoel hit hoichoi,watch premer kahini bengali movie,"watch,premer,kahini,bengali,movie,online,hoichoi,romantic,story,akash,falling,love,barsha,instantly,but,losing,contact,her,will,they,meet,again,watch,devkoel,hit,hoichoi","watch,premer,kahini,bengali,movie,online,hoichoi,romantic,story,akash,falling,love,barsha,instantly,but,losing,contact,they,meet,again,watch,devkoel,hit,hoichoi",7
Movies,Fande Poriya Boga Kande Re,,Acquired,Bengali,India,17-05-2017,Yes,Comedy,Drama,Comedy Drama,2011,A 18+,5,164.2,164.2,6,"Soham, Srabanti, Dipankar Dey",Watch Fande Poriya Boga Kande Re Bengali movie online on hoichoi. A Bengali romcom about Raju and Mishti being brought together by fate. Will their true identities change everything? Watch the Soham-Srabanti movie online on hoichoi.,watch fande poriya boga kande re bengali movie online hoichoi bengali romcom about raju mishti being brought together fate will their true identities change everything watch sohamsrabanti movie online hoichoi,watch fande poriya boga kande,"watch,fande,poriya,boga,kande,re,bengali,movie,online,hoichoi,bengali,romcom,about,raju,mishti,being,brought,together,fate,will,their,true,identities,change,everything,watch,sohamsrabanti,movie,online,hoichoi","watch,fande,poriya,boga,kande,re,bengali,movie,online,hoichoi,bengali,romcom,about,raju,mishti,being,brought,together,fate,their,true,identities,change,everything,watch,sohamsrabanti,movie,online,hoichoi",18
Movies,Sathi,,Acquired,Bengali,India,17-05-2017,Yes,Romantic,,Romantic,2002,U/A 7+,2,150,150,7.4,"Jeet, Priyanka, Ranjit Mallick",Watch Sathi Bengali movie online on hoichoi. A Bengali film Sonaliís admiration for Bijoyís music. But what happens when she knows his real identity? Watch the romantic hit online on hoichoi.,watch sathi bengali movie online hoichoi bengali film sonaliís admiration bijoyís music but what happens when she knows his real identity watch romantic hit online hoichoi,watch sathi bengali movie online,"watch,sathi,bengali,movie,online,hoichoi,bengali,film,sonaliís,admiration,bijoyís,music,but,what,happens,when,she,knows,his,real,identity,watch,romantic,hit,online,hoichoi","watch,sathi,bengali,movie,online,hoichoi,bengali,film,sonaliís,admiration,bijoyís,music,but,what,happens,she,knows,real,identity,watch,romantic,hit,online,hoichoi",7
Movies,Kranti,,Acquired,Bengali,India,17-05-2017,Yes,Thriller,Action,Thriller Action,2007,U/A 16+,4,163,163,6.7,"Jeet, Swastika Mukherjee, Ashish Vidyarthi","Watch Kranti Bengali movie online on hoichoi. A Bengali action film about a young manís fight for revenge, after a gangster and his brother destroy his life. Watch the thriller starring Jeet, only on hoichoi.",watch kranti bengali movie online hoichoi bengali action film about young manís fight revenge after gangster his brother destroy his life watch thriller starring jeet only hoichoi,watch kranti bengali movie online,"watch,kranti,bengali,movie,online,hoichoi,bengali,action,film,about,young,manís,fight,revenge,after,gangster,his,brother,destroy,his,life,watch,thriller,starring,jeet,only,hoichoi","watch,kranti,bengali,movie,online,hoichoi,bengali,action,film,about,young,manís,fight,revenge,after,gangster,brother,destroy,life,watch,thriller,starring,jeet,only,hoichoi",16
Movies,Romeo,,Acquired,Bengali,India,17-05-2017,Yes,Romantic,,Romantic,2011,U/A 7+,2,155,155,4.5,"Dev, Subhasree, Laboni Sarkar","Watch Romeo Bengali movie online on hoichoi. A Bengali film about a Casanova, Siddhu, who falls in love with Pooja whose father gives him a strange condition. Watch the Dev-Subhashree hit on hoichoi.",watch romeo bengali movie online hoichoi bengali film about casanova siddhu who falls love pooja whose father gives him strange condition watch devsubhashree hit hoichoi,watch romeo bengali movie online,"watch,romeo,bengali,movie,online,hoichoi,bengali,film,about,casanova,siddhu,who,falls,love,pooja,whose,father,gives,him,strange,condition,watch,devsubhashree,hit,hoichoi","watch,romeo,bengali,movie,online,hoichoi,bengali,film,about,casanova,siddhu,who,falls,love,pooja,whose,father,gives,him,strange,condition,watch,devsubhashree,hit,hoichoi",7
Movies,Pratibad,,Acquired,Bengali,India,17-05-2017,Yes,Action,,Action,2001,U/A 7+,2,156,156,,"Prosenjit Chatterjee, Arpita Pal, Laboni Sarkar","Watch Pratibad Bengali movie online on hoichoi. An Arpita-Prosenjit movie with an engaging plot about the fight against injustice, with just the right dose of action. Watch the Bengali movie on hoichoi.",watch pratibad bengali movie online hoichoi arpitaprosenjit movie engaging plot about fight against injustice just right dose action watch bengali movie hoichoi,watch pratibad bengali movie online,"watch,pratibad,bengali,movie,online,hoichoi,arpitaprosenjit,movie,engaging,plot,about,fight,against,injustice,just,right,dose,action,watch,bengali,movie,hoichoi","watch,pratibad,bengali,movie,online,hoichoi,arpitaprosenjit,movie,engaging,plot,about,fight,against,injustice,just,right,dose,action,watch,bengali,movie,hoichoi",7
Movies,Sasurbari Zindabad,,Acquired,Bengali,India,17-05-2017,Yes,Romantic,Drama,Romantic Drama,2000,U/A 7+,2,151,151,,"Prosenjit Chatterjee, Rituparna Sengupta, Ranjit Mallick","Watch Sasur Bari Zindabad Bengali movie online on hoichoi. A blockbuster hit about Rupa who run away with a mechanic, Somu. How will Somu impress his rich and arrogant in-laws? Watch the Prosenjit-Rituparna film on hoichoi.",watch sasur bari zindabad bengali movie online hoichoi blockbuster hit about rupa who run away mechanic somu how will somu impress his rich arrogant inlaws watch prosenjitrituparna film hoichoi,watch sasur bari zindabad bengali,"watch,sasur,bari,zindabad,bengali,movie,online,hoichoi,blockbuster,hit,about,rupa,who,run,away,mechanic,somu,how,will,somu,impress,his,rich,arrogant,inlaws,watch,prosenjitrituparna,film,hoichoi","watch,sasur,bari,zindabad,bengali,movie,online,hoichoi,blockbuster,hit,about,rupa,who,run,away,mechanic,somu,how,somu,impress,rich,arrogant,inlaws,watch,prosenjitrituparna,film,hoichoi",7
Movies,Neel Rajar Deshe,,Acquired,Bengali,India,17-05-2017,Yes,Adventure,Fantasy,Adventure Fantasy,2008,U,1,114,114,7.3,"Indrani Haldar, Aryann Bhowmik, Rajesh Sharma",Watch Neel Rajar Deshe Bengali movie online on hoichoi. A Bengali movie about Raja and his friends who find an injured child. What truth do they learn about the child? Watch young Aryann Bhowmik in this film on hoichoi.,watch neel rajar deshe bengali movie online hoichoi bengali movie about raja his friends who find injured child what truth do they learn about child watch young aryann bhowmik film hoichoi,watch neel rajar deshe bengali,"watch,neel,rajar,deshe,bengali,movie,online,hoichoi,bengali,movie,about,raja,his,friends,who,find,injured,child,what,truth,do,they,learn,about,child,watch,young,aryann,bhowmik,film,hoichoi","watch,neel,rajar,deshe,bengali,movie,online,hoichoi,bengali,movie,about,raja,friends,who,find,injured,child,what,truth,they,learn,about,child,watch,young,aryann,bhowmik,film,hoichoi",0
Movies,Encounter,,Acquired,Bengali,India,17-05-2017,Yes,Thriller,Crime,Thriller Crime,2013,A 18+,5,122.6,122.6,N.A,"Dheeraj Pandit, Ferdous Ahmed, Biswajit Chakraborty","Watch Encounter Bengali movie online on hoichoi. A Bengali film about four people who get involved in the underworld, capturing the corruption among administrators. Watch the Bangla action thriller online on hoichoi.",watch encounter bengali movie online hoichoi bengali film about four people who get involved underworld capturing corruption among administrators watch bangla action thriller online hoichoi,watch encounter bengali movie online,"watch,encounter,bengali,movie,online,hoichoi,bengali,film,about,four,people,who,get,involved,underworld,capturing,corruption,among,administrators,watch,bangla,action,thriller,online,hoichoi","watch,encounter,bengali,movie,online,hoichoi,bengali,film,about,four,people,who,get,involved,underworld,capturing,corruption,among,administrators,watch,bangla,action,thriller,online,hoichoi",18
Movies,East Bengaler Chhele,,Acquired,Bengali,India,17-05-2017,Yes,Drama,Sports,Drama Sports,1996,U,1,130,130,,"Chiranjeet, Satabdi Roy, Tarun Kumar",Watch East Bengaler Chhele Bengali movie online on hoichoi. A sports film about a promising footballer supported by his brother. Itís a tribute to football and to East Bengal Club. Watch the film online on hoichoi.,watch east bengaler chhele bengali movie online hoichoi sports film about promising footballer supported his brother itís tribute football east bengal club watch film online hoichoi,watch east bengaler chhele bengali,"watch,east,bengaler,chhele,bengali,movie,online,hoichoi,sports,film,about,promising,footballer,supported,his,brother,itís,tribute,football,east,bengal,club,watch,film,online,hoichoi","watch,east,bengaler,chhele,bengali,movie,online,hoichoi,sports,film,about,promising,footballer,supported,brother,itís,tribute,football,east,bengal,club,watch,film,online,hoichoi",0
Movies,Bhoy,,Acquired,Bengali,India,17-05-2017,Yes,Horror,,Horror,2011,U/A 13+,3,103.4,103.4,,"Satabdi Roy, Monami Ghosh, Abhishek Chatterjee","Watch Bhoy Bengali movie online on hoichoi. A Bengali film about a woman married to a ruthless torturer. What happens when she learns that he is a criminal, too? Watch the film online on hoichoi.",watch bhoy bengali movie online hoichoi bengali film about woman married ruthless torturer what happens when she learns he criminal too watch film online hoichoi,watch bhoy bengali movie online,"watch,bhoy,bengali,movie,online,hoichoi,bengali,film,about,woman,married,ruthless,torturer,what,happens,when,she,learns,he,criminal,too,watch,film,online,hoichoi","watch,bhoy,bengali,movie,online,hoichoi,bengali,film,about,woman,married,ruthless,torturer,what,happens,she,learns,he,criminal,too,watch,film,online,hoichoi",13
Movies,Premi,,Acquired,Bengali,India,17-05-2017,Yes,Romantic,,Romantic,2004,U/A 7+,2,163.7,163.7,7.6,"Jeet, Jisshu Sengupta, Chandana Sharma","Watch Premi Bengali movie online on hoichoi. A love triangle starring Jeet, Jisshu, and Chandana, in which two close friends who fall in love with the same girl. Watch the fill movie on hoichoi.",watch premi bengali movie online hoichoi love triangle starring jeet jisshu chandana which two close friends who fall love same girl watch fill movie hoichoi,watch premi bengali movie online,"watch,premi,bengali,movie,online,hoichoi,love,triangle,starring,jeet,jisshu,chandana,which,two,close,friends,who,fall,love,same,girl,watch,fill,movie,hoichoi","watch,premi,bengali,movie,online,hoichoi,love,triangle,starring,jeet,jisshu,chandana,which,two,close,friends,who,fall,love,same,girl,watch,fill,movie,hoichoi",7
Movies,Prem Pujari,,Acquired,Bengali,India,17-05-2017,Yes,Romantic,,Romantic,1991,U/A 7+,2,138,138,6.7,"Prosenjit Chatterjee, Satabdi Roy, Dipankar Dey",Watch Prem Pujari Bengali movie online on hoichoi. A 90ís Bengali movie about Prem who gets separated from his father at a young age. Will he be reunited with his father? Watch the Prosenjit-Satabdi film on hoichoi.,watch prem pujari bengali movie online hoichoi 90ís bengali movie about prem who gets separated his father young age will he reunited his father watch prosenjitsatabdi film hoichoi,watch prem pujari bengali movie,"watch,prem,pujari,bengali,movie,online,hoichoi,90ís,bengali,movie,about,prem,who,gets,separated,his,father,young,age,will,he,reunited,his,father,watch,prosenjitsatabdi,film,hoichoi","watch,prem,pujari,bengali,movie,online,hoichoi,90ís,bengali,movie,about,prem,who,gets,separated,father,young,age,he,reunited,father,watch,prosenjitsatabdi,film,hoichoi",7
Movies,Jiban Niye Khela,,Acquired,Bengali,India,17-05-2017,Yes,Drama,Social,Drama Social,1999,U/A 7+,2,150,150,7.5,"Ranjit Mallick, Debashree Roy, Biplab Chatterjee",Watch Jiban Niye Khela Bengali movie online on hoichoi. A Bengali film about a doctor who joins a village hospital and helps villagers. But what kind of hardships does he face? Watch the 90's hit online on hoichoi.,watch jiban niye khela bengali movie online hoichoi bengali film about doctor who joins village hospital helps villagers but what kind hardships does he face watch 90s hit online hoichoi,watch jiban niye khela bengali,"watch,jiban,niye,khela,bengali,movie,online,hoichoi,bengali,film,about,doctor,who,joins,village,hospital,helps,villagers,but,what,kind,hardships,does,he,face,watch,90s,hit,online,hoichoi","watch,jiban,niye,khela,bengali,movie,online,hoichoi,bengali,film,about,doctor,who,joins,village,hospital,helps,villagers,but,what,kind,hardships,he,face,watch,90s,hit,online,hoichoi",7
Movies,Sakaler Rang,,Acquired,Bengali,India,17-05-2017,Yes,Romantic,,Romantic,2009,U/A 7+,2,95.4,95.4,,"Churni Ganguly, Monu Mukherjee, Taranga Sarkar","Watch Sakaler Rang Bengali movie online on hoichoi. A Bengali film about a man who wants to build a school in his village. But, what shock awaits him and the villagers? Watch the film online on hoichoi.",watch sakaler rang bengali movie online hoichoi bengali film about man who wants build school his village but what shock awaits him villagers watch film online hoichoi,watch sakaler rang bengali movie,"watch,sakaler,rang,bengali,movie,online,hoichoi,bengali,film,about,man,who,wants,build,school,his,village,but,what,shock,awaits,him,villagers,watch,film,online,hoichoi","watch,sakaler,rang,bengali,movie,online,hoichoi,bengali,film,about,man,who,wants,build,school,village,but,what,shock,awaits,him,villagers,watch,film,online,hoichoi",7
Movies,Nag Nagini,,Acquired,Bengali,India,17-05-2017,Yes,Drama,Fantasy,Drama Fantasy,1998,U/A 13+,3,136,136,,"Rituparna Sengupta, Abhishek Chatterjee, Sreelekha Mitra","Watch Nag Nagini Bengali movie online on hoichoi. A Bengali film about a shape-shifting snake looking for his beloved, until he meets a prince. Will they help each other? Watch the 90's hit online on hoichoi.",watch nag nagini bengali movie online hoichoi bengali film about shapeshifting snake looking his beloved until he meets prince will they help each other watch 90s hit online hoichoi,watch nag nagini bengali movie,"watch,nag,nagini,bengali,movie,online,hoichoi,bengali,film,about,shapeshifting,snake,looking,his,beloved,until,he,meets,prince,will,they,help,each,other,watch,90s,hit,online,hoichoi","watch,nag,nagini,bengali,movie,online,hoichoi,bengali,film,about,shapeshifting,snake,looking,beloved,until,he,meets,prince,they,help,each,other,watch,90s,hit,online,hoichoi",13
Movies,Krishna,,Acquired,Bengali,India,17-05-2017,Yes,Action,Crime,Action Crime,2009,U/A 13+,3,130.8,130.8,,"Tapas Paul, Biplab Chatterjee, Indrani Dutta",Watch Krishna Bengali movie online on hoichoi. A Bengali action movie about an honest police officer trying to find his brotherís killers. Will he succeed? Watch the film starring Tapas Paul on hoichoi.,watch krishna bengali movie online hoichoi bengali action movie about honest police officer trying find his brotherís killers will he succeed watch film starring tapas paul hoichoi,watch krishna bengali movie online,"watch,krishna,bengali,movie,online,hoichoi,bengali,action,movie,about,honest,police,officer,trying,find,his,brotherís,killers,will,he,succeed,watch,film,starring,tapas,paul,hoichoi","watch,krishna,bengali,movie,online,hoichoi,bengali,action,movie,about,honest,police,officer,trying,find,brotherís,killers,he,succeed,watch,film,starring,tapas,paul,hoichoi",13
Movies,Janmadata,,Acquired,Bengali,India,17-05-2017,Yes,Drama,,Drama,2008,U/A 7+,2,175,175,6.8,"Ranjit Mallick, Jisshu Sengupta, Rachana Banerjee","Watch Janmadata Bengali movie online on hoichoi. A Bengali family drama about friends-turned-enemies, whose grandchildren fight to end this family feud. Watch the Bengali movie online on hoichoi.",watch janmadata bengali movie online hoichoi bengali family drama about friendsturnedenemies whose grandchildren fight end family feud watch bengali movie online hoichoi,watch janmadata bengali movie online,"watch,janmadata,bengali,movie,online,hoichoi,bengali,family,drama,about,friendsturnedenemies,whose,grandchildren,fight,end,family,feud,watch,bengali,movie,online,hoichoi","watch,janmadata,bengali,movie,online,hoichoi,bengali,family,drama,about,friendsturnedenemies,whose,grandchildren,fight,end,family,feud,watch,bengali,movie,online,hoichoi",7
Movies,Nabangsha,,Acquired,Bengali,India,17-05-2017,Yes,Drama,,Drama,1994,U,1,135,135,,"Prosenjit Chatterjee, Ananda Mukherji, Madhabi Chakraborty","Watch Nabangsha Bengali movie online on hoichoi. A Bengali film about two sisters who are poles apart, returning to their village with their father. What happens next? Watch the 90's hit online on hoichoi.",watch nabangsha bengali movie online hoichoi bengali film about two sisters who are poles apart returning their village their father what happens next watch 90s hit online hoichoi,watch nabangsha bengali movie online,"watch,nabangsha,bengali,movie,online,hoichoi,bengali,film,about,two,sisters,who,are,poles,apart,returning,their,village,their,father,what,happens,next,watch,90s,hit,online,hoichoi","watch,nabangsha,bengali,movie,online,hoichoi,bengali,film,about,two,sisters,who,poles,apart,returning,their,village,their,father,what,happens,next,watch,90s,hit,online,hoichoi",0
Movies,Mastan,,Acquired,Bengali,India,15-05-2017,Yes,Action,Crime,Action Crime,2004,U/A 16+,4,178.8,178.8,6.7,"Jeet, Swastika Mukherjee, Mihir Das","Watch Mastan Bengali movie online on hoichoi. A romance thriller starring Jeet and Swastika, about an antisocial who loses his love due to his association with crime. Watch this Bangla action film on hoichoi.",watch mastan bengali movie online hoichoi romance thriller starring jeet swastika about antisocial who loses his love due his association crime watch bangla action film hoichoi,watch mastan bengali movie online,"watch,mastan,bengali,movie,online,hoichoi,romance,thriller,starring,jeet,swastika,about,antisocial,who,loses,his,love,due,his,association,crime,watch,bangla,action,film,hoichoi","watch,mastan,bengali,movie,online,hoichoi,romance,thriller,starring,jeet,swastika,about,antisocial,who,loses,love,due,association,crime,watch,bangla,action,film,hoichoi",16
Movies,Mahanagar @ Kolkata,,Acquired,Bengali,India,12-05-2017,Yes,Drama,,Drama,2010,A 18+,5,98.6,98.6,6.5,"Anjan Dutt, Rituparna Sengupta, Chandan Roy Sanyal",Watch Mahanagar @ Kolkata Bengali movie online on hoichoi. A Bangla film based on Nabarun Bhattacharyaís stories on people in Kolkata swaying between modernisation and tradition. Watch the critically acclaimed film on hoichoi.,watch mahanagar kolkata bengali movie online hoichoi bangla film based nabarun bhattacharyaís stories people kolkata swaying between modernisation tradition watch critically acclaimed film hoichoi,watch mahanagar kolkata bengali movie,"watch,mahanagar,kolkata,bengali,movie,online,hoichoi,bangla,film,based,nabarun,bhattacharyaís,stories,people,kolkata,swaying,between,modernisation,tradition,watch,critically,acclaimed,film,hoichoi","watch,mahanagar,kolkata,bengali,movie,online,hoichoi,bangla,film,based,nabarun,bhattacharyaís,stories,people,kolkata,swaying,between,modernisation,tradition,watch,critically,acclaimed,film,hoichoi",18
Movies,Majnu,,Acquired,Bengali,India,12-05-2017,Yes,Romantic,,Romantic,2013,U/A 7+,2,132.6,132.6,7.7,"Hiraan, Srabanti, Kharaj Mukherjee",Watch Majnu Bengali movie online on hoichoi. A Bengali film about a family-oriented girl who agrees to an arranged marriage. What happens when she falls in love? Watch the film online on hoichoi.,watch majnu bengali movie online hoichoi bengali film about familyoriented girl who agrees arranged marriage what happens when she falls love watch film online hoichoi,watch majnu bengali movie online,"watch,majnu,bengali,movie,online,hoichoi,bengali,film,about,familyoriented,girl,who,agrees,arranged,marriage,what,happens,when,she,falls,love,watch,film,online,hoichoi","watch,majnu,bengali,movie,online,hoichoi,bengali,film,about,familyoriented,girl,who,agrees,arranged,marriage,what,happens,she,falls,love,watch,film,online,hoichoi",7
Movies,Khaad,,Acquired,Bengali,India,11-05-2017,Yes,Drama,Mystery,Drama Mystery,2014,A 18+,5,78.9,78.9,,"Mimi Chakraborty, Rudranil Ghosh, Tanusree Chakraborty",Watch Khaad Bengali movie online on hoichoi. A Bengali movie about a group of travellers who end up deserted after an accident and reveal dark secrets during a game. Watch the Koushik Ganguly movie on hoichoi.,watch khaad bengali movie online hoichoi bengali movie about group travellers who end up deserted after accident reveal dark secrets during game watch koushik ganguly movie hoichoi,watch khaad bengali movie online,"watch,khaad,bengali,movie,online,hoichoi,bengali,movie,about,group,travellers,who,end,up,deserted,after,accident,reveal,dark,secrets,during,game,watch,koushik,ganguly,movie,hoichoi","watch,khaad,bengali,movie,online,hoichoi,bengali,movie,about,group,travellers,who,end,up,deserted,after,accident,reveal,dark,secrets,during,game,watch,koushik,ganguly,movie,hoichoi",18
Movies,Sathi Amaar Bondhu Amar,,Acquired,Bengali,India,11-05-2017,Yes,Romantic,,Romantic,2009,U/A 13+,3,139,139,,"Surya, Sinjini, Sabyasachi Chakraborty",Watch Sathi Amaar Bondhu Amar Bengali movie online on hoichoi. A romantic film about the tragic story of two friends who fall in love. Will they be able to win against the world? Watch the film online on hoichoi.,watch sathi amaar bondhu amar bengali movie online hoichoi romantic film about tragic story two friends who fall love will they able win against world watch film online hoichoi,watch sathi amaar bondhu amar,"watch,sathi,amaar,bondhu,amar,bengali,movie,online,hoichoi,romantic,film,about,tragic,story,two,friends,who,fall,love,will,they,able,win,against,world,watch,film,online,hoichoi","watch,sathi,amaar,bondhu,amar,bengali,movie,online,hoichoi,romantic,film,about,tragic,story,two,friends,who,fall,love,they,able,win,against,world,watch,film,online,hoichoi",13
Movies,Rehmat Ali,,Acquired,Bengali,India,11-05-2017,Yes,Action,Crime,Action Crime,2010,U/A 7+,2,132,132,5.7,"Mithun Chakraborty, Rituparna Sengupta, Roopa Ganguly",Watch Rehmat Ali Bengali movie online on hoichoi. A Bengali film about a man whose goal is to end evil. How does his wifeís tagic death change his life? Watch the Mithun Chakraborty Rituparna Sengupta film on hoichoi.,watch rehmat ali bengali movie online hoichoi bengali film about man whose goal end evil how does his wifeís tagic death change his life watch mithun chakraborty rituparna sengupta film hoichoi,watch rehmat ali bengali movie,"watch,rehmat,ali,bengali,movie,online,hoichoi,bengali,film,about,man,whose,goal,end,evil,how,does,his,wifeís,tagic,death,change,his,life,watch,mithun,chakraborty,rituparna,sengupta,film,hoichoi","watch,rehmat,ali,bengali,movie,online,hoichoi,bengali,film,about,man,whose,goal,end,evil,how,wifeís,tagic,death,change,life,watch,mithun,chakraborty,rituparna,sengupta,film,hoichoi",7
Movies,Superstar A love story,,Acquired,Bengali,India,11-05-2017,Yes,Romantic,Drama,Romantic Drama,2011,U/A 13+,3,116,116,,"Joy, Pamela, Judhajit",Watch Superstar A love story Bengali movie online on hoichoi. A Bengali movie about a junior artist who falls in love with a superstar. Will he get the girl of his dreams? Watch the love story online on hoichoi.,watch superstar love story bengali movie online hoichoi bengali movie about junior artist who falls love superstar will he get girl his dreams watch love story online hoichoi,watch superstar love story bengali,"watch,superstar,love,story,bengali,movie,online,hoichoi,bengali,movie,about,junior,artist,who,falls,love,superstar,will,he,get,girl,his,dreams,watch,love,story,online,hoichoi","watch,superstar,love,story,bengali,movie,online,hoichoi,bengali,movie,about,junior,artist,who,falls,love,superstar,he,get,girl,dreams,watch,love,story,online,hoichoi",13
Movies,Golpo Holeo Shotti,,Acquired,Bengali,India,10-05-2017,Yes,Horror,Mystery,Horror Mystery,2014,A 18+,5,116.3,116.3,7,"Soham, Mimi Chakraborty","Watch Golpo Holeo Shotti Bengali movie online on hoichoi. A Bengali horror film about a man who doesnít believe in ghosts, till he reaches a haunted house. Will his life change? Watch the Soham-Mimi film online on hoichoi.",watch golpo holeo shotti bengali movie online hoichoi bengali horror film about man who doesnít believe ghosts till he reaches haunted house will his life change watch sohammimi film online hoichoi,watch golpo holeo shotti bengali,"watch,golpo,holeo,shotti,bengali,movie,online,hoichoi,bengali,horror,film,about,man,who,doesnít,believe,ghosts,till,he,reaches,haunted,house,will,his,life,change,watch,sohammimi,film,online,hoichoi","watch,golpo,holeo,shotti,bengali,movie,online,hoichoi,bengali,horror,film,about,man,who,doesnít,believe,ghosts,till,he,reaches,haunted,house,life,change,watch,sohammimi,film,online,hoichoi",18
Movies,Dui Prithibi (2010),,Acquired,Bengali,India,10-05-2017,Yes,Action,Drama,Action Drama,2010,U/A 13+,3,134,134,6.6,"Jeet, Koel Mallick, Manoj Mitra, Kharaj Mukherjee",Watch Dui Prithibi (2010) Bengali movie online on hoichoi. A Bengali hit about a rich boy playing a game of love with a simple girl - until things change drastically for them. Watch the multistarrer film onlin on hoichoi.,watch dui prithibi 2010 bengali movie online hoichoi bengali hit about rich boy playing game love simple girl until things change drastically them watch multistarrer film onlin hoichoi,watch dui prithibi 2010 bengali,"watch,dui,prithibi,2010,bengali,movie,online,hoichoi,bengali,hit,about,rich,boy,playing,game,love,simple,girl,until,things,change,drastically,them,watch,multistarrer,film,onlin,hoichoi","watch,dui,prithibi,2010,bengali,movie,online,hoichoi,bengali,hit,about,rich,boy,playing,game,love,simple,girl,until,things,change,drastically,them,watch,multistarrer,film,onlin,hoichoi",13
Movies,Tumi Eley Tai,,Acquired,Bengali,India,10-05-2017,Yes,Romantic,Drama,Romantic Drama,1999,U/A 7+,2,156,156,,"Prosenjit Chatterjee, Rituparna Sengupta, Tapas Paul",Watch Tumi Eley Tai Bengali movie online on hoichoi. A Prosenjit Rituparna film in which a man and his grandfather try to support a woman when she faces failure in her life. Watch the Bengali movie online on hoichoi.,watch tumi eley tai bengali movie online hoichoi prosenjit rituparna film which man his grandfather try support woman when she faces failure her life watch bengali movie online hoichoi,watch tumi eley tai bengali,"watch,tumi,eley,tai,bengali,movie,online,hoichoi,prosenjit,rituparna,film,which,man,his,grandfather,try,support,woman,when,she,faces,failure,her,life,watch,bengali,movie,online,hoichoi","watch,tumi,eley,tai,bengali,movie,online,hoichoi,prosenjit,rituparna,film,which,man,grandfather,try,support,woman,she,faces,failure,life,watch,bengali,movie,online,hoichoi",7
Movies,Love (2008),,Acquired,Bengali,India,10-05-2017,Yes,Romantic,Drama,Romantic Drama,2008,U/A 7+,2,116.9,116.9,,"Jisshu Sengupta, Koel, George Baker","Based on Erich Segal’s Love Story, a couple faces hurdles because of their cultural and social differences. Watch the full movie online on hoichoi.",based erich segals love story couple faces hurdles because their cultural social differences watch full movie online hoichoi,based erich segals love story,"based,erich,segals,love,story,couple,faces,hurdles,because,their,cultural,social,differences,watch,full,movie,online,hoichoi","based,erich,segals,love,story,couple,faces,hurdles,because,their,cultural,social,differences,watch,full,movie,online,hoichoi",7
Movies,Shatru Dhangso,,Acquired,Bengali,India,04-05-2017,Yes,Action,Crime,Action Crime,1999,U/A 7+,2,150,150,,Bhagyashree,Watch Shatru Dhangso Bengali movie online on hoichoi. The film revolves around a forest ranger who speaks up against smuggling. But will the corrupt system stop him?,watch shatru dhangso bengali movie online hoichoi film revolves around forest ranger who speaks up against smuggling but will corrupt system stop him,watch shatru dhangso bengali movie,"watch,shatru,dhangso,bengali,movie,online,hoichoi,film,revolves,around,forest,ranger,who,speaks,up,against,smuggling,but,will,corrupt,system,stop,him","watch,shatru,dhangso,bengali,movie,online,hoichoi,film,revolves,around,forest,ranger,who,speaks,up,against,smuggling,but,corrupt,system,stop,him",7
Movies,Chupkotha,,Original,Bengali,India,24-08-2018,Yes,Horror,,Horror,2018,A 18+,5,115,115,5,"Mainak Banerjee, Shataf Figar, Akshay Kapoor, Parno Mittra, Anindya Sain","Watch Chupkotha Bengali movie online on hoichoi. A hoichoi horror movie about a journalist looking for a missing girl in Kurseong, with a mysterious phone to help her. Find out more in the hoichoi exclusive movie.",watch chupkotha bengali movie online hoichoi hoichoi horror movie about journalist looking missing girl kurseong mysterious phone help her find out more hoichoi exclusive movie,watch chupkotha bengali movie online,"watch,chupkotha,bengali,movie,online,hoichoi,hoichoi,horror,movie,about,journalist,looking,missing,girl,kurseong,mysterious,phone,help,her,find,out,more,hoichoi,exclusive,movie","watch,chupkotha,bengali,movie,online,hoichoi,hoichoi,horror,movie,about,journalist,looking,missing,girl,kurseong,mysterious,phone,help,find,out,more,hoichoi,exclusive,movie",18
Movies,Laboratory,,Original,Bengali,India,04-12-2018,Yes,Drama,Period,Drama Period,2018,U/A 16+,4,124,124,5.1,"Anirban Bhattacharya, Kaushik Sen, Darshana Banik",Watch Laboratory Bengali movie online on hoichoi. A hoichoi movie based on Tagoreís story about a woman trying to save her husbandís lab and find her daughter a partner. Watch the Anirban Bhattacharya-starrer on hoichoi.,watch laboratory bengali movie online hoichoi hoichoi movie based tagoreís story about woman trying save her husbandís lab find her daughter partner watch anirban bhattacharyastarrer hoichoi,watch laboratory bengali movie online,"watch,laboratory,bengali,movie,online,hoichoi,hoichoi,movie,based,tagoreís,story,about,woman,trying,save,her,husbandís,lab,find,her,daughter,partner,watch,anirban,bhattacharyastarrer,hoichoi","watch,laboratory,bengali,movie,online,hoichoi,hoichoi,movie,based,tagoreís,story,about,woman,trying,save,husbandís,lab,find,daughter,partner,watch,anirban,bhattacharyastarrer,hoichoi",16
Movies,Borodin,,Original,Bengali,India,24-12-2018,Yes,Drama,,Drama,2018,U/A 13+,3,110,110,6.5,"Anjan Dutt, Moon Moon Sen, Joyjit Banerjee, Suprabhat Banerjee, Pubali Bhattacharya",Watch Borodin Bengali movie online on hoichoi. A hoichoi Original film about two former lovers brought together during Christmas during an investigation. Watch the Christmas special movie online on hoichoi.,watch borodin bengali movie online hoichoi hoichoi original film about two former lovers brought together during christmas during investigation watch christmas special movie online hoichoi,watch borodin bengali movie online,"watch,borodin,bengali,movie,online,hoichoi,hoichoi,original,film,about,two,former,lovers,brought,together,during,christmas,during,investigation,watch,christmas,special,movie,online,hoichoi","watch,borodin,bengali,movie,online,hoichoi,hoichoi,original,film,about,two,former,lovers,brought,together,during,christmas,during,investigation,watch,christmas,special,movie,online,hoichoi",13
Movies,Tangra Blues,,Original,Bengali,India,14-04-2021,Yes,Drama,Musical,Drama Musical,2021,U/A 16+,4,140,140,7,"Parambrata Chattopadhyay, Madhumita Sarcar, Samiul Alam, Oishani Dey, Atmadeep Ghosh","Watch Tangra Blues Bengali movie online on hoichoi. After gaining country-wide fame with his bandís offbeat music, Sanjib, an erstwhile gang member, watches helplessly as his band sinks into oblivion. He forms a new band with a group of young slum kids from Tangra. Joyee, a musician from Mumbai, becomes fascinated with the bandís performance and starts getting involved in the unique lives of the bandís members? Will Joyee be able to breahe fresh air into Sanjibís life and turn things around for the band? Watch Tangra Blues Bengali full movie, only on hoichoi.",watch tangra blues bengali movie online hoichoi after gaining countrywide fame his bandís offbeat music sanjib erstwhile gang member watches helplessly his band sinks into oblivion he forms new band group young slum kids tangra joyee musician mumbai becomes fascinated bandís performance starts getting involved unique lives bandís members will joyee able breahe fresh air into sanjibís life turn things around band watch tangra blues bengali full movie only hoichoi,watch tangra blues bengali movie,"watch,tangra,blues,bengali,movie,online,hoichoi,after,gaining,countrywide,fame,his,bandís,offbeat,music,sanjib,erstwhile,gang,member,watches,helplessly,his,band,sinks,into,oblivion,he,forms,new,band,group,young,slum,kids,tangra,joyee,musician,mumbai,becomes,fascinated,bandís,performance,starts,getting,involved,unique,lives,bandís,members,will,joyee,able,breahe,fresh,air,into,sanjibís,life,turn,things,around,band,watch,tangra,blues,bengali,full,movie,only,hoichoi","watch,tangra,blues,bengali,movie,online,hoichoi,after,gaining,countrywide,fame,bandís,offbeat,music,sanjib,erstwhile,gang,member,watches,helplessly,band,sinks,into,oblivion,he,forms,new,band,group,young,slum,kids,tangra,joyee,musician,mumbai,becomes,fascinated,bandís,performance,starts,getting,involved,unique,lives,bandís,members,joyee,able,breahe,fresh,air,into,sanjibís,life,turn,things,around,band,watch,tangra,blues,bengali,full,movie,only,hoichoi",16
Movies,The Silent Artist,,Original,Bengali,India,12-06-2024,Yes,Documentary,Biography,Documentary Biography,2024,U,1,,,,Niranjan Goswami,"Based on the famous Mime artist Niranjan Goswami, this documentary sheds life on the Padmashree award-winning artist's life and contribution to the Indian Mime Theatre.",based famous mime artist niranjan goswami documentary sheds life padmashree awardwinning artists life contribution indian mime theatre,based famous mime artist niranjan,"based,famous,mime,artist,niranjan,goswami,documentary,sheds,life,padmashree,awardwinning,artists,life,contribution,indian,mime,theatre","based,famous,mime,artist,niranjan,goswami,documentary,sheds,life,padmashree,awardwinning,artists,life,contribution,indian,mime,theatre",0
Movies,Hushhh (Hindi),Chupkotha,Original,Hindi,India,01-04-2020,Yes,Horror,,Horror,,A 18+,5,115,115,5,"Mainak Banerjee, Shataf Figar, Akshay Kapoor, Parno Mittra, Anindya Sain","Watch Chupkotha Bengali movie online on hoichoi. A hoichoi horror movie about a journalist looking for a missing girl in Kurseong, with a mysterious phone to help her. Find out more in the hoichoi exclusive movie.",watch chupkotha bengali movie online hoichoi hoichoi horror movie about journalist looking missing girl kurseong mysterious phone help her find out more hoichoi exclusive movie,watch chupkotha bengali movie online,"watch,chupkotha,bengali,movie,online,hoichoi,hoichoi,horror,movie,about,journalist,looking,missing,girl,kurseong,mysterious,phone,help,her,find,out,more,hoichoi,exclusive,movie","watch,chupkotha,bengali,movie,online,hoichoi,hoichoi,horror,movie,about,journalist,looking,missing,girl,kurseong,mysterious,phone,help,find,out,more,hoichoi,exclusive,movie",18
Movies,Laboratory (Hindi),Laboratory,Original,Hindi,India,22-09-2023,Yes,Drama,Period,Drama Period,,U/A 16+,4,124,124,5.1,"Anirban Bhattacharya, Kaushik Sen, Darshana Banik",Watch Laboratory Bengali movie online on hoichoi. A hoichoi movie based on Tagoreís story about a woman trying to save her husbandís lab and find her daughter a partner. Watch the Anirban Bhattacharya-starrer on hoichoi.,watch laboratory bengali movie online hoichoi hoichoi movie based tagoreís story about woman trying save her husbandís lab find her daughter partner watch anirban bhattacharyastarrer hoichoi,watch laboratory bengali movie online,"watch,laboratory,bengali,movie,online,hoichoi,hoichoi,movie,based,tagoreís,story,about,woman,trying,save,her,husbandís,lab,find,her,daughter,partner,watch,anirban,bhattacharyastarrer,hoichoi","watch,laboratory,bengali,movie,online,hoichoi,hoichoi,movie,based,tagoreís,story,about,woman,trying,save,husbandís,lab,find,daughter,partner,watch,anirban,bhattacharyastarrer,hoichoi",16
Movies,The Christmas Secret (Hindi),Borodin,Original,Hindi,India,23-12-2023,Yes,Drama,,Drama,,U/A 13+,3,110,110,6.5,"Anjan Dutt, Moon Moon Sen, Joyjit Banerjee, Suprabhat Banerjee, Pubali Bhattacharya",Watch Borodin Bengali movie online on hoichoi. A hoichoi Original film about two former lovers brought together during Christmas during an investigation. Watch the Christmas special movie online on hoichoi.,watch borodin bengali movie online hoichoi hoichoi original film about two former lovers brought together during christmas during investigation watch christmas special movie online hoichoi,watch borodin bengali movie online,"watch,borodin,bengali,movie,online,hoichoi,hoichoi,original,film,about,two,former,lovers,brought,together,during,christmas,during,investigation,watch,christmas,special,movie,online,hoichoi","watch,borodin,bengali,movie,online,hoichoi,hoichoi,original,film,about,two,former,lovers,brought,together,during,christmas,during,investigation,watch,christmas,special,movie,online,hoichoi",13
Movies,The Silent Artist (Hindi),The Silent Artist,Original,Hindi,India,12-06-2024,Yes,Documentary,Biography,Documentary Biography,2024,U,1,,,,Niranjan Goswami,"Based on the famous Mime artist Niranjan Goswami, this documentary sheds life on the Padmashree award-winning artist's life and contribution to the Indian Mime Theatre.",based famous mime artist niranjan goswami documentary sheds life padmashree awardwinning artists life contribution indian mime theatre,based famous mime artist niranjan,"based,famous,mime,artist,niranjan,goswami,documentary,sheds,life,padmashree,awardwinning,artists,life,contribution,indian,mime,theatre","based,famous,mime,artist,niranjan,goswami,documentary,sheds,life,padmashree,awardwinning,artists,life,contribution,indian,mime,theatre",0
